<?xml version="1.0" encoding="UTF-8"?>
<?asciidoc-toc?>
<?asciidoc-numbered?>
<book xmlns="http://docbook.org/ns/docbook" xmlns:xl="http://www.w3.org/1999/xlink" version="5.0" xml:lang="en">
<info>
<title><inlinemediaobject>
<imageobject>
<imagedata fileref="images/arc42-logo.png"/>
</imageobject>
<textobject><phrase>arc42</phrase></textobject>
</inlinemediaobject> 模板</title>
<date>7月 2025</date>
<revhistory>
<revision>
<revnumber>9.0-ZH</revnumber>
<date>7月 2025</date>
<revremark>(基于 AsciiDoc 版本)</revremark>
</revision>
</revhistory>
</info>
<preface>
<title></title>
<simpara><emphasis role="strong">关于 arc42</emphasis></simpara>
<simpara role="lead">arc42，软件和系统架构文档模板。</simpara>
<simpara>模板版本 9.0-ZH。(基于 AsciiDoc 版本)，7月 2025</simpara>
<simpara>由 Dr. Peter Hruschka、Dr. Gernot Starke 及贡献者创建、维护和版权所有。
参见 <link xl:href="https://arc42.org">https://arc42.org</link> 。</simpara>
<simpara><?asciidoc-hr?></simpara>
<sidebar role="arc42help">
<note>
<simpara>此模板版本包含一些帮助和说明。它用于熟悉 arc42 以及理解概念。
对于您自己的系统文档，最好使用 <emphasis>纯文本</emphasis> 版本。</simpara>
</note>
</sidebar>
<simpara><?asciidoc-pagebreak?></simpara>
</preface>
<chapter xml:id="section-introduction-and-goals">
<title>引言与目标</title>
<sidebar role="arc42help">
<simpara>描述软件架构师和开发团队必须考虑的相关要求和动机,这些包括:</simpara>
<itemizedlist>
<listitem>
<simpara>潜在的业务目标,</simpara>
</listitem>
<listitem>
<simpara>关键特性，</simpara>
</listitem>
<listitem>
<simpara>基本功能需求，</simpara>
</listitem>
<listitem>
<simpara>架构的质量目标以及相关干系人及其期望</simpara>
</listitem>
</itemizedlist>
</sidebar>
<section xml:id="_需求概述">
<title>需求概述</title>
<sidebar role="arc42help">
<formalpara>
<title>内容</title>
<para>功能需求、动机、需求的摘要（或抽象）的简短描述。
链接到（现有的）需求文档（带有版本号和存放位置）。</para>
</formalpara>
<formalpara>
<title>动机</title>
<para>从最终用户的角度来看，创建或修改系统是为了改进对业务活动的支持和/或提高质量。</para>
</formalpara>
<formalpara>
<title>形式</title>
<para>简短的文本描述，可能采用表格用例格式。
如果需求文档存在，此概述应引用这些文档。</para>
</formalpara>
<simpara>保持这些摘录尽可能简短。在本文档的可读性与需求文档的潜在冗余之间取得平衡。</simpara>
<formalpara>
<title>更多信息</title>
<para>参见 arc42 文档中的 <link xl:href="https://docs.arc42.org/section-1/">引言与目标</link>.</para>
</formalpara>
</sidebar>
</section>
<section xml:id="_质量目标">
<title>质量目标</title>
<sidebar role="arc42help">
<formalpara>
<title>内容</title>
<para>架构需要满足主要干系人的最重要的前三个（最多五个）质量目标.
我们真正指的是架构的质量目标。不要将它们与项目目标混淆，二者不一定相同.</para>
</formalpara>
<simpara>考虑以下潜在主题概述 (基于 ISO 25010 标准):</simpara>
<informalfigure>
<mediaobject>
<imageobject>
<imagedata fileref="images/01_2_iso-25010-topics-ZH-2023.drawio.png"/>
</imageobject>
<textobject><phrase>质量需求类别</phrase></textobject>
</mediaobject>
</informalfigure>
<formalpara>
<title>动机</title>
<para>您应该了解最重要干系人的质量目标，因为它们将影响基本的架构决策。
确保对这些质量要求非常具体，避免流行语。
如果您作为架构师不知道如何评判您工作的质量&#8230;&#8203;</para>
</formalpara>
<formalpara>
<title>形式</title>
<para>包含质量目标和具体场景的表格，按优先级排序</para>
</formalpara>
</sidebar>
</section>
<section xml:id="_干系人">
<title>干系人</title>
<sidebar role="arc42help">
<formalpara>
<title>内容</title>
<para>系统干系人的明确概述，即所有人员、角色或组织：</para>
</formalpara>
<itemizedlist>
<listitem>
<simpara>应当了解架构的人</simpara>
</listitem>
<listitem>
<simpara>必须信任架构的人</simpara>
</listitem>
<listitem>
<simpara>必须依赖架构或代码开展工作的人</simpara>
</listitem>
<listitem>
<simpara>依赖架构文档工作的人</simpara>
</listitem>
<listitem>
<simpara>对系统或系统的开发必须做决策的人</simpara>
</listitem>
</itemizedlist>
<formalpara>
<title>起因</title>
<para>您应该了解参与系统开发或受系统影响的所有各方,否则在开发过程的后期，您可能会遇到令人不快的意外。
这些干系人决定了您工作及其结果的范围和详细程度。</para>
</formalpara>
<formalpara>
<title>形式</title>
<para>包含角色名称、人员姓名以及他们对架构及其文档期望的表格。</para>
</formalpara>
</sidebar>
<informaltable frame="all" rowsep="1" colsep="1">
<tgroup cols="3">
<colspec colname="col_1" colwidth="20*"/>
<colspec colname="col_2" colwidth="40*"/>
<colspec colname="col_3" colwidth="40*"/>
<thead>
<row>
<entry align="left" valign="top">角色/姓名</entry>
<entry align="left" valign="top">联系方式</entry>
<entry align="left" valign="top">期望</entry>
</row>
</thead>
<tbody>
<row>
<entry align="left" valign="top"><simpara><emphasis>&lt;角色-1&gt;</emphasis></simpara></entry>
<entry align="left" valign="top"><simpara><emphasis>&lt;联系方式-1&gt;</emphasis></simpara></entry>
<entry align="left" valign="top"><simpara><emphasis>&lt;期望-1&gt;</emphasis></simpara></entry>
</row>
<row>
<entry align="left" valign="top"><simpara><emphasis>&lt;角色-2&gt;</emphasis></simpara></entry>
<entry align="left" valign="top"><simpara><emphasis>&lt;联系方式-2&gt;</emphasis></simpara></entry>
<entry align="left" valign="top"><simpara><emphasis>&lt;期望-2&gt;</emphasis></simpara></entry>
</row>
</tbody>
</tgroup>
</informaltable>
<simpara><?asciidoc-pagebreak?></simpara>
</section>
</chapter>
<chapter xml:id="section-architecture-constraints">
<title>架构约束</title>
<sidebar role="arc42help">
<formalpara>
<title>内容</title>
<para>任何约束软件架构师在设计和实现决策自由度或开发过程决策的需求。这些约束有时超越个别系统，对整个组织和公司都有效。</para>
</formalpara>
<formalpara>
<title>动机</title>
<para>架构师应该明确知道他们在设计决策中的自由度在哪里，以及必须遵守约束的地方。
尽管约束是可以协商讨论的，但必须始终受到关注。</para>
</formalpara>
<formalpara>
<title>形式</title>
<para>带有解释的简单约束表格。
如有需要，您可以结合实践将其细分为：技术约束、组织和政治约束以及约定（例如编程或版本控制指南、文档或命名约定）</para>
</formalpara>
<formalpara>
<title>更多信息</title>
<para>参见 arc42 文档中的 <link xl:href="https://docs.arc42.org/section-2/">架构约束</link>。</para>
</formalpara>
</sidebar>
<simpara><?asciidoc-pagebreak?></simpara>
</chapter>
<chapter xml:id="section-context-and-scope">
<title>上下文和边界</title>
<sidebar role="arc42help">
<formalpara>
<title>内容</title>
<para>系统边界和上下文，顾名思义就是将您的系统（即边界范围）与其所有通信方（周边系统和用户，即您系统的上下文）界定清晰。因此，它决定了外部接口的设计。
如有必要，请区分业务上下文（特定领域的输入和输出）和技术上下文（信道、协议、硬件）。</para>
</formalpara>
<formalpara>
<title>动机</title>
<para>与通信方的领域接口和技术接口是系统最关键的部分，请确保您完全了解它们</para>
</formalpara>
<formalpara>
<title>形式</title>
<para>有以下几种选择:</para>
</formalpara>
<itemizedlist>
<listitem>
<simpara>下文关系图</simpara>
</listitem>
<listitem>
<simpara>通信方及其接口列表</simpara>
</listitem>
</itemizedlist>
<formalpara>
<title>更多信息</title>
<para>参见 arc42 文档中的 <link xl:href="https://docs.arc42.org/section-3/">上下文和边界</link>。</para>
</formalpara>
</sidebar>
<section xml:id="_业务上下文">
<title>业务上下文</title>
<sidebar role="arc42help">
<formalpara>
<title>内容</title>
<para><emphasis role="strong">所有</emphasis> 通信方（例如：用户、IT系统等）的规范，并解释特定领域的输入和输出或接口。
您可以选择添加特定领域的格式或通信协议。</para>
</formalpara>
<formalpara>
<title>动机</title>
<para>所有干系人都应该了解哪些数据在系统间流转。</para>
</formalpara>
<formalpara>
<title>形式</title>
<para>将系统显示为黑盒并指定与通信方的域接口的各种图表。
或者您可以（另外）附加一个表格。
此外，您还可以使用表格。表格的标题为系统名称，表格内容包含三列，分别是通信方名称、输入和输出。</para>
</formalpara>
</sidebar>
<simpara><emphasis role="strong">&lt;图表或表格&gt;</emphasis></simpara>
<simpara><emphasis role="strong">&lt;可选：外部领域接口的解释&gt;</emphasis></simpara>
</section>
<section xml:id="_技术上下文">
<title>技术上下文</title>
<sidebar role="arc42help">
<formalpara>
<title>内容</title>
<para>技术接口（信道和传输介质）将您的系统与其环境连接起来。此外，将特定领域的输入/输出映射到信道上，即解释哪些输入/输出使用哪些信道。</para>
</formalpara>
<formalpara>
<title>动机</title>
<para>许多干系人基于系统与其上下文之间的技术接口做出架构决策。特别是基础设施或硬件设计师决定这些技术接口。</para>
</formalpara>
<formalpara>
<title>形式</title>
<para>例如，描述信道到相邻系统的 UML 部署图，以及展示信道与输入/输出之间关系的映射表。</para>
</formalpara>
</sidebar>
<simpara><emphasis role="strong">&lt;图表或表格&gt;</emphasis></simpara>
<simpara><emphasis role="strong">&lt;可选：技术接口的解释&gt;</emphasis></simpara>
<simpara><emphasis role="strong">&lt;输入、输出与信道之间的映射关系&gt;</emphasis></simpara>
<simpara><?asciidoc-pagebreak?></simpara>
</section>
</chapter>
<chapter xml:id="section-solution-strategy">
<title>解决方案策略</title>
<sidebar role="arc42help">
<formalpara>
<title>内容</title>
<para>塑造系统架构的基本决策和解决方案策略的简短总结和解释。它包括</para>
</formalpara>
<itemizedlist>
<listitem>
<simpara>技术决策</simpara>
</listitem>
<listitem>
<simpara>关于系统顶层分解的决策，例如使用架构模式或设计模式</simpara>
</listitem>
<listitem>
<simpara>关于如何实现关键质量目标的决策</simpara>
</listitem>
<listitem>
<simpara>相关的组织决策，例如选择开发过程或将某些任务委托给第三方。</simpara>
</listitem>
</itemizedlist>
<formalpara>
<title>动机</title>
<para>这些决策构成了您架构的基石。它们是许多其他详细决策或实现规则的基础。</para>
</formalpara>
<formalpara>
<title>形式</title>
<para>做出的决策的起因，以及为什么做出这样的决定，
基于问题陈述、质量目标和关键约束。请参阅以下章节中的详细信息（第5节是结构细节，第8节是跨领域概念）。</para>
</formalpara>
<formalpara>
<title>更多信息</title>
<para>参见 arc42 文档中的 <link xl:href="https://docs.arc42.org/section-4/">解决方案策略</link>。</para>
</formalpara>
</sidebar>
<simpara><?asciidoc-pagebreak?></simpara>
</chapter>
<chapter xml:id="section-building-block-view">
<title>构建块视图</title>
<sidebar role="arc42help">
<formalpara>
<title>内容</title>
<para>构建块视图显示系统静态分解为构建块（模块、组件、子系统、类、接口、软件包、库、框架、层、分区、层、函数、宏、操作、数据结构&#8230;&#8203;&#8230;&#8203;）及其依赖关系（关系、关联&#8230;&#8203;&#8230;&#8203;）
此视图对每个架构文档都是必需的。
相当于房子的 <emphasis>平面图</emphasis>。</para>
</formalpara>
<formalpara>
<title>动机</title>
<para>通过抽象使源代码结构可理解，保持对源代码的概览。
这允许您在抽象层面与干系人沟通，而不披露实现细节。</para>
</formalpara>
<formalpara>
<title>形式</title>
<para>构建块视图是黑盒和白盒的层次集合（见下图）及其描述。</para>
</formalpara>
<itemizedlist>
<listitem>
<simpara>黑盒：重点描述单个构建块的责任和接口, 不暴露内部实现</simpara>
</listitem>
<listitem>
<simpara>白盒：通常通过图表和一些文本来解释“更高层级的黑匣子”的内部结构和内部接口。</simpara>
</listitem>
</itemizedlist>
<informalfigure>
<mediaobject>
<imageobject>
<imagedata fileref="images/05_building_blocks-ZH.drawio.png"/>
</imageobject>
<textobject><phrase>构建块层次</phrase></textobject>
</mediaobject>
</informalfigure>
<simpara><emphasis role="strong">级别1</emphasis> 是整个系统的白盒描述以及所有包含构建块的黑盒描述。</simpara>
<simpara><emphasis role="strong">级别2</emphasis> 展开"级别1"的某些构建块。它包含1级选定构建块的白盒描述，以及其内部构建块的黑盒描述。</simpara>
<simpara><emphasis role="strong">级别3</emphasis> （上图中未体现）展开"级别2"的选定构建块，以此类推。</simpara>
<blockquote>
<simpara>在上图中，每个圆角矩形代表一个白盒，该白盒应由白盒模板的一个图标来记录。在具体的文档中，您不需要在单个图表中展示整个层次结构！</simpara>
</blockquote>
<formalpara>
<title>更多信息</title>
<para>参见 arc42 文档中的 <link xl:href="https://docs.arc42.org/section-5/">构建块视图</link>。</para>
</formalpara>
</sidebar>
<section xml:id="_整体系统">
<title>整体系统</title>
<sidebar role="arc42help">
<simpara>在这里，您使用以下白盒模板描述整个系统的分解。它包含</simpara>
<itemizedlist>
<listitem>
<simpara>概览图</simpara>
</listitem>
<listitem>
<simpara>分解的动机</simpara>
</listitem>
<listitem>
<simpara>包含构建块的黑盒描述。为此我们为您提供替代方案：</simpara>
<itemizedlist>
<listitem>
<simpara>使用 <emphasis>一个</emphasis> 表格进行简短和实用的所有包含构建块及其接口的概览</simpara>
</listitem>
<listitem>
<simpara>根据黑盒模板（见下文），使用构建块的黑盒描述列表。根据您选择的工具，此列表可以是子章节（在文本文件中）、子页面（在 Wiki 中）或嵌套元素（在建模工具中）。</simpara>
</listitem>
</itemizedlist>
</listitem>
<listitem>
<simpara>（可选）重要接口，这些接口在构建块的黑盒模板中没有解释，但对于理解白盒非常重要。</simpara>
</listitem>
</itemizedlist>
<simpara>既然有这么多描述接口的方法，为什么不提供一个具体的模板呢？
在最坏的情况下，您必须指定和描述语法、语义、协议、错误处理、限制、版本、质量、必要的兼容性以及许多其他内容。
在理想情况下，您可能只需要通过示例或简单的签名就能解决问题。</simpara>
</sidebar>
<simpara><emphasis><emphasis role="strong">&lt;概览图&gt;</emphasis></emphasis></simpara>
<variablelist>
<varlistentry>
<term>动机</term>
<listitem>
<simpara><emphasis>&lt;文字说明&gt;</emphasis></simpara>
</listitem>
</varlistentry>
<varlistentry>
<term>包含的构建块</term>
<listitem>
<simpara><emphasis>&lt;包含构建块（黑盒）的描述&gt;</emphasis></simpara>
</listitem>
</varlistentry>
<varlistentry>
<term>重要接口</term>
<listitem>
<simpara><emphasis>&lt;对于重要接口的描述&gt;</emphasis></simpara>
</listitem>
</varlistentry>
</variablelist>
<sidebar role="arc42help">
<simpara>插入你对第一层黑盒的说明:</simpara>
<simpara>如果您使用表格形式，您将仅根据以下模式描述具有名称和职责的黑黑盒：</simpara>
<informaltable frame="all" rowsep="1" colsep="1">
<tgroup cols="2">
<colspec colname="col_1" colwidth="33.3333*"/>
<colspec colname="col_2" colwidth="66.6667*"/>
<thead>
<row>
<entry align="left" valign="top"><emphasis role="strong">名称</emphasis></entry>
<entry align="left" valign="top"><emphasis role="strong">职责</emphasis></entry>
</row>
</thead>
<tbody>
<row>
<entry align="left" valign="top"><simpara><emphasis>&lt;黑盒 1&gt;</emphasis></simpara></entry>
<entry align="left" valign="top"><simpara><emphasis>&lt;文字说明&gt;</emphasis></simpara></entry>
</row>
<row>
<entry align="left" valign="top"><simpara><emphasis>&lt;黑盒 2&gt;</emphasis></simpara></entry>
<entry align="left" valign="top"><simpara><emphasis>&lt;文字说明&gt;</emphasis></simpara></entry>
</row>
</tbody>
</tgroup>
</informaltable>
<simpara>如果你使用黑盒描述列表，那么你需要为每个重要的构建块填写一个单独的黑盒模板。它的标题就是黑盒的名称。</simpara>
</sidebar>
<section xml:id="_黑盒_1">
<title>&lt;黑盒 1&gt;</title>
<sidebar role="arc42help">
<simpara>这里您可以根据以下 <emphasis>黑盒模板</emphasis> 描述&lt; 黑盒 1&gt;</simpara>
<itemizedlist>
<listitem>
<simpara>目的/责任</simpara>
</listitem>
<listitem>
<simpara>接口列表（当它们未提取为单独的段落时）。这些接口可能包含质量和性能特征。</simpara>
</listitem>
<listitem>
<simpara>（可选）黑盒的质量/性能特征，例如可用性、运行时行为等。</simpara>
</listitem>
<listitem>
<simpara>（可选）目录/文件路径</simpara>
</listitem>
<listitem>
<simpara>（可选）已满足的要求（如果您需要对要求的可追溯性）。</simpara>
</listitem>
<listitem>
<simpara>（可选）未解决的问题/问题/风险</simpara>
</listitem>
</itemizedlist>
</sidebar>
<simpara><emphasis>&lt;目的/责任&gt;</emphasis></simpara>
<simpara><emphasis>&lt;接口列表&gt;</emphasis></simpara>
<simpara><emphasis>&lt;（可选）质量/性能特征&gt;</emphasis></simpara>
<simpara><emphasis>&lt;（可选）目录/文件路径&gt;</emphasis></simpara>
<simpara><emphasis>&lt;（可选）已满足的要求&gt;</emphasis></simpara>
<simpara><emphasis>&lt;（可选）未解决的问题/难题/风险&gt;</emphasis></simpara>
</section>
<section xml:id="_黑盒_2">
<title>&lt;黑盒 2&gt;</title>
<simpara><emphasis>&lt;黑盒模板&gt;</emphasis></simpara>
</section>
<section xml:id="_黑盒_n">
<title>&lt;黑盒 n&gt;</title>
<simpara><emphasis>&lt;黑盒模板&gt;</emphasis></simpara>
</section>
<section xml:id="_接口_1">
<title>&lt;接口 1&gt;</title>
<simpara>&#8230;&#8203;</simpara>
</section>
<section xml:id="_接口_m">
<title>&lt;接口 m&gt;</title>

</section>
</section>
<section xml:id="_级别2">
<title>级别2</title>
<sidebar role="arc42help">
<simpara>在这里，您可以将"级别1"中的（一些）构建块的内部结构作为白盒进行详细描述。
你必须选出系统中足够重要的构建块，以证明如此详细的描述是合理的。
请选择相关性而非完整性。指定重要、令人意外、有风险、复杂或不稳定的构建块。
暂时忽略系统中正常、简单、无聊或标准化的部分</simpara>
</sidebar>
<section xml:id="_白盒_构件块_1">
<title>白盒 <emphasis>&lt;构件块 1&gt;</emphasis></title>
<sidebar role="arc42help">
<simpara>&#8230;&#8203;描述 <emphasis>构建块 1</emphasis> 的内部结构</simpara>
</sidebar>
<simpara><emphasis>&lt;白盒模板&gt;</emphasis></simpara>
</section>
<section xml:id="_白盒_构件块_2">
<title>白盒 <emphasis>&lt;构件块 2&gt;</emphasis></title>
<simpara><emphasis>&lt;白盒模板&gt;</emphasis></simpara>
<simpara>&#8230;&#8203;</simpara>
</section>
<section xml:id="_白盒_构件块_m">
<title>白盒 <emphasis>&lt;构件块 m&gt;</emphasis></title>
<simpara><emphasis>&lt;白盒模板&gt;</emphasis></simpara>
</section>
</section>
<section xml:id="_级别3">
<title>级别3</title>
<sidebar role="arc42help">
<simpara>在这里，您可以将”级别2“的（一些）构建块的内部结构作为白盒进行详细描述。
当您需要更详细的架构级别时，可以复制此内容。</simpara>
</sidebar>
<section xml:id="_白盒_构件块_x_1">
<title>白盒 &lt;_构件块 x.1_&gt;</title>
<sidebar role="arc42help">
<simpara>详细描述 <emphasis>构件块 x.1</emphasis> 的内部结构.</simpara>
</sidebar>
<simpara><emphasis>&lt;白盒模板&gt;</emphasis></simpara>
</section>
<section xml:id="_白盒_构件块_x_2">
<title>白盒 &lt;_构件块 x.2_&gt;</title>
<simpara><emphasis>&lt;白盒模板&gt;</emphasis></simpara>
</section>
<section xml:id="_白盒_构件块_y_1">
<title>白盒 &lt;_构件块 y.1_&gt;</title>
<simpara><emphasis>&lt;白盒模板&gt;</emphasis></simpara>
<simpara><?asciidoc-pagebreak?></simpara>
</section>
</section>
</chapter>
<chapter xml:id="section-runtime-view">
<title>运行时视图</title>
<sidebar role="arc42help">
<formalpara>
<title>内容</title>
<para>运行时视图以场景形式描述系统构建块的具体行为和交互，涵盖以下领域：</para>
</formalpara>
<itemizedlist>
<listitem>
<simpara>重要用例或特性：构建块如何执行它们？</simpara>
</listitem>
<listitem>
<simpara>关键外部接口的交互：构建块如何与用户和相邻系统协作？</simpara>
</listitem>
<listitem>
<simpara>操作和管理：启动、开始、停止</simpara>
</listitem>
<listitem>
<simpara>错误和异常场景</simpara>
</listitem>
</itemizedlist>
<simpara>备注：选择可能场景（序列、工作流）的主要标准是它们的 <emphasis role="strong">架构相关性</emphasis> 。描述大量场景并 <emphasis role="strong">不</emphasis> 重要。您应该记录有代表性的选择。</simpara>
<formalpara>
<title>动机</title>
<para>您应该了解系统构建块的（实例）如何在运行时执行其工作和通信。
您主要在文档中捕获场景，以向那些不太愿意或不能阅读和理解静态模型（构建块视图、部署视图）的干系人传达您的架构。</para>
</formalpara>
<formalpara>
<title>形式</title>
<para>有许多描述场景的记号，例如</para>
</formalpara>
<itemizedlist>
<listitem>
<simpara>编号步骤列表（自然语言）</simpara>
</listitem>
<listitem>
<simpara>活动图或流程图</simpara>
</listitem>
<listitem>
<simpara>序列图</simpara>
</listitem>
<listitem>
<simpara>BPMN 或 EPC（事件过程链）</simpara>
</listitem>
<listitem>
<simpara>状态机</simpara>
</listitem>
<listitem>
<simpara>&#8230;&#8203;</simpara>
</listitem>
</itemizedlist>
<formalpara>
<title>更多信息</title>
<para>参见 arc42 文档中的 <link xl:href="https://docs.arc42.org/section-6/">运行时视图</link>。</para>
</formalpara>
</sidebar>
<section xml:id="_运行时场景_1">
<title>&lt;运行时场景 1&gt;</title>
<itemizedlist>
<listitem>
<simpara><emphasis>&lt;插入场景的运行时图表或文本描述&gt;</emphasis></simpara>
</listitem>
<listitem>
<simpara><emphasis>&lt;插入此图中的构建模块实例之间交互关系的注意事项。&gt;</emphasis></simpara>
</listitem>
</itemizedlist>
</section>
<section xml:id="_运行时场景_2">
<title>&lt;运行时场景 2&gt;</title>

</section>
<section xml:id="">
<title>&#8230;&#8203;</title>

</section>
<section xml:id="_运行时场景_n">
<title>&lt;运行时场景 n&gt;</title>
<simpara><?asciidoc-pagebreak?></simpara>
</section>
</chapter>
<chapter xml:id="section-deployment-view">
<title>部署视图</title>
<sidebar role="arc42help">
<formalpara>
<title>内容</title>
<para>部署视图描述：</para>
</formalpara>
<simpara>1.用于执行系统的技术基础设施，包括地理位置、环境、计算机、处理器、信道和网络拓扑等基础设施要素
2.（软件）构建块到这些基础设施要素的映射。</simpara>
<simpara>通常系统在不同环境中执行，例如开发环境、测试环境、生产环境。在这种情况下，您应该记录所有相关环境。</simpara>
<simpara>特别是当您的软件作为分布式系统在多台计算机、处理器、服务器或容器上执行时，或者当您设计和构建自己的硬件处理器和芯片时，应记录部署视图。</simpara>
<simpara>从软件角度来看，仅捕获显示构建块部署所需的基础设施要素就足够了。硬件架构师可以超越这一点，根据需要的任何详细级别描述基础设施。</simpara>
<formalpara>
<title>动机</title>
<para>软件无法在没有硬件的情况下运行。
这个底层基础设施可以并将影响系统和/或一些横切关注点。因此，需要了解基础设施。</para>
</formalpara>
<formalpara>
<title>形式</title>
<para>也许最高级别的部署图已经包含在第 3.2 节中，作为技术上下文，将您自己的基础设施作为一个黑盒。在本节中，可以使用额外的部署图放大此黑盒：</para>
</formalpara>
<itemizedlist>
<listitem>
<simpara>UML 提供部署图来表达该视图。当您的基础设施更复杂时，使用它，可能使用嵌套图。</simpara>
</listitem>
<listitem>
<simpara>当您的（硬件）干系人偏好其他类型的图表而不是部署图时，让他们使用任何能够显示基础设施节点和信道的类型。</simpara>
</listitem>
</itemizedlist>
<formalpara>
<title>更多信息</title>
<para>参见 arc42 文档中的 <link xl:href="https://docs.arc42.org/section-7/">部署视图</link>。</para>
</formalpara>
</sidebar>
<section xml:id="_基础设施级别_1">
<title>基础设施级别 1</title>
<sidebar role="arc42help">
<simpara>描述（通常结合图表、表格和文本）：</simpara>
<itemizedlist>
<listitem>
<simpara>系统到多个位置、环境、计算机、处理器等的分布，以及它们之间的物理连接</simpara>
</listitem>
<listitem>
<simpara>这种部署结构的重要理由或动机</simpara>
</listitem>
<listitem>
<simpara>此基础设施的质量和/或性能特征</simpara>
</listitem>
<listitem>
<simpara>软件制品到此基础设施要素的映射</simpara>
</listitem>
</itemizedlist>
<simpara>对于多个环境或替代部署，请为所有相关环境复制和适配 arc42 的此部分。</simpara>
</sidebar>
<simpara><emphasis><emphasis role="strong">&lt;概览图&gt;</emphasis></emphasis></simpara>
<variablelist>
<varlistentry>
<term>动机</term>
<listitem>
<simpara><emphasis>&lt;文本形式的解释&gt;</emphasis></simpara>
</listitem>
</varlistentry>
<varlistentry>
<term>质量和/或性能特征</term>
<listitem>
<simpara><emphasis>&lt;文本形式的解释&gt;</emphasis></simpara>
</listitem>
</varlistentry>
<varlistentry>
<term>构建块到基础设施的映射</term>
<listitem>
<simpara><emphasis>&lt;映射的描述&gt;</emphasis></simpara>
</listitem>
</varlistentry>
</variablelist>
</section>
<section xml:id="_基础设施级别_2">
<title>基础设施级别 2</title>
<sidebar role="arc42help">
<simpara>在这里您可以包含来自级别 1 的（某些）基础设施要素的内部结构。</simpara>
<simpara>请为每个选定元素从级别 1 复制结构。</simpara>
</sidebar>
<section xml:id="_基础设施要素_1">
<title><emphasis>&lt;基础设施要素 1&gt;</emphasis></title>
<simpara><emphasis>&lt;图表 + 解释&gt;</emphasis></simpara>
</section>
<section xml:id="_基础设施要素_2">
<title><emphasis>&lt;基础设施要素 2&gt;</emphasis></title>
<simpara><emphasis>&lt;图表 + 解释&gt;</emphasis></simpara>
<simpara>&#8230;&#8203;</simpara>
</section>
<section xml:id="_基础设施要素_n">
<title><emphasis>&lt;基础设施要素 n&gt;</emphasis></title>
<simpara><emphasis>&lt;图表 + 解释&gt;</emphasis></simpara>
<simpara><?asciidoc-pagebreak?></simpara>
</section>
</section>
</chapter>
<chapter xml:id="section-concepts">
<title>跨领域概念</title>
<sidebar role="arc42help">
<formalpara>
<title>内容</title>
<para>本节描述跨领域（实践、模式、规则或解决方案思路）。这些概念通常与多个构建块相关。
它们可能包括许多不同主题，如下图所示的主题：</para>
</formalpara>
<informalfigure>
<mediaobject>
<imageobject>
<imagedata fileref="images/08-concepts-ZH.drawio.png"/>
</imageobject>
<textobject><phrase>跨领域概念的潜在主题</phrase></textobject>
</mediaobject>
</informalfigure>
<formalpara>
<title>动机</title>
<para>概念构成架构 <emphasis>概念完整性</emphasis>（一致性、同质性）的基础。
因此，它们是实现系统内在质量的重要贡献。</para>
</formalpara>
<simpara>这是我们在模板中为此类概念的内聚规范提供的位置。</simpara>
<simpara>许多这些概念涉及或影响您的多个构建块。</simpara>
<formalpara>
<title>形式</title>
<para>形式可以多样：</para>
</formalpara>
<itemizedlist>
<listitem>
<simpara>具有任何结构的概念文档</simpara>
</listitem>
<listitem>
<simpara>示例实现，特别是技术概念</simpara>
</listitem>
<listitem>
<simpara>使用架构视图标记的跨领域模型的摘录或场景</simpara>
</listitem>
</itemizedlist>
<formalpara>
<title>结构</title>
<para>仅为您的系统挑选 <emphasis role="strong">最需要的</emphasis> 主题，并在此节中为每个主题分配二级标题（例如 8.1、8.2 等）。</para>
</formalpara>
<simpara>不要 <emphasis role="strong">试图</emphasis> 涵盖上述图表的所有主题。</simpara>
<formalpara>
<title>更多信息</title>
<para>系统内的某些主题通常涉及多个构建块、硬件元素或开发流程。
在中心位置传达或记录此类 <emphasis>跨领域</emphasis> 主题可能更容易，而不是在相关构建块、硬件元素或开发过程的描述中重复它们。</para>
</formalpara>
<simpara>某些概念可能涉及系统的 <emphasis role="strong">所有</emphasis> 元素，其他概念可能仅与少数元素相关。
在上图中，日志记录涉及所有三个构件，而安全性仅与两个构件相关。</simpara>
<simpara>参见 arc42 文档中的 <link xl:href="https://docs.arc42.org/section-8/">概念</link>。</simpara>
</sidebar>
<section xml:id="_概念_1">
<title><emphasis>&lt;概念 1&gt;</emphasis></title>
<simpara><emphasis>&lt;解释&gt;</emphasis></simpara>
</section>
<section xml:id="_概念_2">
<title><emphasis>&lt;概念 2&gt;</emphasis></title>
<simpara><emphasis>&lt;解释&gt;</emphasis></simpara>
<simpara>&#8230;&#8203;</simpara>
</section>
<section xml:id="_概念_n">
<title><emphasis>&lt;概念 n&gt;</emphasis></title>
<simpara><emphasis>&lt;解释&gt;</emphasis></simpara>
<simpara><?asciidoc-pagebreak?></simpara>
</section>
</chapter>
<chapter xml:id="section-design-decisions">
<title>架构决策</title>
<sidebar role="arc42help">
<formalpara>
<title>内容</title>
<para>重要的、需要付出高成本的、影响较大范围或存在较高风险的架构决策及其缘由注释。
我们所说的"决策"是指基于给定标准选择一个替代方案。</para>
</formalpara>
<simpara>请运用您的判断来决定是否应该在此中心部分记录架构决策，或者您最好在本地记录它（例如，在一个构建块的白盒模板内）。</simpara>
<simpara>避免冗余。
参考第 4 节，您已经在那里捕获了架构的最重要决策。</simpara>
<formalpara>
<title>动机</title>
<para>您系统的干系人应该能够理解和追溯您的决策。</para>
</formalpara>
<formalpara>
<title>形式</title>
<para>各种选择：</para>
</formalpara>
<itemizedlist>
<listitem>
<simpara>每个重要决策的 ADR (<link xl:href="https://cognitect.com/blog/2011/11/15/documenting-architecture-decisions">架构决策记录</link>)</simpara>
</listitem>
<listitem>
<simpara>按重要性和后果排序的列表或表格，或：
每个决策记录都以独立的部分呈现，以体现更多详情</simpara>
</listitem>
</itemizedlist>
<formalpara>
<title>更多信息</title>
<para>参见 arc42 文档中的 <link xl:href="https://docs.arc42.org/section-9/">架构决策</link>。
您将在那里找到关于 ADR 的链接和示例。</para>
</formalpara>
</sidebar>
<simpara><?asciidoc-pagebreak?></simpara>
</chapter>
<chapter xml:id="section-quality-scenarios">
<title>质量需求</title>
<sidebar role="arc42help">
<formalpara>
<title>内容</title>
<para>本节包含所有相关的质量需求。</para>
</formalpara>
<simpara>其中最重要的需求已经在第 1.2 节（质量目标）中描述，因此在这里应该只是引用它们。
在本节中，您还应该捕获重要性较低的质量需求，这些需求如果没有完全实现不会产生高风险（但可能是 <emphasis>不错的质量需求</emphasis>）。</simpara>
<formalpara>
<title>动机</title>
<para>由于质量需求将对架构决策产生很大影响，您应该以具体和可测量的方式了解对干系人真正重要的质量。</para>
</formalpara>
<itemizedlist>
<title>更多信息</title>
<listitem>
<simpara>参见 arc42 文档中的 <link xl:href="https://docs.arc42.org/section-10/">质量需求</link>。</simpara>
</listitem>
<listitem>
<simpara>参见详尽的 <link xl:href="https://quality.arc42.org">Q42 质量模型</link>。</simpara>
</listitem>
</itemizedlist>
</sidebar>
<section xml:id="_质量需求概述">
<title>质量需求概述</title>
<sidebar role="arc42help">
<formalpara>
<title>内容</title>
<para>质量需求的概述或总结。</para>
</formalpara>
<formalpara>
<title>动机</title>
<para>我们经常遇到数十（甚至数百）个详细的质量需求。
在这个概述部分，您应该尝试总结，例如按类别或主题（如 <link xl:href="https://www.iso.org/obp/ui/#iso:std:iso-iec:25010:ed-2:v1:en">ISO 25010:2023</link> 或 <link xl:href="https://quality.arc42.org">Q42</link> 所建议的）</para>
</formalpara>
<simpara>如果这些总结描述已经足够精确、具体和可测量，您可以跳过第 10.2 节。</simpara>
<formalpara>
<title>形式</title>
<para>使用简单表格，其中每行包含一个类别或主题以及质量需求的简短描述。
或者，您可以使用思维导图来组织这些质量需求。
文献中也描述了 质量属性树 的概念，它将通用术语 “质量 ”作为根节点，按树状结构对其进行细化。[Bass+21] 为此提出了 “质量属性效用树 ”这一术语。
《软件架构实践》为此目的引入了术语"质量属性效用树"。</para>
</formalpara>
</sidebar>
</section>
<section xml:id="_质量场景">
<title>质量场景</title>
<sidebar role="arc42help">
<formalpara>
<title>内容</title>
<para>质量场景使质量需求具体化，并允许决定它们是否得到满足（在验收标准的意义上）。
确保您的场景具体且可测量。</para>
</formalpara>
<simpara>特别有用的两种场景：</simpara>
<itemizedlist>
<listitem>
<simpara><emphasis>使用场景</emphasis>（也称为应用场景或用例场景）描述系统对某种刺激的运行时反应。
这也包括描述系统效率或性能的场景。
示例：系统在一秒内响应用户请求。</simpara>
</listitem>
<listitem>
<simpara><emphasis>变更场景</emphasis> 描述系统或其直接环境的修改或扩展的期望效果。
示例：实现附加功能或质量属性的需求发生变化，并测量变更的工作量或持续时间。</simpara>
</listitem>
</itemizedlist>
<formalpara>
<title>形式</title>
<para>详细场景的典型信息包括以下内容：</para>
</formalpara>
<simpara>简短形式（Q42 模型中推荐的）：</simpara>
<itemizedlist>
<listitem>
<simpara><emphasis role="strong">上下文/背景</emphasis>：什么类型的系统或构件，环境或情况是什么？</simpara>
</listitem>
<listitem>
<simpara><emphasis role="strong">来源/刺激</emphasis>：谁或什么启动或触发行为、反应或动作。</simpara>
</listitem>
<listitem>
<simpara><emphasis role="strong">度量/验收标准</emphasis>：包含 <emphasis>测量</emphasis> 或 <emphasis>度量</emphasis> 的响应</simpara>
</listitem>
</itemizedlist>
<simpara>场景的详细形式（美国卡内基梅隆大学的软件工程研究所及其使用的教材《软件架构实践》推荐的）更详细，包括以下信息：</simpara>
<itemizedlist>
<listitem>
<simpara><emphasis role="strong">场景 ID</emphasis>：场景的唯一标识符。</simpara>
</listitem>
<listitem>
<simpara><emphasis role="strong">场景名称</emphasis>：场景的简短描述性名称。</simpara>
</listitem>
<listitem>
<simpara><emphasis role="strong">来源</emphasis>：启动场景的实体（用户、系统或事件）。</simpara>
</listitem>
<listitem>
<simpara><emphasis role="strong">刺激</emphasis>：系统必须处理的触发事件或条件。</simpara>
</listitem>
<listitem>
<simpara><emphasis role="strong">环境</emphasis>：系统经历刺激的操作上下文或条件。</simpara>
</listitem>
<listitem>
<simpara><emphasis role="strong">制品</emphasis>：受刺激影响的系统构建块或其他元素。</simpara>
</listitem>
<listitem>
<simpara><emphasis role="strong">响应</emphasis>：系统对刺激的反应所表现出的结果或行为。</simpara>
</listitem>
<listitem>
<simpara><emphasis role="strong">响应度量</emphasis>：评估系统响应的标准或度量。</simpara>
</listitem>
</itemizedlist>
<formalpara>
<title>示例</title>
<para>有关质量需求的详细示例，请参见 <link xl:href="https://quality.arc42.org">Q42 质量模型网站</link>。</para>
</formalpara>
<itemizedlist>
<title>更多信息</title>
<listitem>
<simpara>伦·巴斯(Len Bass) , 保罗·克莱门茨(Paul Clements), 瑞克·凯兹曼(Rick Kazman): "《软件架构实践》（Software Architecture in Practice）", 第四版, Addison-Wesley 出版, 2021.</simpara>
</listitem>
</itemizedlist>
</sidebar>
<simpara><?asciidoc-pagebreak?></simpara>
</section>
</chapter>
<chapter xml:id="section-technical-risks">
<title>风险和技术债务</title>
<sidebar role="arc42help">
<formalpara>
<title>内容</title>
<para>按优先级排序的已识别技术风险或技术债务列表</para>
</formalpara>
<blockquote>
<title>动机</title>
<attribution>
Tim Lister，Atlantic Systems Guild
</attribution>
<simpara>风险管理是成年人的项目管理</simpara>
</blockquote>
<simpara>这应该是您系统性检测和评估架构中风险和技术债务的座右铭，管理干系人（例如项目经理、产品负责人）将需要这些信息作为整体风险分析和度量规划的一部分。</simpara>
<formalpara>
<title>形式</title>
<para>风险和/或技术债务列表，可能包括建议的措施来最小化、缓解或避免风险或减少技术债务。</para>
</formalpara>
<formalpara>
<title>更多信息</title>
<para>参见 arc42 文档中的 <link xl:href="https://docs.arc42.org/section-11/">风险和技术债务</link>。</para>
</formalpara>
</sidebar>
<simpara><?asciidoc-pagebreak?></simpara>
</chapter>
<chapter xml:id="section-glossary">
<title>术语表</title>
<sidebar role="arc42help">
<formalpara>
<title>内容</title>
<para>您的干系人在讨论系统时使用的最重要的领域和技术术语。</para>
</formalpara>
<simpara>如果您在多语言团队中工作，您也可以将术语表视为翻译的来源。</simpara>
<formalpara>
<title>动机</title>
<para>您应该清楚地定义您的术语，以便所有干系人</para>
</formalpara>
<itemizedlist>
<listitem>
<simpara>对这些术语有相同的理解</simpara>
</listitem>
<listitem>
<simpara>不使用同义词和同音异义词</simpara>
</listitem>
</itemizedlist>
<formalpara>
<title>形式</title>
<para>包含 &lt;术语&gt; 和 &lt;定义&gt; 列的表格。</para>
</formalpara>
<simpara>如果您需要翻译，可能还有更多列。</simpara>
<formalpara>
<title>更多信息</title>
<para>参见 arc42 文档中的 <link xl:href="https://docs.arc42.org/section-12/">术语表</link>。</para>
</formalpara>
</sidebar>
<informaltable frame="all" rowsep="1" colsep="1">
<tgroup cols="3">
<colspec colname="col_1" colwidth="33.3333*"/>
<colspec colname="col_2" colwidth="33.3333*"/>
<colspec colname="col_3" colwidth="33.3334*"/>
<thead>
<row>
<entry align="left" valign="top">术语</entry>
<entry align="left" valign="top">英文</entry>
<entry align="left" valign="top">定义</entry>
</row>
</thead>
<tbody>
<row>
<entry align="left" valign="top"><simpara>&lt;术语-1&gt;</simpara></entry>
<entry align="left" valign="top"><simpara>&lt;英文-1&gt;</simpara></entry>
<entry align="left" valign="top"><simpara>&lt;定义-1&gt;</simpara></entry>
</row>
<row>
<entry align="left" valign="top"><simpara>&lt;术语-2&gt;</simpara></entry>
<entry align="left" valign="top"><simpara>&lt;英文-2&gt;</simpara></entry>
<entry align="left" valign="top"><simpara>&lt;定义-2&gt;</simpara></entry>
</row>
</tbody>
</tgroup>
</informaltable>
</chapter>
</book>