<?xml version="1.0" encoding="UTF-8"?>
<?asciidoc-toc?>
<?asciidoc-numbered?>
<book xmlns="http://docbook.org/ns/docbook" xmlns:xl="http://www.w3.org/1999/xlink" version="5.0" xml:lang="en">
<info>
<title><inlinemediaobject>
<imageobject>
<imagedata fileref="images/arc42-logo.png"/>
</imageobject>
<textobject><phrase>arc42</phrase></textobject>
</inlinemediaobject> Template</title>
<date>March 2023</date>
<revhistory>
<revision>
<revnumber>8.2-IT</revnumber>
<date>March 2023</date>
<revremark>(based upon AsciiDoc version)</revremark>
</revision>
</revhistory>
</info>
<preface>
<title></title>
<simpara><emphasis role="strong">About arc42</emphasis></simpara>
<simpara role="lead">arc42, the Template for documentation of
software and system architecture.</simpara>
<simpara>By Dr. Gernot Starke, Dr. Peter Hruschka and contributors.</simpara>
<simpara>Template Revision: 7.0 IT (based on asciidoc), April 2021</simpara>
<simpara>&#169;
We acknowledge that this document uses material from the arc 42 architecture template, <link xl:href="https://www.arc42.org">https://www.arc42.org</link>.
Created by Dr. Peter Hruschka &amp; Dr. Gernot Starke.</simpara>
<simpara><?asciidoc-hr?></simpara>
<simpara><?asciidoc-pagebreak?></simpara>
</preface>
<chapter xml:id="section-introduction-and-goals">
<title>Introduzione e obiettivi</title>
<section xml:id="_panoramica_dei_requisiti">
<title>Panoramica dei requisiti</title>

</section>
<section xml:id="_obiettivi_di_qualità">
<title>Obiettivi di qualità</title>

</section>
<section xml:id="_stakeholders">
<title>Stakeholders</title>
<informaltable frame="all" rowsep="1" colsep="1">
<tgroup cols="3">
<colspec colname="col_1" colwidth="20*"/>
<colspec colname="col_2" colwidth="40*"/>
<colspec colname="col_3" colwidth="40*"/>
<thead>
<row>
<entry align="left" valign="top">Rouolo/Nome</entry>
<entry align="left" valign="top">Contatto</entry>
<entry align="left" valign="top">Aspettative</entry>
</row>
</thead>
<tbody>
<row>
<entry align="left" valign="top"><simpara><emphasis>&lt;Ruolo-1&gt;</emphasis></simpara></entry>
<entry align="left" valign="top"><simpara><emphasis>&lt;Contatto-1&gt;</emphasis></simpara></entry>
<entry align="left" valign="top"><simpara><emphasis>&lt;Aspettatiive-1&gt;</emphasis></simpara></entry>
</row>
<row>
<entry align="left" valign="top"><simpara><emphasis>&lt;Ruolo-2&gt;</emphasis></simpara></entry>
<entry align="left" valign="top"><simpara><emphasis>&lt;Contatto-2&gt;</emphasis></simpara></entry>
<entry align="left" valign="top"><simpara><emphasis>&lt;Aspettatiive-2&gt;</emphasis></simpara></entry>
</row>
</tbody>
</tgroup>
</informaltable>
<simpara><?asciidoc-pagebreak?></simpara>
</section>
</chapter>
<chapter xml:id="section-architecture-constraints">
<title>Vincoli di architettura</title>
<simpara><?asciidoc-pagebreak?></simpara>
</chapter>
<chapter xml:id="section-context-and-scope">
<title>Ambito e contesto del sistema</title>
<section xml:id="_contesto_di_business">
<title>Contesto di Business</title>
<simpara><emphasis role="strong">&lt;Diagramma o Tabella&gt;</emphasis></simpara>
<simpara><emphasis role="strong">&lt;opzionale: spiegazione delle interfacce del dominio esterno&gt;</emphasis></simpara>
</section>
<section xml:id="_contesto_tecnico">
<title>Contesto Tecnico</title>
<simpara><emphasis role="strong">&lt;Diagramma o Tabella&gt;</emphasis></simpara>
<simpara><emphasis role="strong">&lt;opzionale: Spiegazione delle interfacce tecniche&gt;</emphasis></simpara>
<simpara><emphasis role="strong">&lt;Mappatura Input/Output sui canali di comunicazione&gt;</emphasis></simpara>
<simpara><?asciidoc-pagebreak?></simpara>
</section>
</chapter>
<chapter xml:id="section-solution-strategy">
<title>Strategia della soluzione</title>
<simpara><?asciidoc-pagebreak?></simpara>
</chapter>
<chapter xml:id="section-building-block-view">
<title>Building Block View</title>
<section xml:id="_whitebox_overall_system">
<title>Whitebox Overall System</title>
<simpara><emphasis><emphasis role="strong">&lt;Overview Diagram&gt;</emphasis></emphasis></simpara>
<variablelist>
<varlistentry>
<term>Motivazione</term>
<listitem>
<simpara><emphasis>&lt;spiegazione testuale&gt;</emphasis></simpara>
</listitem>
</varlistentry>
<varlistentry>
<term>Contenuto dei Building Blocks</term>
<listitem>
<simpara><emphasis>&lt;Descrizione del contenuto del building block (black boxes)&gt;</emphasis></simpara>
</listitem>
</varlistentry>
<varlistentry>
<term>Important Interfaces</term>
<listitem>
<simpara><emphasis>&lt;Descrizione delle interfacce importanti&gt;</emphasis></simpara>
</listitem>
</varlistentry>
</variablelist>
<section xml:id="_nome_black_box_1">
<title>&lt;Nome black box 1&gt;</title>
<simpara><emphasis>&lt;Scopo/responsabilità&gt;</emphasis></simpara>
<simpara><emphasis>&lt;Interfacce&gt;</emphasis></simpara>
<simpara><emphasis>&lt;(Facoltativo) Caratteristiche di qualità/prestazionali&gt;</emphasis></simpara>
<simpara><emphasis>&lt;(Facoltativo) percorso file/directory&gt;</emphasis></simpara>
<simpara><emphasis>&lt;(Facoltativo) Requisiti soddisfatti&gt;</emphasis></simpara>
<simpara><emphasis>&lt;(Facoltativo) Bug noti/Rischi/problemi&gt;</emphasis></simpara>
</section>
<section xml:id="_nome_black_box_2">
<title>&lt;Nome black box 2&gt;</title>
<simpara><emphasis>&lt;black box template&gt;</emphasis></simpara>
</section>
<section xml:id="_nome_black_box_n">
<title>&lt;Nome black box n&gt;</title>
<simpara><emphasis>&lt;black box template&gt;</emphasis></simpara>
</section>
<section xml:id="_nome_interface_1">
<title>&lt;Nome interface 1&gt;</title>
<simpara>&#8230;&#8203;</simpara>
</section>
<section xml:id="_nome_interface_m">
<title>&lt;Nome interface m&gt;</title>

</section>
</section>
<section xml:id="_livello_2">
<title>Livello 2</title>
<section xml:id="_white_box_building_block_1">
<title>White Box <emphasis>&lt;building block 1&gt;</emphasis></title>
<simpara><emphasis>&lt;white box template&gt;</emphasis></simpara>
</section>
<section xml:id="_white_box_building_block_2">
<title>White Box <emphasis>&lt;building block 2&gt;</emphasis></title>
<simpara><emphasis>&lt;white box template&gt;</emphasis></simpara>
<simpara>&#8230;&#8203;</simpara>
</section>
<section xml:id="_white_box_building_block_m">
<title>White Box <emphasis>&lt;building block m&gt;</emphasis></title>
<simpara><emphasis>&lt;white box template&gt;</emphasis></simpara>
</section>
</section>
<section xml:id="_livello_3">
<title>Livello 3</title>
<section xml:id="_white_box_building_block_x_1">
<title>White Box &lt;_building block x.1_&gt;</title>
<simpara><emphasis>&lt;white box template&gt;</emphasis></simpara>
</section>
<section xml:id="_white_box_building_block_x_2">
<title>White Box &lt;_building block x.2_&gt;</title>
<simpara><emphasis>&lt;white box template&gt;</emphasis></simpara>
</section>
<section xml:id="_white_box_building_block_y_1">
<title>White Box &lt;_building block y.1_&gt;</title>
<simpara><emphasis>&lt;white box template&gt;</emphasis></simpara>
<simpara><?asciidoc-pagebreak?></simpara>
</section>
</section>
</chapter>
<chapter xml:id="section-runtime-view">
<title>Runtime View</title>
<section xml:id="_runtime_scenario_1">
<title>&lt;Runtime Scenario 1&gt;</title>
<itemizedlist>
<listitem>
<simpara><emphasis>&lt;inserire un runtime diagram o una descrizione testuale dello scenario&gt;</emphasis></simpara>
</listitem>
<listitem>
<simpara><emphasis>&lt;inserire la descrizione degli aspetti degni di nota delle interazioni tra i
istanze di building block illustrate in questo diagramma.&gt;</emphasis></simpara>
</listitem>
</itemizedlist>
</section>
<section xml:id="_runtime_scenario_2">
<title>&lt;Runtime Scenario 2&gt;</title>

</section>
<section xml:id="">
<title>&#8230;&#8203;</title>

</section>
<section xml:id="_runtime_scenario_n">
<title>&lt;Runtime Scenario n&gt;</title>
<simpara><?asciidoc-pagebreak?></simpara>
</section>
</chapter>
<chapter xml:id="section-deployment-view">
<title>Deployment View</title>
<section xml:id="_livello_infrastruttura_1">
<title>Livello infrastruttura 1</title>
<simpara><emphasis><emphasis role="strong">&lt;Overview Diagram&gt;</emphasis></emphasis></simpara>
<variablelist>
<varlistentry>
<term>Motivatione</term>
<listitem>
<simpara><emphasis>&lt;spiegazione in forma di testo&gt;</emphasis></simpara>
</listitem>
</varlistentry>
<varlistentry>
<term>Requsiti di qualità e/o di prestazioni</term>
<listitem>
<simpara><emphasis>&lt;spiegazione in forma di testo&gt;</emphasis></simpara>
</listitem>
</varlistentry>
<varlistentry>
<term>Mappatura dei Building Blocks nella Architettura</term>
<listitem>
<simpara><emphasis>&lt;descrizione della mappatura&gt;</emphasis></simpara>
</listitem>
</varlistentry>
</variablelist>
</section>
<section xml:id="_livello_infrastruttura_2">
<title>Livello infrastruttura 2</title>
<section xml:id="_elemento_infrastruttura_1">
<title><emphasis>&lt;Elemento infrastruttura 1&gt;</emphasis></title>
<simpara><emphasis>&lt;diagramma + spiegazione&gt;</emphasis></simpara>
</section>
<section xml:id="_elemento_infrastruttura_2">
<title><emphasis>&lt;Elemento infrastruttura 2&gt;</emphasis></title>
<simpara><emphasis>&lt;diagramma + spiegazione&gt;</emphasis></simpara>
<simpara>&#8230;&#8203;</simpara>
</section>
<section xml:id="_elemento_infrastruttura_n">
<title><emphasis>&lt;Elemento infrastruttura n&gt;</emphasis></title>
<simpara><emphasis>&lt;diagramma + spiegazione&gt;</emphasis></simpara>
<simpara><?asciidoc-pagebreak?></simpara>
</section>
</section>
</chapter>
<chapter xml:id="section-concepts">
<title>Concetti trasversali</title>
<section xml:id="_concetto_1">
<title><emphasis>&lt;Concetto 1&gt;</emphasis></title>
<simpara><emphasis>&lt;spiegazione&gt;</emphasis></simpara>
</section>
<section xml:id="_concetto_2">
<title><emphasis>&lt;Concetto 2&gt;</emphasis></title>
<simpara><emphasis>&lt;spiegazione&gt;</emphasis></simpara>
<simpara>&#8230;&#8203;</simpara>
</section>
<section xml:id="_concetto_n">
<title><emphasis>&lt;Concetto n&gt;</emphasis></title>
<simpara><emphasis>&lt;spiegazione&gt;</emphasis></simpara>
<simpara><?asciidoc-pagebreak?></simpara>
</section>
</chapter>
<chapter xml:id="section-design-decisions">
<title>Decisioni di progettazione</title>
<simpara><?asciidoc-pagebreak?></simpara>
</chapter>
<chapter xml:id="section-quality-scenarios">
<title>Requisiti di Qualità</title>
<section xml:id="_albero_di_qualità">
<title>Albero di qualità</title>

</section>
<section xml:id="_scenari_di_qualità">
<title>Scenari di qualità</title>
<simpara><?asciidoc-pagebreak?></simpara>
</section>
</chapter>
<chapter xml:id="section-technical-risks">
<title>Rischi e debiti tecnici</title>
<simpara><?asciidoc-pagebreak?></simpara>
</chapter>
<chapter xml:id="section-glossary">
<title>Glossario</title>
<informaltable frame="all" rowsep="1" colsep="1">
<tgroup cols="2">
<colspec colname="col_1" colwidth="33.3333*"/>
<colspec colname="col_2" colwidth="66.6667*"/>
<thead>
<row>
<entry align="left" valign="top">Termine</entry>
<entry align="left" valign="top">Definizione</entry>
</row>
</thead>
<tbody>
<row>
<entry align="left" valign="top"><simpara><emphasis>&lt;Termine-1&gt;</emphasis></simpara></entry>
<entry align="left" valign="top"><simpara><emphasis>&lt;definizione-1&gt;</emphasis></simpara></entry>
</row>
<row>
<entry align="left" valign="top"><simpara><emphasis>&lt;Termine-2&gt;</emphasis></simpara></entry>
<entry align="left" valign="top"><simpara><emphasis>&lt;definizione-2&gt;</emphasis></simpara></entry>
</row>
</tbody>
</tgroup>
</informaltable>
</chapter>
</book>