<?xml version="1.0" encoding="UTF-8"?>
<!DOCTYPE book PUBLIC "-//OASIS//DTD DocBook XML V4.5//EN" "http://www.oasis-open.org/docbook/xml/4.5/docbookx.dtd">
<?asciidoc-toc?>
<?asciidoc-numbered?>
<book xmlns="http://docbook.org/ns/docbook" lang="en">
<bookinfo>
<title><inlinemediaobject>
  <imageobject>
    <imagedata fileref="images/arc42-logo.png"/>
  </imageobject>
  <textobject><phrase>arc42</phrase></textobject>
</inlinemediaobject> Template</title>
<date>říjen 2022</date>
<revhistory>
<revision>
<revnumber>8.1 CZ</revnumber>
<date>říjen 2022</date>

<revremark>(na základě AsciiDoc verze)</revremark>
</revision>
</revhistory>



</bookinfo>
<preface>
<title></title>
<simpara><emphasis role="strong">O arc42</emphasis></simpara>
<simpara role="lead">arc42, šablona pro dokumentaci softwaru a architekturu systému.</simpara>
<simpara>Verze šablony 8.1 CZ. (na základě AsciiDoc verze), říjen 2022</simpara>
<simpara>Created, maintained and &#169; by Dr. Peter Hruschka, Dr. Gernot Starke and contributors.
Viz <ulink url="https://arc42.org">https://arc42.org</ulink>.</simpara>
<simpara><?asciidoc-hr?></simpara>

<simpara><?asciidoc-pagebreak?></simpara>

</preface>

<chapter id="section-introduction-and-goals">
<title>Úvod a cíle</title>
<section id="_p_ehled_po_adavk">
<title>Přehled požadavků</title>

</section>
<section id="_kvalitativn_c_le">
<title>Kvalitativní cíle</title>

</section>
<section id="_strany_zainteresovan_na_syst_mu_stakeholder">
<title>Strany zainteresované na systému (Stakeholder)</title>
<informaltable frame="all"
    rowsep="1" colsep="1">
  
  <tgroup cols="3">
    
    <colspec colname="col_1" colwidth="20*"/>
    
    <colspec colname="col_2" colwidth="40*"/>
    
    <colspec colname="col_3" colwidth="40*"/>
    
    
    <thead>
      
      <row>
        
        <entry align="left" valign="top">Role/Jméno</entry>
        
        <entry align="left" valign="top">Kontakt</entry>
        
        <entry align="left" valign="top">Očekávání</entry>
        
      </row>
      
    </thead>
    
    <tbody>
      
      <row>
        
        <entry align="left" valign="top"><simpara><emphasis>&lt;Role-1&gt;</emphasis></simpara></entry>
        
        <entry align="left" valign="top"><simpara><emphasis>&lt;Kontakt-1&gt;</emphasis></simpara></entry>
        
        <entry align="left" valign="top"><simpara><emphasis>&lt;Očekávání-1&gt;</emphasis></simpara></entry>
        
      </row>
      
      <row>
        
        <entry align="left" valign="top"><simpara><emphasis>&lt;Role-2&gt;</emphasis></simpara></entry>
        
        <entry align="left" valign="top"><simpara><emphasis>&lt;Kontakt-2&gt;</emphasis></simpara></entry>
        
        <entry align="left" valign="top"><simpara><emphasis>&lt;Očekávání-2&gt;</emphasis></simpara></entry>
        
      </row>
      
    </tbody>
    
  </tgroup>
</informaltable>

<simpara><?asciidoc-pagebreak?></simpara>

</section>
</chapter>
<chapter id="section-architecture-constraints">
<title>Omezení na realizaci systému</title>
<simpara><?asciidoc-pagebreak?></simpara>

</chapter>
<chapter id="section-system-scope-and-context">
<title>Vymezení a rozsah systému</title>
<section id="_firemn_kontext">
<title>Firemní kontext</title>
<simpara><emphasis role="strong">&lt;vložte diagram nebo tabulku&gt;</emphasis></simpara>
<simpara><emphasis role="strong">&lt;(volitelně:) vložte vysvětlení externích doménových rozhraní&gt;</emphasis></simpara>
</section>
<section id="_technick_kontext">
<title>Technický kontext</title>
<simpara><emphasis role="strong">&lt;vložte diagram nebo tabulku&gt;</emphasis></simpara>
<simpara><emphasis role="strong">&lt;(volitelně:) vložte vysvětlení externích technických rozhraní&gt;</emphasis></simpara>
<simpara><emphasis role="strong">&lt;mapování doménových vstupu/výstupu na technické kanály&gt;</emphasis></simpara>
<simpara><?asciidoc-pagebreak?></simpara>

</section>
</chapter>
<chapter id="section-solution-strategy">
<title>Strategie řešení</title>
<simpara><?asciidoc-pagebreak?></simpara>

</chapter>
<chapter id="section-building-block-view">
<title>Perspektiva stavebních bloků</title>
<section id="_cel_syst_m_jako_white_box">
<title>Celý systém jako white-box</title>
<simpara><emphasis><emphasis role="strong">&lt;vložte přehledový diagram celého systému&gt;</emphasis></emphasis></simpara>
<variablelist>
<varlistentry>
<term>Motivace</term>
<listitem>
<simpara><emphasis>&lt;popište motivaci&gt;</emphasis></simpara>
</listitem>
</varlistentry>
<varlistentry>
<term>Obsažené stavební bloky </term>
<listitem>
<simpara><emphasis>&lt;popište obsažené stavební bloky (jako black-box)&gt;</emphasis></simpara>
</listitem>
</varlistentry>
<varlistentry>
<term>Důležitá rozhraní</term>
<listitem>
<simpara><emphasis>&lt;popište důležitá rozhraní&gt;</emphasis></simpara>
</listitem>
</varlistentry>
</variablelist>

<section id="__jm_no_black_boxu_1">
<title>&lt;Jméno black-boxu 1&gt;</title>
<simpara><emphasis>&lt;Účel/Odpovědnost&gt;</emphasis></simpara>
<simpara><emphasis>&lt;Rozhraní&gt;</emphasis></simpara>
<simpara><emphasis>&lt;(Volitelně) Požadavky na kvalitu/výkon&gt;</emphasis></simpara>
<simpara><emphasis>&lt;(Volitelně) Umístění/složky a soubory&gt;</emphasis></simpara>
<simpara><emphasis>&lt;(Volitelně) Splněné požadavky&gt;</emphasis></simpara>
<simpara><emphasis>&lt;(Volitelně) Nevyřešené body/problémy/rizika&gt;</emphasis></simpara>
</section>
<section id="__jm_no_black_boxu_2">
<title>&lt;Jméno black-boxu 2&gt;</title>
<simpara><emphasis>&lt;šablona black-box&gt;</emphasis></simpara>
</section>
<section id="__jm_no_black_boxu_n">
<title>&lt;Jméno black-boxu n&gt;</title>
<simpara><emphasis>&lt;šablona black-box&gt;</emphasis></simpara>
</section>
<section id="__jm_no_rozhran_1">
<title>&lt;Jméno rozhraní 1&gt;</title>
<simpara>&#8230;</simpara>
</section>
<section id="__jm_no_rozhran_m">
<title>&lt;Jméno rozhraní m&gt;</title>

</section>
</section>
<section id="__rove_2">
<title>Úroveň 2</title>
<section id="_white_box_emphasis_stavebn_blok_1_emphasis">
<title>white-box <emphasis>&lt;stavební blok 1&gt;</emphasis></title>
<simpara><emphasis>&lt;šablona white-box&gt;</emphasis></simpara>
</section>
<section id="_white_box_emphasis_stavebn_blok_2_emphasis">
<title>white-box <emphasis>&lt;stavební blok 2&gt;</emphasis></title>
<simpara><emphasis>&lt;šablona white-box&gt;</emphasis></simpara>
<simpara>&#8230;</simpara>
</section>
<section id="_white_box_emphasis_stavebn_blok_m_emphasis">
<title>white-box <emphasis>&lt;stavební blok m&gt;</emphasis></title>
<simpara><emphasis>&lt;šablona white-box&gt;</emphasis></simpara>
</section>
</section>
<section id="__rove_3">
<title>Úroveň 3</title>
<section id="_white_box_stavebn_blok_x_1">
<title>white-box &lt;_stavební blok x.1_&gt;</title>
<simpara><emphasis>&lt;šablona white-box&gt;</emphasis></simpara>
</section>
<section id="_white_box_stavebn_blok_x_2">
<title>white-box &lt;_stavební blok x.2_&gt;</title>
<simpara><emphasis>&lt;šablona white-box&gt;</emphasis></simpara>
</section>
<section id="_white_box_stavebn_blok_y_1">
<title>white-box &lt;_stavební blok y.1_&gt;</title>
<simpara><emphasis>&lt;šablona white-box&gt;</emphasis></simpara>
<simpara><?asciidoc-pagebreak?></simpara>

</section>
</section>
</chapter>
<chapter id="section-runtime-view">
<title>Perspektiva chování za běhu (runtime)</title>
<section id="__sc_n_runtime_1">
<title>&lt;Scénář runtime 1&gt;</title>
<itemizedlist>
<listitem>
<simpara><emphasis>&lt;vložte runtime diagram nebo textový popis scénáře&gt;</emphasis></simpara>
</listitem>
<listitem>
<simpara><emphasis>&lt;vložte popis důležitých interakcí mezi
instancemi stavebních bloků zobrazených v tomto diagramu&gt;</emphasis></simpara>
</listitem>
</itemizedlist>

</section>
<section id="__sc_n_runtime_2">
<title>&lt;Scénář runtime 2&gt;</title>

</section>
<section id="_">
<title>&#8230;</title>

</section>
<section id="__sc_n_runtime_n">
<title>&lt;Scénář runtime n&gt;</title>
<simpara><?asciidoc-pagebreak?></simpara>

</section>
</chapter>
<chapter id="section-deployment-view">
<title>Perspektiva nasazení softwaru (deployment)</title>
<section id="__rove_infrastruktury_1">
<title>Úroveň infrastruktury 1</title>
<simpara><emphasis><emphasis role="strong">&lt;Přehledový diagram&gt;</emphasis></emphasis></simpara>
<variablelist>
<varlistentry>
<term>Motivace</term>
<listitem>
<simpara><emphasis>&lt;vysvětlení v textové podobě&gt;</emphasis></simpara>
</listitem>
</varlistentry>
<varlistentry>
<term>Kvalitativní a/nebo výkonnostní vlastnosti</term>
<listitem>
<simpara><emphasis>&lt;vysvětlení v textové podobě&gt;</emphasis></simpara>
</listitem>
</varlistentry>
<varlistentry>
<term>Mapování softwarových artefaktů na prvky infrastruktury</term>
<listitem>
<simpara><emphasis>&lt;popis mapování&gt;</emphasis></simpara>
</listitem>
</varlistentry>
</variablelist>

</section>
<section id="__rove_infrastruktury_2">
<title>Úroveň infrastruktury 2</title>
<section id="__emphasis_prvek_infrastruktury_1_emphasis">
<title><emphasis>&lt;prvek infrastruktury 1&gt;</emphasis></title>
<simpara><emphasis>&lt;diagram + vysvětlení&gt;</emphasis></simpara>
</section>
<section id="__emphasis_prvek_infrastruktury_2_emphasis">
<title><emphasis>&lt;prvek infrastruktury 2&gt;</emphasis></title>
<simpara><emphasis>&lt;diagram + vysvětlení&gt;</emphasis></simpara>
<simpara>&#8230;</simpara>
</section>
<section id="__emphasis_prvek_infrastruktury_n_emphasis">
<title><emphasis>&lt;prvek infrastruktury n&gt;</emphasis></title>
<simpara><emphasis>&lt;diagram + vysvětlení&gt;</emphasis></simpara>
<simpara><?asciidoc-pagebreak?></simpara>

</section>
</section>
</chapter>
<chapter id="section-concepts">
<title>Průřezové (cross-cutting) koncepty</title>
<section id="__emphasis_koncept_1_emphasis">
<title><emphasis>&lt;Koncept 1&gt;</emphasis></title>
<simpara><emphasis>&lt;vysvětlení&gt;</emphasis></simpara>
</section>
<section id="__emphasis_koncept_2_emphasis">
<title><emphasis>&lt;Koncept 2&gt;</emphasis></title>
<simpara><emphasis>&lt;vysvětlení&gt;</emphasis></simpara>
<simpara>&#8230;</simpara>
</section>
<section id="__emphasis_koncept_n_emphasis">
<title><emphasis>&lt;Koncept n&gt;</emphasis></title>
<simpara><emphasis>&lt;vysvětlení&gt;</emphasis></simpara>
<simpara><?asciidoc-pagebreak?></simpara>

</section>
</chapter>
<chapter id="section-design-decisions">
<title>Rozhodnutí o architektuře</title>
<simpara><?asciidoc-pagebreak?></simpara>

</chapter>
<chapter id="section-quality-scenarios">
<title>Požadavky na kvalitu</title>
<section id="_strom_kvality">
<title>Strom kvality</title>

</section>
<section id="_sc_n_e_kvality">
<title>Scénáře kvality</title>
<simpara><?asciidoc-pagebreak?></simpara>

</section>
</chapter>
<chapter id="section-technical-risks">
<title>Rizika a technické dluhy</title>
<simpara><?asciidoc-pagebreak?></simpara>

</chapter>
<chapter id="section-glossary">
<title>Slovník pojmů</title>
<informaltable frame="all"
    rowsep="1" colsep="1">
  
  <tgroup cols="2">
    
    <colspec colname="col_1" colwidth="33*"/>
    
    <colspec colname="col_2" colwidth="66*"/>
    
    
    <thead>
      
      <row>
        
        <entry align="left" valign="top">Termín</entry>
        
        <entry align="left" valign="top">Definice</entry>
        
      </row>
      
    </thead>
    
    <tbody>
      
      <row>
        
        <entry align="left" valign="top"><simpara><emphasis>&lt;termín-1&gt;</emphasis></simpara></entry>
        
        <entry align="left" valign="top"><simpara><emphasis>&lt;definice-1&gt;</emphasis></simpara></entry>
        
      </row>
      
      <row>
        
        <entry align="left" valign="top"><simpara><emphasis>&lt;termín-2&gt;</emphasis></simpara></entry>
        
        <entry align="left" valign="top"><simpara><emphasis>&lt;definice-2&gt;</emphasis></simpara></entry>
        
      </row>
      
    </tbody>
    
  </tgroup>
</informaltable>

</chapter>
</book>