<?xml version="1.0" encoding="UTF-8"?>
<?asciidoc-toc?>
<?asciidoc-numbered?>
<book xmlns="http://docbook.org/ns/docbook" xmlns:xl="http://www.w3.org/1999/xlink" version="5.0" xml:lang="">
<info>
<title><inlinemediaobject>
<imageobject>
<imagedata fileref="images/arc42-logo.png"/>
</imageobject>
<textobject><phrase>arc42</phrase></textobject>
</inlinemediaobject> Template</title>
<date>Leden 2025</date>
<revhistory>
<revision>
<revnumber>9.0-CZ</revnumber>
<date>Leden 2025</date>
<revremark>(na základě AsciiDoc verze)</revremark>
</revision>
</revhistory>
</info>
<preface>
<title></title>
<simpara><emphasis role="strong">O arc42</emphasis></simpara>
<simpara role="lead">arc42, šablona pro dokumentaci softwaru a architekturu systému.</simpara>
<simpara>Verze šablony 9.0-CZ. (na základě AsciiDoc verze), Leden 2025</simpara>
<simpara>Created, maintained and &#169; by Dr. Peter Hruschka, Dr. Gernot Starke and contributors.
Viz <link xl:href="https://arc42.org">https://arc42.org</link>.</simpara>
<simpara><?asciidoc-hr?></simpara>
<simpara><?asciidoc-pagebreak?></simpara>
</preface>
<chapter xml:id="section-introduction-and-goals">
<title>Úvod a cíle</title>
<section xml:id="_přehled_požadavků">
<title>Přehled požadavků</title>

</section>
<section xml:id="_kvalitativní_cíle">
<title>Kvalitativní cíle</title>

</section>
<section xml:id="_strany_zainteresované_na_systému_stakeholder">
<title>Strany zainteresované na systému (stakeholder)</title>
<informaltable frame="all" rowsep="1" colsep="1">
<tgroup cols="3">
<colspec colname="col_1" colwidth="20*"/>
<colspec colname="col_2" colwidth="40*"/>
<colspec colname="col_3" colwidth="40*"/>
<thead>
<row>
<entry align="left" valign="top">Role/Jméno</entry>
<entry align="left" valign="top">Kontakt</entry>
<entry align="left" valign="top">Očekávání</entry>
</row>
</thead>
<tbody>
<row>
<entry align="left" valign="top"><simpara><emphasis>&lt;Role-1&gt;</emphasis></simpara></entry>
<entry align="left" valign="top"><simpara><emphasis>&lt;Kontakt-1&gt;</emphasis></simpara></entry>
<entry align="left" valign="top"><simpara><emphasis>&lt;Očekávání-1&gt;</emphasis></simpara></entry>
</row>
<row>
<entry align="left" valign="top"><simpara><emphasis>&lt;Role-2&gt;</emphasis></simpara></entry>
<entry align="left" valign="top"><simpara><emphasis>&lt;Kontakt-2&gt;</emphasis></simpara></entry>
<entry align="left" valign="top"><simpara><emphasis>&lt;Očekávání-2&gt;</emphasis></simpara></entry>
</row>
</tbody>
</tgroup>
</informaltable>
<simpara><?asciidoc-pagebreak?></simpara>
</section>
</chapter>
<chapter xml:id="section-architecture-constraints">
<title>Omezení na realizaci systému</title>
<simpara><?asciidoc-pagebreak?></simpara>
</chapter>
<chapter xml:id="section-context-and-scope">
<title>Vymezení a rozsah systému</title>
<section xml:id="_firemní_kontext">
<title>Firemní kontext</title>
<simpara><emphasis role="strong">&lt;vložte diagram nebo tabulku&gt;</emphasis></simpara>
<simpara><emphasis role="strong">&lt;(volitelně:) vložte vysvětlení externích doménových rozhraní&gt;</emphasis></simpara>
</section>
<section xml:id="_technický_kontext">
<title>Technický kontext</title>
<simpara><emphasis role="strong">&lt;vložte diagram nebo tabulku&gt;</emphasis></simpara>
<simpara><emphasis role="strong">&lt;(volitelně:) vložte vysvětlení externích technických rozhraní&gt;</emphasis></simpara>
<simpara><emphasis role="strong">&lt;mapování doménových vstupu/výstupu na technické kanály&gt;</emphasis></simpara>
<simpara><?asciidoc-pagebreak?></simpara>
</section>
</chapter>
<chapter xml:id="section-solution-strategy">
<title>Strategie řešení</title>
<simpara><?asciidoc-pagebreak?></simpara>
</chapter>
<chapter xml:id="section-building-block-view">
<title>Perspektiva stavebních bloků</title>
<section xml:id="_celý_systém_jako_white_box">
<title>Celý systém jako white-box</title>
<simpara><emphasis><emphasis role="strong">&lt;vložte přehledový diagram celého systému&gt;</emphasis></emphasis></simpara>
<variablelist>
<varlistentry>
<term>Motivace</term>
<listitem>
<simpara><emphasis>&lt;popište motivaci&gt;</emphasis></simpara>
</listitem>
</varlistentry>
<varlistentry>
<term>Obsažené stavební bloky </term>
<listitem>
<simpara><emphasis>&lt;popište obsažené stavební bloky (jako black-box)&gt;</emphasis></simpara>
</listitem>
</varlistentry>
<varlistentry>
<term>Důležitá rozhraní</term>
<listitem>
<simpara><emphasis>&lt;popište důležitá rozhraní&gt;</emphasis></simpara>
</listitem>
</varlistentry>
</variablelist>
<section xml:id="_jméno_black_boxu_1">
<title>&lt;Jméno black-boxu 1&gt;</title>
<simpara><emphasis>&lt;Účel/Odpovědnost&gt;</emphasis></simpara>
<simpara><emphasis>&lt;Rozhraní&gt;</emphasis></simpara>
<simpara><emphasis>&lt;(Volitelně) Požadavky na kvalitu/výkon&gt;</emphasis></simpara>
<simpara><emphasis>&lt;(Volitelně) Umístění/složky a soubory&gt;</emphasis></simpara>
<simpara><emphasis>&lt;(Volitelně) Splněné požadavky&gt;</emphasis></simpara>
<simpara><emphasis>&lt;(Volitelně) Nevyřešené body/problémy/rizika&gt;</emphasis></simpara>
</section>
<section xml:id="_jméno_black_boxu_2">
<title>&lt;Jméno black-boxu 2&gt;</title>
<simpara><emphasis>&lt;šablona black-box&gt;</emphasis></simpara>
</section>
<section xml:id="_jméno_black_boxu_n">
<title>&lt;Jméno black-boxu n&gt;</title>
<simpara><emphasis>&lt;šablona black-box&gt;</emphasis></simpara>
</section>
<section xml:id="_jméno_rozhraní_1">
<title>&lt;Jméno rozhraní 1&gt;</title>
<simpara>&#8230;&#8203;</simpara>
</section>
<section xml:id="_jméno_rozhraní_m">
<title>&lt;Jméno rozhraní m&gt;</title>

</section>
</section>
<section xml:id="_úroveň_2">
<title>Úroveň 2</title>
<section xml:id="_white_box_stavební_blok_1">
<title>white-box <emphasis>&lt;stavební blok 1&gt;</emphasis></title>
<simpara><emphasis>&lt;šablona white-box&gt;</emphasis></simpara>
</section>
<section xml:id="_white_box_stavební_blok_2">
<title>white-box <emphasis>&lt;stavební blok 2&gt;</emphasis></title>
<simpara><emphasis>&lt;šablona white-box&gt;</emphasis></simpara>
<simpara>&#8230;&#8203;</simpara>
</section>
<section xml:id="_white_box_stavební_blok_m">
<title>white-box <emphasis>&lt;stavební blok m&gt;</emphasis></title>
<simpara><emphasis>&lt;šablona white-box&gt;</emphasis></simpara>
</section>
</section>
<section xml:id="_úroveň_3">
<title>Úroveň 3</title>
<section xml:id="_white_box_stavební_blok_x_1">
<title>white-box &lt;_stavební blok x.1_&gt;</title>
<simpara><emphasis>&lt;šablona white-box&gt;</emphasis></simpara>
</section>
<section xml:id="_white_box_stavební_blok_x_2">
<title>white-box &lt;_stavební blok x.2_&gt;</title>
<simpara><emphasis>&lt;šablona white-box&gt;</emphasis></simpara>
</section>
<section xml:id="_white_box_stavební_blok_y_1">
<title>white-box &lt;_stavební blok y.1_&gt;</title>
<simpara><emphasis>&lt;šablona white-box&gt;</emphasis></simpara>
<simpara><?asciidoc-pagebreak?></simpara>
</section>
</section>
</chapter>
<chapter xml:id="section-runtime-view">
<title>Perspektiva chování za běhu (runtime)</title>
<section xml:id="_scénář_runtime_1">
<title>&lt;Scénář runtime 1&gt;</title>
<itemizedlist>
<listitem>
<simpara><emphasis>&lt;vložte runtime diagram nebo textový popis scénáře&gt;</emphasis></simpara>
</listitem>
<listitem>
<simpara><emphasis>&lt;vložte popis důležitých interakcí mezi
instancemi stavebních bloků zobrazených v tomto diagramu&gt;</emphasis></simpara>
</listitem>
</itemizedlist>
</section>
<section xml:id="_scénář_runtime_2">
<title>&lt;Scénář runtime 2&gt;</title>

</section>
<section xml:id="">
<title>&#8230;&#8203;</title>

</section>
<section xml:id="_scénář_runtime_n">
<title>&lt;Scénář runtime n&gt;</title>
<simpara><?asciidoc-pagebreak?></simpara>
</section>
</chapter>
<chapter xml:id="section-deployment-view">
<title>Perspektiva nasazení softwaru (deployment)</title>
<section xml:id="_úroveň_infrastruktury_1">
<title>Úroveň infrastruktury 1</title>
<simpara><emphasis><emphasis role="strong">&lt;Přehledový diagram&gt;</emphasis></emphasis></simpara>
<variablelist>
<varlistentry>
<term>Motivace</term>
<listitem>
<simpara><emphasis>&lt;vysvětlení v textové podobě&gt;</emphasis></simpara>
</listitem>
</varlistentry>
<varlistentry>
<term>Kvalitativní a/nebo výkonnostní vlastnosti</term>
<listitem>
<simpara><emphasis>&lt;vysvětlení v textové podobě&gt;</emphasis></simpara>
</listitem>
</varlistentry>
<varlistentry>
<term>Mapování softwarových artefaktů na prvky infrastruktury</term>
<listitem>
<simpara><emphasis>&lt;popis mapování&gt;</emphasis></simpara>
</listitem>
</varlistentry>
</variablelist>
</section>
<section xml:id="_úroveň_infrastruktury_2">
<title>Úroveň infrastruktury 2</title>
<section xml:id="_prvek_infrastruktury_1">
<title><emphasis>&lt;prvek infrastruktury 1&gt;</emphasis></title>
<simpara><emphasis>&lt;diagram + vysvětlení&gt;</emphasis></simpara>
</section>
<section xml:id="_prvek_infrastruktury_2">
<title><emphasis>&lt;prvek infrastruktury 2&gt;</emphasis></title>
<simpara><emphasis>&lt;diagram + vysvětlení&gt;</emphasis></simpara>
<simpara>&#8230;&#8203;</simpara>
</section>
<section xml:id="_prvek_infrastruktury_n">
<title><emphasis>&lt;prvek infrastruktury n&gt;</emphasis></title>
<simpara><emphasis>&lt;diagram + vysvětlení&gt;</emphasis></simpara>
<simpara><?asciidoc-pagebreak?></simpara>
</section>
</section>
</chapter>
<chapter xml:id="section-concepts">
<title>Průřezové (cross-cutting) koncepty</title>
<section xml:id="_koncept_1">
<title><emphasis>&lt;Koncept 1&gt;</emphasis></title>
<simpara><emphasis>&lt;vysvětlení&gt;</emphasis></simpara>
</section>
<section xml:id="_koncept_2">
<title><emphasis>&lt;Koncept 2&gt;</emphasis></title>
<simpara><emphasis>&lt;vysvětlení&gt;</emphasis></simpara>
<simpara>&#8230;&#8203;</simpara>
</section>
<section xml:id="_koncept_n">
<title><emphasis>&lt;Koncept n&gt;</emphasis></title>
<simpara><emphasis>&lt;vysvětlení&gt;</emphasis></simpara>
<simpara><?asciidoc-pagebreak?></simpara>
</section>
</chapter>
<chapter xml:id="section-design-decisions">
<title>Rozhodnutí o architektuře</title>
<simpara><?asciidoc-pagebreak?></simpara>
</chapter>
<chapter xml:id="section-quality-scenarios">
<title>Požadavky na kvalitu</title>
<section xml:id="_přehled_požadavků_na_kvalitu">
<title>Přehled požadavků na kvalitu</title>

</section>
<section xml:id="_scénáře_kvality">
<title>Scénáře kvality</title>
<simpara><?asciidoc-pagebreak?></simpara>
</section>
</chapter>
<chapter xml:id="section-technical-risks">
<title>Rizika a technické dluhy</title>
<simpara><?asciidoc-pagebreak?></simpara>
</chapter>
<chapter xml:id="section-glossary">
<title>Slovník pojmů</title>
<informaltable frame="all" rowsep="1" colsep="1">
<tgroup cols="2">
<colspec colname="col_1" colwidth="33.3333*"/>
<colspec colname="col_2" colwidth="66.6667*"/>
<thead>
<row>
<entry align="left" valign="top">Termín</entry>
<entry align="left" valign="top">Definice</entry>
</row>
</thead>
<tbody>
<row>
<entry align="left" valign="top"><simpara><emphasis>&lt;termín-1&gt;</emphasis></simpara></entry>
<entry align="left" valign="top"><simpara><emphasis>&lt;definice-1&gt;</emphasis></simpara></entry>
</row>
<row>
<entry align="left" valign="top"><simpara><emphasis>&lt;termín-2&gt;</emphasis></simpara></entry>
<entry align="left" valign="top"><simpara><emphasis>&lt;definice-2&gt;</emphasis></simpara></entry>
</row>
</tbody>
</tgroup>
</informaltable>
</chapter>
</book>