<?xml version="1.0" encoding="UTF-8"?>
<?asciidoc-toc?>
<?asciidoc-numbered?>
<book xmlns="http://docbook.org/ns/docbook" xmlns:xl="http://www.w3.org/1999/xlink" version="5.0" xml:lang="">
<info>
<title><inlinemediaobject>
<imageobject>
<imagedata fileref="images/arc42-logo.png"/>
</imageobject>
<textobject><phrase>arc42</phrase></textobject>
</inlinemediaobject> Template</title>
<date>Avril 2025</date>
<revhistory>
<revision>
<revnumber>9.0-FR</revnumber>
<date>Avril 2025</date>
<revremark>(basé sur la version AsciiDoc)</revremark>
</revision>
</revhistory>
</info>
<preface>
<title></title>
<simpara><emphasis role="strong">A propos d&#8217;arc42</emphasis></simpara>
<simpara role="lead">arc42, le modèle de documentation de l&#8217;architecture des logiciels et des systèmes.</simpara>
<simpara>Version du modèle 9.0-FR. (basé sur la version AsciiDoc), Avril 2025</simpara>
<simpara>Créé, maintenu et &#169; par Dr. Peter Hruschka, Dr. Gernot Starke et les contributeurs.
Voir <link xl:href="https://arc42.org">https://arc42.org</link>.</simpara>
<simpara><?asciidoc-hr?></simpara>
<simpara><?asciidoc-pagebreak?></simpara>
</preface>
<chapter xml:id="section-introduction-and-goals">
<title>Introduction et Objectifs</title>
<section xml:id="_aperçu_des_spécifications">
<title>Aperçu des spécifications</title>

</section>
<section xml:id="_objectifs_de_qualité">
<title>Objectifs de Qualité</title>

</section>
<section xml:id="_parties_prenantes">
<title>Parties prenantes</title>
<informaltable frame="all" rowsep="1" colsep="1">
<tgroup cols="3">
<colspec colname="col_1" colwidth="20*"/>
<colspec colname="col_2" colwidth="40*"/>
<colspec colname="col_3" colwidth="40*"/>
<thead>
<row>
<entry align="left" valign="top">Rôle/Nom</entry>
<entry align="left" valign="top">Contact</entry>
<entry align="left" valign="top">Attentes</entry>
</row>
</thead>
<tbody>
<row>
<entry align="left" valign="top"><simpara><emphasis>&lt;Role-1&gt;</emphasis></simpara></entry>
<entry align="left" valign="top"><simpara><emphasis>&lt;Contact-1&gt;</emphasis></simpara></entry>
<entry align="left" valign="top"><simpara><emphasis>&lt;Attente-1&gt;</emphasis></simpara></entry>
</row>
<row>
<entry align="left" valign="top"><simpara><emphasis>&lt;Role-2&gt;</emphasis></simpara></entry>
<entry align="left" valign="top"><simpara><emphasis>&lt;Contact-2&gt;</emphasis></simpara></entry>
<entry align="left" valign="top"><simpara><emphasis>&lt;Attente-2&gt;</emphasis></simpara></entry>
</row>
</tbody>
</tgroup>
</informaltable>
<simpara><?asciidoc-pagebreak?></simpara>
</section>
</chapter>
<chapter xml:id="section-architecture-constraints">
<title>Contraintes d&#8217;Architecture</title>
<simpara><?asciidoc-pagebreak?></simpara>
</chapter>
<chapter xml:id="section-context-and-scope">
<title>Contexte et périmètre</title>
<section xml:id="_contexte_métier">
<title>Contexte métier</title>
<simpara><emphasis role="strong">&lt;Schéma ou tableau&gt;</emphasis></simpara>
<simpara><emphasis role="strong">&lt;éventuellement : Explication des interfaces de domaines externes&gt;</emphasis></simpara>
</section>
<section xml:id="_contexte_technique">
<title>Contexte Technique</title>
<simpara><emphasis role="strong">&lt;Schéma ou tableau&gt;</emphasis></simpara>
<simpara><emphasis role="strong">&lt;en option : Explication des interfaces techniques&gt;</emphasis></simpara>
<simpara><emphasis role="strong">&lt;Correspondance des entrées/sorties aux canaux&gt;</emphasis></simpara>
<simpara><?asciidoc-pagebreak?></simpara>
</section>
</chapter>
<chapter xml:id="section-solution-strategy">
<title>Stratégie de solution</title>
<simpara><?asciidoc-pagebreak?></simpara>
</chapter>
<chapter xml:id="section-building-block-view">
<title>Vue en Briques</title>
<section xml:id="_niveau_1_système_global_boîte_blanche">
<title>Niveau 1 : Système global Boîte blanche</title>
<simpara><emphasis><emphasis role="strong">&lt;Schéma d&#8217;ensemble&gt;</emphasis></emphasis></simpara>
<variablelist>
<varlistentry>
<term>Motivation</term>
<listitem>
<simpara><emphasis>&lt;texte explicatif&gt;</emphasis></simpara>
</listitem>
</varlistentry>
<varlistentry>
<term>Briques contenues</term>
<listitem>
<simpara><emphasis>&lt;Description de la brique contenue (boîte noire)&gt;</emphasis></simpara>
</listitem>
</varlistentry>
<varlistentry>
<term>Interfaces Importantes</term>
<listitem>
<simpara><emphasis>&lt;Description des interfaces importantes&gt;</emphasis></simpara>
</listitem>
</varlistentry>
</variablelist>
<section xml:id="_nom_boîte_noire_1">
<title>&lt;Nom boîte noire 1&gt;</title>
<simpara><emphasis>&lt;Objectif/Responsabilité&gt;</emphasis></simpara>
<simpara><emphasis>&lt;Interface(s)&gt;</emphasis></simpara>
<simpara><emphasis>&lt;(Facultatif) Caractéristiques de qualité/performance&gt;</emphasis></simpara>
<simpara><emphasis>&lt;(Facultatif) Emplacement du répertoire/fichier&gt;</emphasis></simpara>
<simpara><emphasis>&lt;(Facultatif) Exigences respectées&gt;</emphasis></simpara>
<simpara><emphasis>&lt;(Facultatif) Questions ouvertes/problèmes/risques&gt;</emphasis></simpara>
</section>
<section xml:id="_nom_boîte_noire_2">
<title>&lt;Nom boîte noire 2&gt;</title>
<simpara><emphasis>&lt;template boîte noire&gt;</emphasis></simpara>
</section>
<section xml:id="_nom_boîte_noire_n">
<title>&lt;Nom boîte noire n&gt;</title>
<simpara><emphasis>&lt;template boîte noire&gt;</emphasis></simpara>
</section>
<section xml:id="_nom_interface_1">
<title>&lt;Nom interface 1&gt;</title>
<simpara>&#8230;&#8203;</simpara>
</section>
<section xml:id="_nom_interface_m">
<title>&lt;Nom interface m&gt;</title>

</section>
</section>
<section xml:id="_niveau_2">
<title>Niveau 2</title>
<section xml:id="_boîte_blanche_brique_1">
<title>Boîte blanche <emphasis>&lt;brique 1&gt;</emphasis></title>
<simpara><emphasis>&lt;template boîte blanche&gt;</emphasis></simpara>
</section>
<section xml:id="_boîte_blanche_brique_2">
<title>Boîte blanche <emphasis>&lt;brique 2&gt;</emphasis></title>
<simpara><emphasis>&lt;template boîte blanche&gt;</emphasis></simpara>
<simpara>&#8230;&#8203;</simpara>
</section>
<section xml:id="_boîte_blanche_brique_n">
<title>Boîte blanche <emphasis>&lt;brique n&gt;</emphasis></title>
<simpara><emphasis>&lt;template boîte blanche&gt;</emphasis></simpara>
<simpara><?asciidoc-pagebreak?></simpara>
</section>
</section>
</chapter>
<chapter xml:id="section-runtime-view">
<title>Vue Exécution</title>
<section xml:id="_scénario_dexécution_1">
<title>&lt;Scénario d&#8217;exécution 1&gt;</title>
<itemizedlist>
<listitem>
<simpara><emphasis>&lt;insérer un diagramme d&#8217;exécution ou une description textuelle du scénario&gt;</emphasis></simpara>
</listitem>
<listitem>
<simpara><emphasis>&lt;insérer une description des aspects notables des interactions entre les instances des briques représentées dans ce diagramme.&gt;</emphasis></simpara>
</listitem>
</itemizedlist>
</section>
<section xml:id="_scénario_dexécution_2">
<title>&lt;Scénario d&#8217;exécution 2&gt;</title>

</section>
<section xml:id="">
<title>&#8230;&#8203;</title>

</section>
<section xml:id="_scénario_dexécution_n">
<title>&lt;Scénario d&#8217;exécution n&gt;</title>
<simpara><?asciidoc-pagebreak?></simpara>
</section>
</chapter>
<chapter xml:id="section-deployment-view">
<title>Vue Déploiement</title>
<section xml:id="_infrastructure_niveau_1">
<title>Infrastructure Niveau 1</title>
<simpara><emphasis><emphasis role="strong">&lt;Schéma d&#8217;ensemble&gt;</emphasis></emphasis></simpara>
<variablelist>
<varlistentry>
<term>Motivation</term>
<listitem>
<simpara><emphasis>&lt;explication sous forme de texte&gt;</emphasis></simpara>
</listitem>
</varlistentry>
<varlistentry>
<term>Caractéristiques de qualité et/ou de performance</term>
<listitem>
<simpara><emphasis>&lt;explication sous forme de texte&gt;</emphasis></simpara>
</listitem>
</varlistentry>
<varlistentry>
<term>Correspondance des briques vis à vis de l&#8217;infrastructure</term>
<listitem>
<simpara><emphasis>&lt;description de la correspondance&gt;</emphasis></simpara>
</listitem>
</varlistentry>
</variablelist>
</section>
<section xml:id="_infrastructure_niveau_2">
<title>Infrastructure Niveau 2</title>
<section xml:id="_infrastructure_element_1">
<title><emphasis>&lt;Infrastructure Element 1&gt;</emphasis></title>
<simpara><emphasis>&lt;schéma + explication&gt;</emphasis></simpara>
</section>
<section xml:id="_infrastructure_element_2">
<title><emphasis>&lt;Infrastructure Element 2&gt;</emphasis></title>
<simpara><emphasis>&lt;schéma + explication&gt;</emphasis></simpara>
<simpara>&#8230;&#8203;</simpara>
</section>
<section xml:id="_infrastructure_element_n">
<title><emphasis>&lt;Infrastructure Element n&gt;</emphasis></title>
<simpara><emphasis>&lt;schéma + explication&gt;</emphasis></simpara>
<simpara><?asciidoc-pagebreak?></simpara>
</section>
</section>
</chapter>
<chapter xml:id="section-concepts">
<title>Concepts transversaux</title>
<section xml:id="_concept_1">
<title><emphasis>&lt;Concept 1&gt;</emphasis></title>
<simpara><emphasis>&lt;explication&gt;</emphasis></simpara>
</section>
<section xml:id="_concept_2">
<title><emphasis>&lt;Concept 2&gt;</emphasis></title>
<simpara><emphasis>&lt;explication&gt;</emphasis></simpara>
<simpara>&#8230;&#8203;</simpara>
</section>
<section xml:id="_concept_n">
<title><emphasis>&lt;Concept n&gt;</emphasis></title>
<simpara><emphasis>&lt;explication&gt;</emphasis></simpara>
<simpara><?asciidoc-pagebreak?></simpara>
</section>
</chapter>
<chapter xml:id="section-design-decisions">
<title>Décisions d&#8217;architecture</title>
<simpara><?asciidoc-pagebreak?></simpara>
</chapter>
<chapter xml:id="section-quality-scenarios">
<title>Critères de qualité</title>
<section xml:id="_exigences_de_qualité_vue_densemble">
<title>Exigences de qualité - Vue d&#8217;ensemble</title>

</section>
<section xml:id="_scénarios_qualité">
<title>Scénarios Qualité</title>
<simpara><?asciidoc-pagebreak?></simpara>
</section>
</chapter>
<chapter xml:id="section-technical-risks">
<title>Risques et Dettes techniques</title>
<simpara><?asciidoc-pagebreak?></simpara>
</chapter>
<chapter xml:id="section-glossary">
<title>Glossaire</title>
<informaltable frame="all" rowsep="1" colsep="1">
<tgroup cols="2">
<colspec colname="col_1" colwidth="33.3333*"/>
<colspec colname="col_2" colwidth="66.6667*"/>
<thead>
<row>
<entry align="left" valign="top">Terme</entry>
<entry align="left" valign="top">Définition</entry>
</row>
</thead>
<tbody>
<row>
<entry align="left" valign="top"><simpara><emphasis>&lt;Terme-1&gt;</emphasis></simpara></entry>
<entry align="left" valign="top"><simpara><emphasis>&lt;Définition-1&gt;</emphasis></simpara></entry>
</row>
<row>
<entry align="left" valign="top"><simpara><emphasis>&lt;Terme-2&gt;</emphasis></simpara></entry>
<entry align="left" valign="top"><simpara><emphasis>&lt;Définition-2&gt;</emphasis></simpara></entry>
</row>
</tbody>
</tgroup>
</informaltable>
</chapter>
</book>