<?xml version="1.0" encoding="UTF-8"?>
<!DOCTYPE book PUBLIC "-//OASIS//DTD DocBook XML V4.5//EN" "http://www.oasis-open.org/docbook/xml/4.5/docbookx.dtd">
<?asciidoc-toc?>
<?asciidoc-numbered?>
<book xmlns="http://docbook.org/ns/docbook" lang="en">
<bookinfo>
<title><inlinemediaobject>
  <imageobject>
    <imagedata fileref="images/arc42-logo.png"/>
  </imageobject>
  <textobject><phrase>arc42</phrase></textobject>
</inlinemediaobject> Template</title>
<date>January 2023</date>
<revhistory>
<revision>
<revnumber>8.2 FR</revnumber>
<date>January 2023</date>

<revremark>(basé sur la version AsciiDoc)</revremark>
</revision>
</revhistory>



</bookinfo>
<preface>
<title></title>
<simpara><emphasis role="strong">A propos d&#8217;arc42</emphasis></simpara>
<simpara role="lead">arc42, le modèle de documentation de l&#8217;architecture des logiciels et des systèmes.</simpara>
<simpara>Version du modèle 8.2 FR. (basé sur la version AsciiDoc), January 2023</simpara>
<simpara>Créé, maintenu et &#169; par Dr. Peter Hruschka, Dr. Gernot Starke et les contributeurs.
Voir <ulink url="https://arc42.org">https://arc42.org</ulink>.</simpara>
<simpara><?asciidoc-hr?></simpara>

<simpara><?asciidoc-pagebreak?></simpara>

</preface>

<chapter id="section-introduction-and-goals">
<title>Introduction et Objectifs</title>
<section id="_vue_d_ensemble_des_exigences">
<title>Vue d&#8217;ensemble des exigences</title>

</section>
<section id="_objectifs_de_qualit">
<title>Objectifs de Qualité</title>

</section>
<section id="_parties_prenantes">
<title>Parties prenantes</title>
<informaltable frame="all"
    rowsep="1" colsep="1">
  
  <tgroup cols="3">
    
    <colspec colname="col_1" colwidth="20*"/>
    
    <colspec colname="col_2" colwidth="40*"/>
    
    <colspec colname="col_3" colwidth="40*"/>
    
    
    <thead>
      
      <row>
        
        <entry align="left" valign="top">Rôle/Nom</entry>
        
        <entry align="left" valign="top">Contact</entry>
        
        <entry align="left" valign="top">Attentes</entry>
        
      </row>
      
    </thead>
    
    <tbody>
      
      <row>
        
        <entry align="left" valign="top"><simpara><emphasis>&lt;Role-1&gt;</emphasis></simpara></entry>
        
        <entry align="left" valign="top"><simpara><emphasis>&lt;Contact-1&gt;</emphasis></simpara></entry>
        
        <entry align="left" valign="top"><simpara><emphasis>&lt;Attente-1&gt;</emphasis></simpara></entry>
        
      </row>
      
      <row>
        
        <entry align="left" valign="top"><simpara><emphasis>&lt;Role-2&gt;</emphasis></simpara></entry>
        
        <entry align="left" valign="top"><simpara><emphasis>&lt;Contact-2&gt;</emphasis></simpara></entry>
        
        <entry align="left" valign="top"><simpara><emphasis>&lt;Attente-2&gt;</emphasis></simpara></entry>
        
      </row>
      
    </tbody>
    
  </tgroup>
</informaltable>

<simpara><?asciidoc-pagebreak?></simpara>

</section>
</chapter>
<chapter id="section-architecture-constraints">
<title>Constraintes d&#8217;Architecture</title>
<simpara><?asciidoc-pagebreak?></simpara>

</chapter>
<chapter id="section-context-and-scope">
<title>Contexte et périmètre</title>
<section id="_contexte_m_tier">
<title>Contexte métier</title>
<simpara><emphasis role="strong">&lt;Schéma ou tableau&gt;</emphasis></simpara>
<simpara><emphasis role="strong">&lt;éventuellement : Explication des interfaces de domaines externes&gt;</emphasis></simpara>
</section>
<section id="_contexte_technique">
<title>Contexte Technique</title>
<simpara><emphasis role="strong">&lt;Schéma ou tableau&gt;</emphasis></simpara>
<simpara><emphasis role="strong">&lt;en option : Explication des interfaces techniques&gt;</emphasis></simpara>
<simpara><emphasis role="strong">&lt;Correspondance des entrées/sorties aux canaux&gt;</emphasis></simpara>
<simpara><?asciidoc-pagebreak?></simpara>

</section>
</chapter>
<chapter id="section-solution-strategy">
<title>Stratégie de solution</title>
<simpara><?asciidoc-pagebreak?></simpara>

</chapter>
<chapter id="section-building-block-view">
<title>Vue en Briques</title>
<section id="_niveau_1_syst_me_global_bo_te_blanche">
<title>Niveau 1 : Système global Boîte blanche</title>
<simpara><emphasis><emphasis role="strong">&lt;Schéma d&#8217;ensemble&gt;</emphasis></emphasis></simpara>
<variablelist>
<varlistentry>
<term>Motivation</term>
<listitem>
<simpara><emphasis>&lt;texte explicatif&gt;</emphasis></simpara>
</listitem>
</varlistentry>
<varlistentry>
<term>Briques contenues</term>
<listitem>
<simpara><emphasis>&lt;Description de la brique contenue (boîte noire)&gt;</emphasis></simpara>
</listitem>
</varlistentry>
<varlistentry>
<term>Interfaces Importantes</term>
<listitem>
<simpara><emphasis>&lt;Description des interfaces importantes&gt;</emphasis></simpara>
</listitem>
</varlistentry>
</variablelist>

<section id="__nom_bo_te_noire_1">
<title>&lt;Nom boîte noire 1&gt;</title>
<simpara><emphasis>&lt;Objectif/Responsabilité&gt;</emphasis></simpara>
<simpara><emphasis>&lt;Interface(s)&gt;</emphasis></simpara>
<simpara><emphasis>&lt;(Facultatif) Caractéristiques de qualité/performance&gt;</emphasis></simpara>
<simpara><emphasis>&lt;(Facultatif) Emplacement du répertoire/fichier&gt;</emphasis></simpara>
<simpara><emphasis>&lt;(Facultatif) Exigences respectées&gt;</emphasis></simpara>
<simpara><emphasis>&lt;(Facultatif) Questions ouvertes/problèmes/risques&gt;</emphasis></simpara>
</section>
<section id="__nom_bo_te_noire_2">
<title>&lt;Nom boîte noire 2&gt;</title>
<simpara><emphasis>&lt;template boîte noire&gt;</emphasis></simpara>
</section>
<section id="__nom_bo_te_noire_n">
<title>&lt;Nom boîte noire n&gt;</title>
<simpara><emphasis>&lt;template boîte noire&gt;</emphasis></simpara>
</section>
<section id="__nom_interface_1">
<title>&lt;Nom interface 1&gt;</title>
<simpara>&#8230;</simpara>
</section>
<section id="__nom_interface_m">
<title>&lt;Nom interface m&gt;</title>

</section>
</section>
<section id="_niveau_2">
<title>Niveau 2</title>
<section id="_bo_te_blanche_emphasis_brique_1_emphasis">
<title>Boîte blanche <emphasis>&lt;brique 1&gt;</emphasis></title>
<simpara><emphasis>&lt;template boîte blanche&gt;</emphasis></simpara>
</section>
<section id="_bo_te_blanche_emphasis_brique_2_emphasis">
<title>Boîte blanche <emphasis>&lt;brique 2&gt;</emphasis></title>
<simpara><emphasis>&lt;template boîte blanche&gt;</emphasis></simpara>
<simpara>&#8230;</simpara>
</section>
<section id="_bo_te_blanche_emphasis_brique_n_emphasis">
<title>Boîte blanche <emphasis>&lt;brique n&gt;</emphasis></title>
<simpara><emphasis>&lt;template boîte blanche&gt;</emphasis></simpara>
<simpara><?asciidoc-pagebreak?></simpara>

</section>
</section>
</chapter>
<chapter id="section-runtime-view">
<title>Vue Exécution</title>
<section id="__sc_nario_d_ex_cution_1">
<title>&lt;Scénario d&#8217;exécution 1&gt;</title>
<itemizedlist>
<listitem>
<simpara><emphasis>&lt;insérer un diagramme d&#8217;exécution ou une description textuelle du scénario&gt;</emphasis></simpara>
</listitem>
<listitem>
<simpara><emphasis>&lt;insérer une description des aspects notables des interactions entre les instances des briques représentées dans ce diagramme.&gt;</emphasis></simpara>
</listitem>
</itemizedlist>

</section>
<section id="__sc_nario_d_ex_cution_2">
<title>&lt;Scénario d&#8217;exécution 2&gt;</title>

</section>
<section id="_">
<title>&#8230;</title>

</section>
<section id="__sc_nario_d_ex_cution_n">
<title>&lt;Scénario d&#8217;exécution n&gt;</title>
<simpara><?asciidoc-pagebreak?></simpara>

</section>
</chapter>
<chapter id="section-deployment-view">
<title>Vue Déploiement</title>
<section id="_infrastructure_niveau_1">
<title>Infrastructure Niveau 1</title>
<simpara><emphasis><emphasis role="strong">&lt;Schéma d&#8217;ensemble&gt;</emphasis></emphasis></simpara>
<variablelist>
<varlistentry>
<term>Motivation</term>
<listitem>
<simpara><emphasis>&lt;explication sous forme de texte&gt;</emphasis></simpara>
</listitem>
</varlistentry>
<varlistentry>
<term>Caractéristiques de qualité et/ou de performance</term>
<listitem>
<simpara><emphasis>&lt;explication sous forme de texte&gt;</emphasis></simpara>
</listitem>
</varlistentry>
<varlistentry>
<term>Correspondance des briques vis à vis de l&#8217;infrastructure</term>
<listitem>
<simpara><emphasis>&lt;description de la correspondance&gt;</emphasis></simpara>
</listitem>
</varlistentry>
</variablelist>

</section>
<section id="_infrastructure_niveau_2">
<title>Infrastructure Niveau 2</title>
<section id="__emphasis_infrastructure_element_1_emphasis">
<title><emphasis>&lt;Infrastructure Element 1&gt;</emphasis></title>
<simpara><emphasis>&lt;schéma + explication&gt;</emphasis></simpara>
</section>
<section id="__emphasis_infrastructure_element_2_emphasis">
<title><emphasis>&lt;Infrastructure Element 2&gt;</emphasis></title>
<simpara><emphasis>&lt;schéma + explication&gt;</emphasis></simpara>
<simpara>&#8230;</simpara>
</section>
<section id="__emphasis_infrastructure_element_n_emphasis">
<title><emphasis>&lt;Infrastructure Element n&gt;</emphasis></title>
<simpara><emphasis>&lt;schéma + explication&gt;</emphasis></simpara>
<simpara><?asciidoc-pagebreak?></simpara>

</section>
</section>
</chapter>
<chapter id="section-concepts">
<title>Concepts transverses</title>
<section id="__emphasis_concept_1_emphasis">
<title><emphasis>&lt;Concept 1&gt;</emphasis></title>
<simpara><emphasis>&lt;explication&gt;</emphasis></simpara>
</section>
<section id="__emphasis_concept_2_emphasis">
<title><emphasis>&lt;Concept 2&gt;</emphasis></title>
<simpara><emphasis>&lt;explication&gt;</emphasis></simpara>
<simpara>&#8230;</simpara>
</section>
<section id="__emphasis_concept_n_emphasis">
<title><emphasis>&lt;Concept n&gt;</emphasis></title>
<simpara><emphasis>&lt;explication&gt;</emphasis></simpara>
<simpara><?asciidoc-pagebreak?></simpara>

</section>
</chapter>
<chapter id="section-design-decisions">
<title>Décisions d&#8217;architecture</title>
<simpara><?asciidoc-pagebreak?></simpara>

</chapter>
<chapter id="section-quality-scenarios">
<title>Exigences de qualité</title>
<section id="_arbre_de_qualit">
<title>Arbre de qualité</title>

</section>
<section id="_sc_narios_qualit">
<title>Scénarios Qualité</title>
<simpara><?asciidoc-pagebreak?></simpara>

</section>
</chapter>
<chapter id="section-technical-risks">
<title>Risques et Dettes techniques</title>
<simpara><?asciidoc-pagebreak?></simpara>

</chapter>
<chapter id="section-glossary">
<title>Glossaire</title>
<informaltable frame="all"
    rowsep="1" colsep="1">
  
  <tgroup cols="2">
    
    <colspec colname="col_1" colwidth="33*"/>
    
    <colspec colname="col_2" colwidth="66*"/>
    
    
    <thead>
      
      <row>
        
        <entry align="left" valign="top">Terme</entry>
        
        <entry align="left" valign="top">Définition</entry>
        
      </row>
      
    </thead>
    
    <tbody>
      
      <row>
        
        <entry align="left" valign="top"><simpara><emphasis>&lt;Terme-1&gt;</emphasis></simpara></entry>
        
        <entry align="left" valign="top"><simpara><emphasis>&lt;Définition-1&gt;</emphasis></simpara></entry>
        
      </row>
      
      <row>
        
        <entry align="left" valign="top"><simpara><emphasis>&lt;Terme-2&gt;</emphasis></simpara></entry>
        
        <entry align="left" valign="top"><simpara><emphasis>&lt;Définition-2&gt;</emphasis></simpara></entry>
        
      </row>
      
    </tbody>
    
  </tgroup>
</informaltable>

</chapter>
</book>