<?xml version="1.0" encoding="UTF-8"?>
<!DOCTYPE book PUBLIC "-//OASIS//DTD DocBook XML V4.5//EN" "http://www.oasis-open.org/docbook/xml/4.5/docbookx.dtd">
<?asciidoc-toc?>
<?asciidoc-numbered?>
<book xmlns="http://docbook.org/ns/docbook" lang="en">
<bookinfo>
<title>Plantilla <inlinemediaobject>
  <imageobject>
    <imagedata fileref="images/arc42-logo.png"/>
  </imageobject>
  <textobject><phrase>arc42</phrase></textobject>
</inlinemediaobject></title>
<date>January 2023</date>
<revhistory>
<revision>
<revnumber>8.2 ES</revnumber>
<date>January 2023</date>

<revremark>(based upon AsciiDoc version)</revremark>
</revision>
</revhistory>



</bookinfo>
<preface>
<title></title>
<simpara><emphasis role="strong">Acerca de arc42</emphasis></simpara>
<simpara role="lead">arc42, La plantilla de documentación para arquitectura de sistemas y de software.</simpara>
<simpara>Por Dr. Gernot Starke, Dr. Peter Hruschka y otros contribuyentes.</simpara>
<simpara>Revisión de la plantilla: 7.0 ES (basada en asciidoc), Enero 2017</simpara>
<simpara>&#169;
Reconocemos que este documento utiliza material de la plantilla de arquitectura arc42, <ulink url="https://www.arc42.org">https://www.arc42.org</ulink>.
Creada por Dr. Peter Hruschka y Dr. Gernot Starke.</simpara>
<simpara><?asciidoc-hr?></simpara>

<sidebar role="arc42help">
<note>
<simpara>La versión de esta plantilla contiene textos de ayuda y explicación
Se utiliza para familiarizarse con arc42 y comprender sus conceptos.
Para la documentación de su propio sistema puede utilizar la version <emphasis>plain</emphasis>.</simpara>
</note>

</sidebar>

<simpara><?asciidoc-pagebreak?></simpara>

</preface>

<chapter id="section-introduction-and-goals">
<title>Introducción y Metas</title>
<sidebar role="arc42help">
<simpara>Describe los requerimientos relevantes y las directrices que los arquitectos de software y el equipo de desarrollo
deben considerar. Entre estas se incluyen:</simpara>
<itemizedlist>
<listitem>
<simpara>Objetivos empresariales subyacentes, características esenciales y requerimientos funcionales para el sistema</simpara>
</listitem>
<listitem>
<simpara>Metas de calidad para la arquitectura</simpara>
</listitem>
<listitem>
<simpara>Las partes interesadas pertinentes y sus expectativas</simpara>
</listitem>
</itemizedlist>

</sidebar>

<section id="_vista_de_requerimientos">
<title>Vista de Requerimientos</title>
<sidebar role="arc42help">
<formalpara>
<title>Contenido</title>
<para>Descripción corta de los requerimientos funcionales, motivaciones, extracto (o resumen) de los
requerimientos. Ligar a los documentos de requerimientos determinados (Con número de versión e
información de donde encontrarla).</para>
</formalpara>
<formalpara>
<title>Motivación</title>
<para>Desde el punto de vista de los usuarios finales un sistema es creado o modificado para
mejorar el soporte a una actividad de negocio o incrementar su calidad</para>
</formalpara>
<formalpara>
<title>Forma</title>
<para>Descripción corta textual, probablemente en un formato de caso de uso tabular.
Si existen documentos de requerimientos esta vista debe referir a dichos requerimientos</para>
</formalpara>
<simpara>Mantenga estos extractos tan cortos como sea posible. Encuentre el balance entre la legibilidad y
la redundancia de este documento respecto a los documentos de requerimientos que se encuentren
relacionados.</simpara>
</sidebar>

</section>
<section id="_metas_de_calidad">
<title>Metas de Calidad</title>
<sidebar role="arc42help">
<formalpara>
<title>Contenido</title>
<para>Las tres metas de calidad principales (o hasta cinco) cuyo cumplimiento sea de la mayor importancia para las
principales partes interesadas. Nos referimos a las metas de calidad para la arquitectura. No confundir
con las metas del proyecto. No necesariamente son idénticas.</para>
</formalpara>
<formalpara>
<title>Motivación</title>
<para>Debe conocer las metas de calidad de las partes interesadas más importantes, ya que ellos influenciarán
las decisiones arquitectónicas principales. Asegúrese de ser muy concreto con las descripciones, evitando buzzwords.
Si como arquitecto no conoce la calidad de su trabajo, será juzgado&#8230;</para>
</formalpara>
<formalpara>
<title>Forma</title>
<para>Una tabla con metas de calidad y escenarios concretos, ordenados por prioridades</para>
</formalpara>
</sidebar>

</section>
<section id="_partes_interesadas_stakeholders">
<title>Partes interesadas (Stakeholders)</title>
<sidebar role="arc42help">
<formalpara>
<title>Contenido</title>
<para>Vista detallada de las partes intersadas del sistema, es decir, toda persona, rol u organización que:</para>
</formalpara>
<itemizedlist>
<listitem>
<simpara>Debe conocer la arquitectura</simpara>
</listitem>
<listitem>
<simpara>Debe estar convencida de la arquitectura</simpara>
</listitem>
<listitem>
<simpara>Tiene que trabajar con la arquitectura o con el código</simpara>
</listitem>
<listitem>
<simpara>Necesitan la documentación de la arquitectura para su trabajo</simpara>
</listitem>
<listitem>
<simpara>Intervienen en las decisiones acerca del sistema o su desarrollo</simpara>
</listitem>
</itemizedlist>

<formalpara>
<title>Motivación</title>
<para>Debe conocer a todas las partes involucradas en el desarrollo del sistema o que son afectadas
por el sistema. De otro modo, se topará con sorpresas desagradables durante el proceso de desarrollo.
Estas partes relacionadas o stakeholders determinarán la extensión y el nivel de detalle del trabajo
y sus resultados</para>
</formalpara>
<formalpara>
<title>Forma</title>
<para>Tabla con nombres de los roles, personas, y sus expectativas con respecto a la arquitectura y su
documentación</para>
</formalpara>
</sidebar>

<informaltable frame="all"
    rowsep="1" colsep="1">
  
  <tgroup cols="3">
    
    <colspec colname="col_1" colwidth="20*"/>
    
    <colspec colname="col_2" colwidth="40*"/>
    
    <colspec colname="col_3" colwidth="40*"/>
    
    
    <thead>
      
      <row>
        
        <entry align="left" valign="top">Rol/Nombre</entry>
        
        <entry align="left" valign="top">Contacto</entry>
        
        <entry align="left" valign="top">Expectativas</entry>
        
      </row>
      
    </thead>
    
    <tbody>
      
      <row>
        
        <entry align="left" valign="top"><simpara><emphasis>&lt;Role-1&gt;</emphasis></simpara></entry>
        
        <entry align="left" valign="top"><simpara><emphasis>&lt;Contact-1&gt;</emphasis></simpara></entry>
        
        <entry align="left" valign="top"><simpara><emphasis>&lt;Expectation-1&gt;</emphasis></simpara></entry>
        
      </row>
      
      <row>
        
        <entry align="left" valign="top"><simpara><emphasis>&lt;Role-2&gt;</emphasis></simpara></entry>
        
        <entry align="left" valign="top"><simpara><emphasis>&lt;Contact-2&gt;</emphasis></simpara></entry>
        
        <entry align="left" valign="top"><simpara><emphasis>&lt;Expectation-2&gt;</emphasis></simpara></entry>
        
      </row>
      
    </tbody>
    
  </tgroup>
</informaltable>

<simpara><?asciidoc-pagebreak?></simpara>

</section>
</chapter>
<chapter id="section-architecture-constraints">
<title>Restricciones de la Arquitectura</title>
<sidebar role="arc42help">
<formalpara>
<title>Contenido</title>
<para>Cualquier requerimiento que restrinja a los arquitectos de software en la libertad de diseño y la toma de decisiones
sobre la implementación o el proceso de desarrollo. Estas restricciones a veces van más allá de sistemas individuales
y son validos para organizaciones y compañías enteras.</para>
</formalpara>
<formalpara>
<title>Motivación</title>
<para>Los arquitectos deben saber exactamente sus libertades respecto a las decisiones de diseño y en donde deben apegarse
a restricciones. Las restricciones siempre deben ser acatadas, aunque en algunos casos pueden ser negociables.</para>
</formalpara>
<formalpara>
<title>Forma</title>
<para>Tablas de restricciones con sus explicaciones.
Si se requiere, se pueden subdividir en restricciones técnicas, organizacionales y/o políticas y convenciones
(por ejemplo, guías de versionado o programación, convenciones de documentación o nombrado)</para>
</formalpara>
</sidebar>

<simpara><?asciidoc-pagebreak?></simpara>

</chapter>
<chapter id="section-system-scope-and-context">
<title>Alcance y Contexto del Sistema</title>
<sidebar role="arc42help">
<formalpara>
<title>Contenido</title>
<para>El alcance y contexto del sistema - como lo sugiere el nombre - delimita al sistema (es decir, el alcance) de todos sus
socios de comunicación (Usuarios y sistemas vecinos, es decir, el contexto del sistema).
System scope and context - as the name suggests - delimits your system (i.e. your scope) from all its communication partners
(neighboring systems and users, i.e. the context of your system). Con ello se especifican las interfaces externas.</para>
</formalpara>
<simpara>Si es necesario, diferenciar el contexto de negocio (Entradas y salidas específicas del dominio) del contexto técnico
(canales, protocolos, hardware).</simpara>
<formalpara>
<title>Motivación</title>
<para>Las interfases de dominio y las interfases técnicas a los socios de comunicación son de los aspectos más críticos del sistema.
Se debe asegurar el entendimiento de ellos.</para>
</formalpara>
<formalpara>
<title>Forma</title>
<para>Varias opciones:</para>
</formalpara>
<itemizedlist>
<listitem>
<simpara>Diagramas de contexto</simpara>
</listitem>
<listitem>
<simpara>Listas de socios de comunicación y sus interfases.</simpara>
</listitem>
</itemizedlist>

</sidebar>

<section id="_contexto_de_negocio">
<title>Contexto de Negocio</title>
<sidebar role="arc42help">
<formalpara>
<title>Contenido</title>
<para>La especificación de <emphasis role="strong">todos</emphasis> los socios de comunicación (usuarios, sistemas, &#8230;) con explicaciones de las entradas y salidas
específicas del dominio o interfases.
Opcionalmente puede agregar formatos específicos de dominio o protocolos de comunicación</para>
</formalpara>
<formalpara>
<title>Motivación</title>
<para>Todas las partes interesadas deben entender que datos son intercambiados con el ambiente del sistema.</para>
</formalpara>
<formalpara>
<title>Forma</title>
<para>Cualquier forma de diagramas que muestren al sistema como una caja negra y especifiquen las interfases de dominio a los
socios de comunicación.</para>
</formalpara>
<simpara>De manera alternativa (o adicional) se puede utilizar una tabla.
El título de la tabla es el nombre del sistema, las tres columnas contienen el nombre del socio de comunicación, las
entradas y las salidas</simpara>
</sidebar>

<simpara><emphasis role="strong">&lt;Diagrama o Tabla&gt;</emphasis></simpara>
<simpara><emphasis role="strong">&lt;optionally: Explanation of external domain interfaces&gt;</emphasis></simpara>
</section>
<section id="_contexto_t_cnico">
<title>Contexto Técnico</title>
<sidebar role="arc42help">
<formalpara>
<title>Contenido</title>
<para>Las interfases técnicas (medios de transmisión y canales) enlanzando al sistema con su ambiente. De manera adicional
el mapeo de las entradas/salidas específicas del dominio a los canales, es decir, una explicación acerca de que entrada/salida
utiliza cual canal.</para>
</formalpara>
<formalpara>
<title>Motivación</title>
<para>Muchas partes relacionadas realizan decisiones arquitectónicas basadas en las interfases técnicas entre el sistema y
su contexto. Especialmente los diseñadores de infraestructura o hardware deciden estas interfases técnicas.</para>
</formalpara>
<formalpara>
<title>Forma</title>
<para>Por ejemplo, diagramas UML de despligue describiendo los canales a sistemas vecinos, junto con una tabla de
mapeo mostrando las relaciones entre los canales y las entradas/salidas.</para>
</formalpara>
</sidebar>

<simpara><emphasis role="strong">&lt;Diagrama o Tabla&gt;</emphasis></simpara>
<simpara><emphasis role="strong">&lt;Opcional: Explicación de las interfases técnicas&gt;</emphasis></simpara>
<simpara><emphasis role="strong">&lt;Mapeo de Entrada/Salida a canales&gt;</emphasis></simpara>
<simpara><?asciidoc-pagebreak?></simpara>

</section>
</chapter>
<chapter id="section-solution-strategy">
<title>Estrategia de solución</title>
<sidebar role="arc42help">
<formalpara>
<title>Contenido</title>
<para>Un resumen corto y explicación de las estrategias y decisiones fundamentales para la solución que le dan forma a la
arquitectura del sistema.
Estas incluyen:</para>
</formalpara>
<itemizedlist>
<listitem>
<simpara>Decisiones tecnológicas</simpara>
</listitem>
<listitem>
<simpara>Decisiones acerca de la descomposición a alto nivel de un sistema, por ejemplo, el uso de algún patrón de diseño
o de arquitectura.</simpara>
</listitem>
<listitem>
<simpara>Decisiones en como alcanzar metas de calidad claves</simpara>
</listitem>
<listitem>
<simpara>Decisiones organizacionales relevantes, como el seleccionar un proceso de desarrollo o delegar ciertas tareas a terceros.</simpara>
</listitem>
</itemizedlist>

<formalpara>
<title>Motivación</title>
<para>Estas decisiones son las piedras angulares de la arquitectura. Son la base de muchas otras decisiones detalladas o reglas de implementación.</para>
</formalpara>
<formalpara>
<title>Forma</title>
<para>Realice la explicación de las deciciones clave de manera breve.</para>
</formalpara>
<simpara>Justifique las decisiones y porque se realizaron de esa manera, basado en el planteamiento del problema,
las metas de calidad y restricciones clave.
Refierase a los detalles en las secciones posteriores.</simpara>
</sidebar>

<simpara><?asciidoc-pagebreak?></simpara>

</chapter>
<chapter id="section-building-block-view">
<title>Vista de Bloques</title>
<sidebar role="arc42help">
<formalpara>
<title>Contenido</title>
<para>La vista de bloques muestra la descomposición estática del sistema en bloques de construcción (módulos, componentes,
subsistemas, clases, interfases, paquetes, bibliotecas, marcos de desarrollo, capas, particiones, funciones, macros,
operaciones, estructuras de datos,&#8230;) así como sus dependencias (relaciones, asociaciones,&#8230;)</para>
</formalpara>
<simpara>Esta vista es obligatoria para cualquier documentación de arquitectura.
Es la analogía al plano de una casa.</simpara>
<formalpara>
<title>Motivación</title>
<para>Mantener una visión general de su código fuente haciendo su estructura comprensible de manera abstracta.</para>
</formalpara>
<simpara>Esto permite comunicar a las partes interesades en un nivel abstracto sin entrar en detalles de implementación.</simpara>
<formalpara>
<title>Forma</title>
<para>La vista de bloques comprende una colección jerárquica de cajas negras y cajas blancas (ver figura de abajo)
y sus descripciones.</para>
</formalpara>
<figure>
  <mediaobject>
    <imageobject>
      <imagedata fileref="images/05_building_blocks-ES.png"/>
    </imageobject>
    <textobject><phrase>Jerarquía de bloques de construcción</phrase></textobject>
  </mediaobject>
</figure>

<simpara><emphasis role="strong">Nivel 1</emphasis> comprende la descripción de Caja Blanca del sistema en general junto con las descripciones de Caja Negra de
todos los bloques contenidos.</simpara>
<simpara><emphasis role="strong">Nivel 2</emphasis> hace zoom a los bloques de construcción del Nivel 1. Entonces contiene la descripción de Caja Blanca de los
bloques de construcción selecionadas del nivel 1,junto con las descripciones de caja negra de sus bloques de construcción
internas.</simpara>
<simpara><emphasis role="strong">Nivel 3</emphasis> Hace zoom a los bloques selectos del nivel 2, y así sucesivamente.</simpara>
</sidebar>

<section id="_sistema_general_de_caja_blanca">
<title>Sistema General de Caja Blanca</title>
<sidebar role="arc42help">
<simpara>Aquí se describe la descomposición del sistema en general usando la siguiente plantilla de caja blanca. Contiene:</simpara>
<itemizedlist>
<listitem>
<simpara>Un diagrama general</simpara>
</listitem>
<listitem>
<simpara>La motivación para la descomposición</simpara>
</listitem>
<listitem>
<simpara>Descripciones de caja negra de los bloques de construcción contenidos. Para estos se ofrecen las siguientes
alternativas:</simpara>
<itemizedlist>
<listitem>
<simpara>Usar <emphasis>una</emphasis> tabla para una revisión pragmática y corta de todos los bloques de construcción contenidos y sus
interfaces</simpara>
</listitem>
<listitem>
<simpara>Usar una lista de descripciones de caja negra de los bloques de construcción acorde a la plantilla de caja negra (ver abajo). Dependiendo de la herramienta utilizada, esta lista podría constar de sub-capítulos (en archivos de texto),
sub-páginas (en un wiki) o elementos anidados (en una herramienta de modelado).</simpara>
</listitem>
</itemizedlist>

</listitem>
<listitem>
<simpara>(opcional:) Interfases importantes, que no están explicadas en las plantillas de caja negra de un bloque de construcción,
pero que son muy importantes para entender la caja blanca. En el peor de los casos se deberá especificar y desribir la
sintaxis, semántica, protocolos, manejo de errores, restricciones, versiones, calidades, compatibilidades necesarias, entre
otras. En el mejor de los casos bastará con ejemplos o la firma de los mismos.</simpara>
</listitem>
</itemizedlist>

</sidebar>

<simpara><emphasis><emphasis role="strong">&lt;Diagrama general&gt;</emphasis></emphasis></simpara>
<variablelist>
<varlistentry>
<term>Motivación</term>
<listitem>
<simpara><emphasis>&lt;Explicación en texto&gt;</emphasis></simpara>
</listitem>
</varlistentry>
<varlistentry>
<term>Bloques de construcción contenidos</term>
<listitem>
<simpara><emphasis>&lt;Desripción de los bloques de construcción contenidos (Cajas negras)&gt;</emphasis></simpara>
</listitem>
</varlistentry>
<varlistentry>
<term>Interfases importantes</term>
<listitem>
<simpara><emphasis>&lt;Descripción de las interfases importantes&gt;</emphasis></simpara>
</listitem>
</varlistentry>
</variablelist>

<sidebar role="arc42help">
<simpara>Inserte las explicaciones de las cajas negras del nivel 1:</simpara>
<simpara>Si usa la forma tabular solo describa las cajas negras con nombre y responsabilidad acorde al
siguiente esquema:</simpara>
<informaltable frame="all"
    rowsep="1" colsep="1">
  
  <tgroup cols="2">
    
    <colspec colname="col_1" colwidth="33*"/>
    
    <colspec colname="col_2" colwidth="66*"/>
    
    
    <thead>
      
      <row>
        
        <entry align="left" valign="top"><emphasis role="strong">Nombre</emphasis></entry>
        
        <entry align="left" valign="top"><emphasis role="strong">Responsabilidad</emphasis></entry>
        
      </row>
      
    </thead>
    
    <tbody>
      
      <row>
        
        <entry align="left" valign="top"><simpara><emphasis>&lt;caja negra 1&gt;</emphasis></simpara></entry>
        
        <entry align="left" valign="top"><simpara> <emphasis>&lt;Texto&gt;</emphasis></simpara></entry>
        
      </row>
      
      <row>
        
        <entry align="left" valign="top"><simpara><emphasis>&lt;caja negra 2&gt;</emphasis></simpara></entry>
        
        <entry align="left" valign="top"><simpara> <emphasis>&lt;Texto&gt;</emphasis></simpara></entry>
        
      </row>
      
    </tbody>
    
  </tgroup>
</informaltable>

<simpara>Si utiliza una lista de descripciones de cajas negras entonces llene una plantilla de caja negra por cada bloque de construcción
importante. El título es el nombre de la caja negra.</simpara>
</sidebar>

<section id="__caja_negra_1">
<title>&lt;Caja Negra 1&gt;</title>
<sidebar role="arc42help">
<simpara>Aqui se describe la &lt;caja negra 1&gt; acorde a la siguiente plantilla:</simpara>
<itemizedlist>
<listitem>
<simpara>Propósito/Responsabilidad</simpara>
</listitem>
<listitem>
<simpara>Interfases, cuando no son extraídas como párrafos separados. Estas interfases pueden incluir características de calidad y rendimiento.</simpara>
</listitem>
<listitem>
<simpara>(Opcional) Características de Calidad / Rendimiento de la caja negra, por ejemplo, disponibilidad, comportamiento en ejecución, &#8230;</simpara>
</listitem>
<listitem>
<simpara>(Opcional) Ubicación archivo/directorio</simpara>
</listitem>
<listitem>
<simpara>(Opcional) Requerimientos satisfechos (si se necesita contar con la trazabilidad a los requerimientos).</simpara>
</listitem>
<listitem>
<simpara>(Opcional) Incidentes/problemas/riesgos abiertos</simpara>
</listitem>
</itemizedlist>

</sidebar>

<simpara><emphasis>&lt;Propósito/Responsabilidad&gt;</emphasis></simpara>
<simpara><emphasis>&lt;Interfase(s)&gt;</emphasis></simpara>
<simpara><emphasis>&lt;(Opcional) Características de Calidad/Performance&gt;</emphasis></simpara>
<simpara><emphasis>&lt;(Opcional) Ubicación Archivo/Directorio&gt;</emphasis></simpara>
<simpara><emphasis>&lt;(Opcional) Requerimientos Satisfechos&gt;</emphasis></simpara>
<simpara><emphasis>&lt;(Opcional) Riesgos/Problemas/Incidentes Abiertos&gt;</emphasis></simpara>
</section>
<section id="__caja_negra_2">
<title>&lt;Caja Negra 2&gt;</title>
<simpara><emphasis>&lt;plantilla de caja negra&gt;</emphasis></simpara>
</section>
<section id="__caja_negra_n">
<title>&lt;Caja Negra N&gt;</title>
<simpara><emphasis>&lt;Plantilla de caja negra&gt;</emphasis></simpara>
</section>
<section id="__interfase_1">
<title>&lt;Interfase 1&gt;</title>
<simpara>&#8230;</simpara>
</section>
<section id="__interfase_m">
<title>&lt;Interfase m&gt;</title>

</section>
</section>
<section id="_nivel_2">
<title>Nivel 2</title>
<sidebar role="arc42help">
<simpara>Aquí se especifica la estructura interna de (algunos) bloques de construcción del nivel 1 como cajas blancas.</simpara>
<simpara>Debe decidir cuales bloques de construcción del sistema son lo suficientemente importantes para justificar una
descripción detallada. Prefiera la relevancia sobre la completitud. Especifique bloques de construcción importantes,
sorprendentes, riesgosos, complejos o volátiles. Deje fuera las partes normales, simples, estándares o aburridas del sistema.</simpara>
</sidebar>

<section id="_caja_blanca_emphasis_bloque_de_construcci_n_1_emphasis">
<title>Caja Blanca <emphasis>&lt;bloque de construcción 1&gt;</emphasis></title>
<sidebar role="arc42help">
<simpara>&#8230;Describe la estructura interna de <emphasis>bloque de construcción 1</emphasis>.</simpara>
</sidebar>

<simpara><emphasis>&lt;plantilla de caja blanca&gt;</emphasis></simpara>
</section>
<section id="_caja_blanca_emphasis_bloque_de_construcci_n_2_emphasis">
<title>Caja Blanca <emphasis>&lt;bloque de construcción 2&gt;</emphasis></title>
<simpara><emphasis>&lt;plantilla de caja blanca&gt;</emphasis></simpara>
<simpara>&#8230;</simpara>
</section>
<section id="_caja_blanca_emphasis_bloque_de_construcci_n_m_emphasis">
<title>Caja Blanca <emphasis>&lt;bloque de construcción m&gt;</emphasis></title>
<simpara><emphasis>&lt;plantilla de caja blanca&gt;</emphasis></simpara>
</section>
</section>
<section id="_nivel_3">
<title>Nivel 3</title>
<sidebar role="arc42help">
<simpara>Aqui se especifica la estructura interna de (algunos) de los bloques de construcción del nivel 2 como cajas blancas.</simpara>
<simpara>Cuando la arquitectura requiera más niveles detallados copiar esta sección para niveles adicionales.</simpara>
</sidebar>

<section id="_caja_blanca_bloque_de_construcci_n_x_1">
<title>Caja Blanca &lt;_bloque de construcción x.1_&gt;</title>
<sidebar role="arc42help">
<simpara>Especifica la estructura interna de <emphasis>bloque de construcción x.1</emphasis>.</simpara>
</sidebar>

<simpara><emphasis>&lt;plantilla de caja blanca&gt;</emphasis></simpara>
</section>
<section id="_caja_blanca_bloque_de_construcci_n_x_2">
<title>Caja Blanca &lt;_bloque de construcción x.2_&gt;</title>
<simpara><emphasis>&lt;plantilla de caja blanca&gt;</emphasis></simpara>
</section>
<section id="_caja_blanca_bloque_de_construcci_n_y_1">
<title>Caja Blanca &lt;_bloque de construcción y.1_&gt;</title>
<simpara><emphasis>&lt;plantilla de caja blanca&gt;</emphasis></simpara>
<simpara><?asciidoc-pagebreak?></simpara>

</section>
</section>
</chapter>
<chapter id="section-runtime-view">
<title>Vista de Ejecución</title>
<sidebar role="arc42help">
<formalpara>
<title>Contenido</title>
<para>La vista de ejecución describe el comportamiento concreto y la interacción de los bloques de construcción del sistema
en forma de escenarios en las siguientes áreas:</para>
</formalpara>
<itemizedlist>
<listitem>
<simpara>Casos de uso o características importantes: ¿Cómo los ejecutan los bloques de construcción?</simpara>
</listitem>
<listitem>
<simpara>Interacciones en interfases externas críticas: ¿Cómo cooperan los bloques de construcción con los usuarios y sistemas
vecinos?</simpara>
</listitem>
<listitem>
<simpara>Administración y operación: Carga, inicialización, detención.</simpara>
</listitem>
<listitem>
<simpara>Escenarios de error y excepción.</simpara>
</listitem>
</itemizedlist>

<simpara>Observación: El criterio principal para la elección de los escenarios posibles (flujos de trabajo, secuencias) es su
<emphasis role="strong">relevancia arquitectónica</emphasis>. <emphasis role="strong">No</emphasis> es importante describir un gran número de escenarios. Se debe documentar una selección
representativa.</simpara>
<formalpara>
<title>Motivación</title>
<para>Debe entenderse como las instancias de los bloques de construcción del sistema realizan su trabajo y se comunican en
tiempo de ejecución.
Deben capturarse principalmente los escenarios que comuniquen a las partes relacionadas que tengan problemas
para comprender los modelos estáticos en la documentación (Vista de Bloques de Construcción, Vista de Despliegue).</para>
</formalpara>
<formalpara>
<title>Forma</title>
<para>Hay muchas notaciones para describir los escenarios, por ejemplo:
* Lista numerada de pasos (en lenguaje natural).
* Diagramas de flujo o de actividades
* Diagramas de secuencia
* BPMN o EPCs (Cadenas de procesos de eventos)
* Máquinas de estado
* &#8230;.</para>
</formalpara>
</sidebar>

<section id="__escenario_de_ejecuci_n_1">
<title>&lt;Escenario de ejecución 1&gt;</title>
<itemizedlist>
<listitem>
<simpara><emphasis>&lt;Inserte un diagrama de ejecución o la descripción del escenario&gt;</emphasis></simpara>
</listitem>
<listitem>
<simpara><emphasis>&lt;Inserte la descripción de aspectos notables de las interacciones entre los bloques de construcción mostrados en este diagrama.&gt;</emphasis></simpara>
</listitem>
</itemizedlist>

</section>
<section id="__escenario_de_ejecuci_n_2">
<title>&lt;Escenario de ejecución 2&gt;</title>

</section>
<section id="_">
<title>&#8230;</title>

</section>
<section id="__escenario_de_ejecuci_n_n">
<title>&lt;Escenario de ejecución n&gt;</title>
<simpara><?asciidoc-pagebreak?></simpara>

</section>
</chapter>
<chapter id="section-deployment-view">
<title>Vista de Despliegue</title>
<sidebar role="arc42help">
<formalpara>
<title>Contenido</title>
<para>La vista de despliegue describe:</para>
</formalpara>
<orderedlist numeration="arabic">
<listitem>
<simpara>La infraestructura técnica usada para ejecutar el sistema, con elementos de infraestructura como locaciones geográficas,
ambientes, computadoras, procesadores, canales y topologías de red así como otros elementos de infraestructura.</simpara>
</listitem>
<listitem>
<simpara>El mapeo de los bloques de construcción (software) en dichos elementos de infraestructura.</simpara>
</listitem>
</orderedlist>

<simpara>Comúnmente los sistemas son ejecutados en diferentes ambientes, por ejemplo, ambiente de desarrollo, de pruebas, de producción. En dichos casos deberían documentarse todos los ambientes relevantes.</simpara>
<simpara>Deberá documentarse la vista de despliegue de manera especial cuando el software se ejecute como un sistema distribuido
con mas de una computadora, procesador, servidor o contenedor o cuando se diseñen los procesadores y chips de hardware propios.</simpara>
<simpara>Desde una perspectiva de software es suficiente con capturar los elementos de la infraestructura necesarios para mostrar
el despliegue de los bloques de construcción. Los arquitectos de hardware pueden ir más alla y describir la infraestructura
a cualquier nivel de detalle que requieran.</simpara>
<formalpara>
<title>Motivación</title>
<para>El software no corre sin haardware.
El hardware subyacente puede influenciar el sistema o algunos conceptos entrecruzados. Por ende, es necesario conocer
la infraestructura.</para>
</formalpara>
<formalpara>
<title>Forma</title>
<para>Quizá el más alto nivel de diagrama de despliegue esté contenido en la sección 3.2. como contexto técnico con la
propia infraestructura como UNA caja negra. En esta sección se deberá realizar un acercamiento a ésta caja negra
utilizando diagramas de despliegue adicionales:</para>
</formalpara>
<itemizedlist>
<listitem>
<simpara>UML provee diagramas de despliegue para expresar la vista. Uselos, probablemente con diagramas anidados.</simpara>
</listitem>
<listitem>
<simpara>Cuando las partes relacionadas de Hardware prefieran otro tipo de diagramas además de los diagramas de despliegue,
permítales usar cualquier tipo que permita mostrar los nodos y canales de la infraestructura.</simpara>
</listitem>
</itemizedlist>

</sidebar>

<section id="_nivel_de_infraestructura_1">
<title>Nivel de infraestructura 1</title>
<sidebar role="arc42help">
<simpara>Describa (Usualmente en una combinación de diagramas, tablas y texto):</simpara>
<itemizedlist>
<listitem>
<simpara>La distribución del sistema en múltiples ubicaciones, ambientes, computadoras, procesadores, &#8230; así como las
conexiones físicas entre ellos</simpara>
</listitem>
<listitem>
<simpara>La motivación o justificación de importancia para la estructura de despliegue</simpara>
</listitem>
<listitem>
<simpara>Características de Calidad y/o rendimiento de la infraestructura</simpara>
</listitem>
<listitem>
<simpara>El mapeo de los artefactos de software a los elementos de la infraestructura.</simpara>
</listitem>
</itemizedlist>

<simpara>Para múltiples ambientes o despliegues alternativos copie esta sección para todos los ambientes relevantes.</simpara>
</sidebar>

<simpara><emphasis><emphasis role="strong">&lt;Diagrama General&gt;</emphasis></emphasis></simpara>
<variablelist>
<varlistentry>
<term>Motivación</term>
<listitem>
<simpara><emphasis>&lt;Explicación en forma textual&gt;</emphasis></simpara>
</listitem>
</varlistentry>
<varlistentry>
<term>Características de Calidad/Rendimiento</term>
<listitem>
<simpara><emphasis>&lt;Explicación en forma textual&gt;</emphasis></simpara>
<variablelist>
<varlistentry>
<term>Mapeo de los Bloques de Construcción a Infraestructura</term>
<listitem>
<simpara><emphasis>&lt;Descripción del mapeo&gt;</emphasis></simpara>
</listitem>
</varlistentry>
</variablelist>

</listitem>
</varlistentry>
</variablelist>

</section>
<section id="_nivel_de_infraestructura_2">
<title>Nivel de Infraestructura 2</title>
<sidebar role="arc42help">
<simpara>Aquí puede incluir la estructura interna de (algunos) elementos de infraestructura del nivel 1.</simpara>
<simpara>Copie la estructura del nivel 1 para cada elemento elegido.</simpara>
</sidebar>

<section id="__emphasis_elemento_de_infraestructura_1_emphasis">
<title><emphasis>&lt;Elemento de Infraestructura 1&gt;</emphasis></title>
<simpara><emphasis>&lt;diagrama + explicación&gt;</emphasis></simpara>
</section>
<section id="__emphasis_elemento_de_infraestructura_2_emphasis">
<title><emphasis>&lt;Elemento de Infraestructura 2&gt;</emphasis></title>
<simpara><emphasis>&lt;diagrama + explicación&gt;</emphasis></simpara>
<simpara>&#8230;</simpara>
</section>
<section id="__emphasis_elemento_de_infraestructura_n_emphasis">
<title><emphasis>&lt;Elemento de Infraestructura n&gt;</emphasis></title>
<simpara><emphasis>&lt;diagrama + explicación&gt;</emphasis></simpara>
<simpara><?asciidoc-pagebreak?></simpara>

</section>
</section>
</chapter>
<chapter id="section-concepts">
<title>Conceptos Transversales (Cross-cutting)</title>
<sidebar role="arc42help">
<formalpara>
<title>Contenido</title>
<para>Esta sección describe de manera general, las principales ideas de solución y regulación que
son relevantes en multiples partes (&#8594; cross-cutting/transversales) del sistema.
Dichos conceptos están relacionados usualmente a múltiples bloques de construcción.
Pueden incluir diversos temas, tales como:</para>
</formalpara>
<itemizedlist>
<listitem>
<simpara>Modelos de dominio</simpara>
</listitem>
<listitem>
<simpara>Patrones de arquitectura o patrones de diseño</simpara>
</listitem>
<listitem>
<simpara>Reglas de uso para alguna tecnología específica.</simpara>
</listitem>
<listitem>
<simpara>Decisiones técnicas principales o generales</simpara>
</listitem>
<listitem>
<simpara>Reglas de implementación</simpara>
</listitem>
</itemizedlist>

<formalpara>
<title>Motivación</title>
<para>Conceptos que forman la base para la <emphasis>integridad conceptual</emphasis> (consistencia, homogeneidad) de la
arquitectura. Entonces, son una contribución importante para alcanzar la calidad interna del sistema.</para>
</formalpara>
<simpara>Algunos de estos conceptos no pueden ser asignados a bloques de construcción individuales (por ejemplo
seguridad). Este es el lugar en la plantilla provisto para una especificación cohesiva de dichos conceptos.</simpara>
<formalpara>
<title>Forma</title>
<para>La forma puede ser variada:</para>
</formalpara>
<itemizedlist>
<listitem>
<simpara>Papeles conceptuales con cualquier tipo de estructura</simpara>
</listitem>
<listitem>
<simpara>Modelo transversal (cross-cutting) de fragmentos o escenarios usando notación de las vistas arquitectónicas</simpara>
</listitem>
<listitem>
<simpara>Implementaciones de muestra, especialmente para conceptos técnicos.</simpara>
</listitem>
<listitem>
<simpara>Referencias a uso típico en frameworks estándar (por ejemplo, el uso de Hibernate para mapeo Objeto/Relacional)
The form can be varied:</simpara>
</listitem>
</itemizedlist>

<formalpara>
<title>Estructura</title>
<para>La estructura potencial (pero no obligatoria) para esta sección podría ser:</para>
</formalpara>
<itemizedlist>
<listitem>
<simpara>Conceptos de dominio</simpara>
</listitem>
<listitem>
<simpara>Conceptos de experiencia de usuario (UX)</simpara>
</listitem>
<listitem>
<simpara>Conceptos de seguridad</simpara>
</listitem>
<listitem>
<simpara>Patrones de diseño y arquitectura
*
A potential (but not mandatory) structure for this section could be:</simpara>
</listitem>
<listitem>
<simpara>Domain concepts</simpara>
</listitem>
<listitem>
<simpara>User Experience concepts (UX)</simpara>
</listitem>
<listitem>
<simpara>Safety and security concepts</simpara>
</listitem>
<listitem>
<simpara>Architecture and design patterns</simpara>
</listitem>
<listitem>
<simpara>"Bajo el capó"</simpara>
</listitem>
<listitem>
<simpara>Conceptos de desarrollo</simpara>
</listitem>
<listitem>
<simpara>Conceptos de operación</simpara>
</listitem>
</itemizedlist>

<simpara>Nota: Puede ser difícil asignar conceptos individuales a un tema específico de la lista</simpara>
<simpara><inlinemediaobject>
  <imageobject>
    <imagedata fileref="images/08-Crosscutting-Concepts-Structure-ES.png"/>
  </imageobject>
  <textobject><phrase>Posibles temas para conceptos transversales</phrase></textobject>
</inlinemediaobject></simpara>
</sidebar>

<section id="__emphasis_concepto_1_emphasis">
<title><emphasis>&lt;Concepto 1&gt;</emphasis></title>
<simpara><emphasis>&lt;explicación&gt;</emphasis></simpara>
</section>
<section id="__emphasis_concepto_2_emphasis">
<title><emphasis>&lt;Concepto 2&gt;</emphasis></title>
<simpara><emphasis>&lt;explicación&gt;</emphasis></simpara>
<simpara>&#8230;</simpara>
</section>
<section id="__emphasis_concepto_n_emphasis">
<title><emphasis>&lt;Concepto n&gt;</emphasis></title>
<simpara><emphasis>&lt;explicación&gt;</emphasis></simpara>
<simpara><?asciidoc-pagebreak?></simpara>

</section>
</chapter>
<chapter id="section-design-decisions">
<title>Decisiones de Diseño</title>
<sidebar role="arc42help">
<formalpara>
<title>Contenido</title>
<para>Decisiones arquitectónicas importantes, costosas, a larga escala o riesgosas incluyendo sus razonamientos.
Con "Decisiones" nos referimos a la elección de una alternativa basada en cierto criterio.</para>
</formalpara>
<simpara>Se debe usar el juicio para decidir si una decisión arquitectónica debe ser documentada en esta sección
central o si sería preferible documentarla localmente (Por ejemplo, dentro de una plantilla de caja blanca
de un bloque de construcción).</simpara>
<simpara>Evite la redundancia. Tomar de referencia la sección 4, donde ya se capturaron las decisiones más importantes
para la arquitectura.</simpara>
<formalpara>
<title>Motivación</title>
<para>Las partes relacionadas del sistema deben comprender y trazar las decisiones.</para>
</formalpara>
<formalpara>
<title>Forma</title>
<para>Varias opciones:</para>
</formalpara>
<itemizedlist>
<listitem>
<simpara>Lista o tabla, ordenada por importancia y consecuencias o:</simpara>
</listitem>
<listitem>
<simpara>Mayor detalle en secciones separadas por cada sección.</simpara>
</listitem>
<listitem>
<simpara>Registro de Decisiones de Arquitectura (ADR por sus siglas en inglés) para cada decisión importante.</simpara>
</listitem>
</itemizedlist>

</sidebar>

<simpara><?asciidoc-pagebreak?></simpara>

</chapter>
<chapter id="section-quality-scenarios">
<title>Requerimientos de Calidad</title>
<sidebar role="arc42help">
<formalpara>
<title>Contenido</title>
<para>Esta sección describe todos los requerimientos de calidad como un árbol de calidad con escenarios. Los más importantes
ya han sido descritos en la sección 1.2 (Metas de Calidad).</para>
</formalpara>
<simpara>Aquí se capturan los requerimientos de calidad con menor prioridad, que no crearán altos riesgos en caso de que
no sean cubiertos con totalidad.</simpara>
<formalpara>
<title>Motivación</title>
<para>Dado que los requerimientos de calidad tendrán mucha influencia en las decisiones arquitectónicas deben tomarse
en cuenta los elementos importantes para las partes relacionadas que sean concretas y medibles.</para>
</formalpara>
</sidebar>

<section id="__rbol_de_calidad">
<title>Árbol de Calidad</title>
<sidebar role="arc42help">
<formalpara>
<title>Contenido</title>
<para>El árbol de calidad (Definido en ATAM - Método de análisis de compensación de arquitectura por sus silas en inglés) con
escenarios de calidad/evaluación como hojas.</para>
</formalpara>
<formalpara>
<title>Motivación</title>
<para>La estructura de árbol con prioridades provee un vistazo general para un gran número de requerimientos de calidad.</para>
</formalpara>
<formalpara>
<title>Forma</title>
<para>El árbol de calidad es un vistazo a alto nivel de las metas de calidad y requerimientos:</para>
</formalpara>
<itemizedlist>
<listitem>
<simpara>Un refinamiento del término de "calidad" a manera de árbol. Utilice "calidad" o "utilidad" como raíz.</simpara>
</listitem>
<listitem>
<simpara>Un mapa mental con categorías de calidad como ramas principales</simpara>
</listitem>
</itemizedlist>

<simpara>En cualquier caso incluya ligas a los escenarios de las siguientes secciones.</simpara>
</sidebar>

</section>
<section id="_escenarios_de_calidad">
<title>Escenarios de calidad</title>
<sidebar role="arc42help">
<formalpara>
<title>Contenido</title>
<para>Concretización de requerimientos de calidad (que pueden ser vagos o implícitos) utilizando escenarios de calidad.</para>
</formalpara>
<simpara>Estos escenarios describen lo que debería pasar cuando un estímulo llega al sistema.</simpara>
<simpara>Para los arquitectos, son importantes dos tipos de escenarios:</simpara>
<itemizedlist>
<listitem>
<simpara>Escenarios de uso (también llamados escenarios de aplicación o escenarios de caso de uso), que describen la reacción
en tiempo de ejecución de un sistema a un determinado estímulo. Esto incluye también escenarios que describen la eficiencia
o el rendimiento del sistema. Por ejemplo: El sistema reacciona a la petición de un usuario en un segundo.</simpara>
</listitem>
<listitem>
<simpara>Escenarios de cambios, describen la modificación del sistema a su ambiente inmediato. Por ejemplo: Cuando se implementa
funcionalidad adicional o requerimietnos para el cambio de un atributo de calidad.</simpara>
</listitem>
</itemizedlist>

<formalpara>
<title>Motivación</title>
<para>Los escenarios crean requerimientos de calidad concretos y permiten medirlos de manera mas sencilla o decidir si han sido
cumplidos.</para>
</formalpara>
<simpara>Cuando se requiere evaluar la arquitectura utilizando métodos como ATAM se necesitan describir las metas de calidad
(de la sección 1.2) de manera más precisa hasta un nivel de escenarios que pueden ser discutidos y evaluados.</simpara>
<formalpara>
<title>Forma</title>
<para>Texto en forma libre o tabular.</para>
</formalpara>
</sidebar>

<simpara><?asciidoc-pagebreak?></simpara>

</section>
</chapter>
<chapter id="section-technical-risks">
<title>Riesgos y deuda técnica</title>
<sidebar role="arc42help">
<formalpara>
<title>Contenido</title>
<para>Una lista de los riesgos técnicos o deuda técnica identificada, ordenada por prioridad.</para>
</formalpara>
<formalpara>
<title>Motivación</title>
<para>"El manejo de riesgos es administración de proyectos para gente adulta" (Tim Lister, Atlantic Systems Guild.)</para>
</formalpara>
<simpara>Esto debiera ser el lema para la detección sistemática y la evaluación de riesgos y deuda técnica en la arquitectura,
que será requerida por las partes relacionadas administrativas (por ejemplo, administradores de proyectoes, propietarios
de producto) como parte de la planeación y medición de riesgos en general.</simpara>
<formalpara>
<title>Forma</title>
<para>Lista de riesgos y/o deuda técnica, que podría incluir una medidas sugeridas para minimizar, mitigar o evitar riesgos
o reducir la deuda técnica.</para>
</formalpara>
</sidebar>

<simpara><?asciidoc-pagebreak?></simpara>

</chapter>
<chapter id="section-glossary">
<title>Glosario</title>
<sidebar role="arc42help">
<formalpara>
<title>Contenido</title>
<para>Los términos técnicos y de dominio más importantes que serán utilizados por las partes relacionadas al discutir el sistema.</para>
</formalpara>
<simpara>También se puede usar el glosario como fuente para traducciones si se trabaja en equipos multi-lenguaje.</simpara>
<formalpara>
<title>Motivación</title>
<para>Deberían definirse claramente los términos, para que todas las partes relacionadas:</para>
</formalpara>
<itemizedlist>
<listitem>
<simpara>Tengan un entendimiento idéntico de dichos términos</simpara>
</listitem>
<listitem>
<simpara>No usen sinónimos y homónimos</simpara>
</listitem>
</itemizedlist>

<itemizedlist>
<title>Forma</title>
<listitem>
<simpara>Crear una tabla con las columnas &lt;Término&gt; y &lt;Definición&gt;.</simpara>
</listitem>
<listitem>
<simpara>Se pueden agregar más columnas en caso de que se requieran traducciones.</simpara>
</listitem>
</itemizedlist>

</sidebar>

<informaltable frame="all"
    rowsep="1" colsep="1">
  
  <tgroup cols="2">
    
    <colspec colname="col_1" colwidth="33*"/>
    
    <colspec colname="col_2" colwidth="66*"/>
    
    
    <thead>
      
      <row>
        
        <entry align="left" valign="top">Término</entry>
        
        <entry align="left" valign="top">Definición</entry>
        
      </row>
      
    </thead>
    
    <tbody>
      
      <row>
        
        <entry align="left" valign="top"><simpara><emphasis>&lt;Término-1&gt;</emphasis></simpara></entry>
        
        <entry align="left" valign="top"><simpara><emphasis>&lt;definicion-1&gt;</emphasis></simpara></entry>
        
      </row>
      
      <row>
        
        <entry align="left" valign="top"><simpara><emphasis>&lt;Término-2&gt;</emphasis></simpara></entry>
        
        <entry align="left" valign="top"><simpara><emphasis>&lt;definicion-2&gt;</emphasis></simpara></entry>
        
      </row>
      
    </tbody>
    
  </tgroup>
</informaltable>

</chapter>
</book>