<?xml version="1.0" encoding="UTF-8"?>
<?asciidoc-toc?>
<?asciidoc-numbered?>
<book xmlns="http://docbook.org/ns/docbook" xmlns:xl="http://www.w3.org/1999/xlink" version="5.0" xml:lang="">
<info>
<title><inlinemediaobject>
<imageobject>
<imagedata fileref="images/arc42-logo.png"/>
</imageobject>
<textobject><phrase>arc42</phrase></textobject>
</inlinemediaobject> 模板</title>
<date>7月 2025</date>
<revhistory>
<revision>
<revnumber>9.0-ZH</revnumber>
<date>7月 2025</date>
<revremark>(基于 AsciiDoc 版本)</revremark>
</revision>
</revhistory>
</info>
<preface>
<title></title>
<simpara><emphasis role="strong">关于 arc42</emphasis></simpara>
<simpara role="lead">arc42，软件和系统架构文档模板。</simpara>
<simpara>模板版本 9.0-ZH。(基于 AsciiDoc 版本)，7月 2025</simpara>
<simpara>由 Dr. Peter Hruschka、Dr. Gernot Starke 及贡献者创建、维护和版权所有。
参见 <link xl:href="https://arc42.org">https://arc42.org</link> 。</simpara>
<simpara><?asciidoc-hr?></simpara>
<simpara><?asciidoc-pagebreak?></simpara>
</preface>
<chapter xml:id="section-introduction-and-goals">
<title>引言与目标</title>
<section xml:id="_需求概述">
<title>需求概述</title>

</section>
<section xml:id="_质量目标">
<title>质量目标</title>

</section>
<section xml:id="_干系人">
<title>干系人</title>
<informaltable frame="all" rowsep="1" colsep="1">
<tgroup cols="3">
<colspec colname="col_1" colwidth="20*"/>
<colspec colname="col_2" colwidth="40*"/>
<colspec colname="col_3" colwidth="40*"/>
<thead>
<row>
<entry align="left" valign="top">角色/姓名</entry>
<entry align="left" valign="top">联系方式</entry>
<entry align="left" valign="top">期望</entry>
</row>
</thead>
<tbody>
<row>
<entry align="left" valign="top"><simpara><emphasis>&lt;角色-1&gt;</emphasis></simpara></entry>
<entry align="left" valign="top"><simpara><emphasis>&lt;联系方式-1&gt;</emphasis></simpara></entry>
<entry align="left" valign="top"><simpara><emphasis>&lt;期望-1&gt;</emphasis></simpara></entry>
</row>
<row>
<entry align="left" valign="top"><simpara><emphasis>&lt;角色-2&gt;</emphasis></simpara></entry>
<entry align="left" valign="top"><simpara><emphasis>&lt;联系方式-2&gt;</emphasis></simpara></entry>
<entry align="left" valign="top"><simpara><emphasis>&lt;期望-2&gt;</emphasis></simpara></entry>
</row>
</tbody>
</tgroup>
</informaltable>
<simpara><?asciidoc-pagebreak?></simpara>
</section>
</chapter>
<chapter xml:id="section-architecture-constraints">
<title>架构约束</title>
<simpara><?asciidoc-pagebreak?></simpara>
</chapter>
<chapter xml:id="section-context-and-scope">
<title>上下文和边界</title>
<section xml:id="_业务上下文">
<title>业务上下文</title>
<simpara><emphasis role="strong">&lt;图表或表格&gt;</emphasis></simpara>
<simpara><emphasis role="strong">&lt;可选：外部领域接口的解释&gt;</emphasis></simpara>
</section>
<section xml:id="_技术上下文">
<title>技术上下文</title>
<simpara><emphasis role="strong">&lt;图表或表格&gt;</emphasis></simpara>
<simpara><emphasis role="strong">&lt;可选：技术接口的解释&gt;</emphasis></simpara>
<simpara><emphasis role="strong">&lt;输入、输出与信道之间的映射关系&gt;</emphasis></simpara>
<simpara><?asciidoc-pagebreak?></simpara>
</section>
</chapter>
<chapter xml:id="section-solution-strategy">
<title>解决方案策略</title>
<simpara><?asciidoc-pagebreak?></simpara>
</chapter>
<chapter xml:id="section-building-block-view">
<title>构建块视图</title>
<section xml:id="_整体系统">
<title>整体系统</title>
<simpara><emphasis><emphasis role="strong">&lt;概览图&gt;</emphasis></emphasis></simpara>
<variablelist>
<varlistentry>
<term>动机</term>
<listitem>
<simpara><emphasis>&lt;文字说明&gt;</emphasis></simpara>
</listitem>
</varlistentry>
<varlistentry>
<term>包含的构建块</term>
<listitem>
<simpara><emphasis>&lt;包含构建块（黑盒）的描述&gt;</emphasis></simpara>
</listitem>
</varlistentry>
<varlistentry>
<term>重要接口</term>
<listitem>
<simpara><emphasis>&lt;对于重要接口的描述&gt;</emphasis></simpara>
</listitem>
</varlistentry>
</variablelist>
<section xml:id="_黑盒_1">
<title>&lt;黑盒 1&gt;</title>
<simpara><emphasis>&lt;目的/责任&gt;</emphasis></simpara>
<simpara><emphasis>&lt;接口列表&gt;</emphasis></simpara>
<simpara><emphasis>&lt;（可选）质量/性能特征&gt;</emphasis></simpara>
<simpara><emphasis>&lt;（可选）目录/文件路径&gt;</emphasis></simpara>
<simpara><emphasis>&lt;（可选）已满足的要求&gt;</emphasis></simpara>
<simpara><emphasis>&lt;（可选）未解决的问题/难题/风险&gt;</emphasis></simpara>
</section>
<section xml:id="_黑盒_2">
<title>&lt;黑盒 2&gt;</title>
<simpara><emphasis>&lt;黑盒模板&gt;</emphasis></simpara>
</section>
<section xml:id="_黑盒_n">
<title>&lt;黑盒 n&gt;</title>
<simpara><emphasis>&lt;黑盒模板&gt;</emphasis></simpara>
</section>
<section xml:id="_接口_1">
<title>&lt;接口 1&gt;</title>
<simpara>&#8230;&#8203;</simpara>
</section>
<section xml:id="_接口_m">
<title>&lt;接口 m&gt;</title>

</section>
</section>
<section xml:id="_级别2">
<title>级别2</title>
<section xml:id="_白盒_构件块_1">
<title>白盒 <emphasis>&lt;构件块 1&gt;</emphasis></title>
<simpara><emphasis>&lt;白盒模板&gt;</emphasis></simpara>
</section>
<section xml:id="_白盒_构件块_2">
<title>白盒 <emphasis>&lt;构件块 2&gt;</emphasis></title>
<simpara><emphasis>&lt;白盒模板&gt;</emphasis></simpara>
<simpara>&#8230;&#8203;</simpara>
</section>
<section xml:id="_白盒_构件块_m">
<title>白盒 <emphasis>&lt;构件块 m&gt;</emphasis></title>
<simpara><emphasis>&lt;白盒模板&gt;</emphasis></simpara>
</section>
</section>
<section xml:id="_级别3">
<title>级别3</title>
<section xml:id="_白盒_构件块_x_1">
<title>白盒 &lt;_构件块 x.1_&gt;</title>
<simpara><emphasis>&lt;白盒模板&gt;</emphasis></simpara>
</section>
<section xml:id="_白盒_构件块_x_2">
<title>白盒 &lt;_构件块 x.2_&gt;</title>
<simpara><emphasis>&lt;白盒模板&gt;</emphasis></simpara>
</section>
<section xml:id="_白盒_构件块_y_1">
<title>白盒 &lt;_构件块 y.1_&gt;</title>
<simpara><emphasis>&lt;白盒模板&gt;</emphasis></simpara>
<simpara><?asciidoc-pagebreak?></simpara>
</section>
</section>
</chapter>
<chapter xml:id="section-runtime-view">
<title>运行时视图</title>
<section xml:id="_运行时场景_1">
<title>&lt;运行时场景 1&gt;</title>
<itemizedlist>
<listitem>
<simpara><emphasis>&lt;插入场景的运行时图表或文本描述&gt;</emphasis></simpara>
</listitem>
<listitem>
<simpara><emphasis>&lt;插入此图中的构建模块实例之间交互关系的注意事项。&gt;</emphasis></simpara>
</listitem>
</itemizedlist>
</section>
<section xml:id="_运行时场景_2">
<title>&lt;运行时场景 2&gt;</title>

</section>
<section xml:id="">
<title>&#8230;&#8203;</title>

</section>
<section xml:id="_运行时场景_n">
<title>&lt;运行时场景 n&gt;</title>
<simpara><?asciidoc-pagebreak?></simpara>
</section>
</chapter>
<chapter xml:id="section-deployment-view">
<title>部署视图</title>
<section xml:id="_基础设施级别_1">
<title>基础设施级别 1</title>
<simpara><emphasis><emphasis role="strong">&lt;概览图&gt;</emphasis></emphasis></simpara>
<variablelist>
<varlistentry>
<term>动机</term>
<listitem>
<simpara><emphasis>&lt;文本形式的解释&gt;</emphasis></simpara>
</listitem>
</varlistentry>
<varlistentry>
<term>质量和/或性能特征</term>
<listitem>
<simpara><emphasis>&lt;文本形式的解释&gt;</emphasis></simpara>
</listitem>
</varlistentry>
<varlistentry>
<term>构建块到基础设施的映射</term>
<listitem>
<simpara><emphasis>&lt;映射的描述&gt;</emphasis></simpara>
</listitem>
</varlistentry>
</variablelist>
</section>
<section xml:id="_基础设施级别_2">
<title>基础设施级别 2</title>
<section xml:id="_基础设施要素_1">
<title><emphasis>&lt;基础设施要素 1&gt;</emphasis></title>
<simpara><emphasis>&lt;图表 + 解释&gt;</emphasis></simpara>
</section>
<section xml:id="_基础设施要素_2">
<title><emphasis>&lt;基础设施要素 2&gt;</emphasis></title>
<simpara><emphasis>&lt;图表 + 解释&gt;</emphasis></simpara>
<simpara>&#8230;&#8203;</simpara>
</section>
<section xml:id="_基础设施要素_n">
<title><emphasis>&lt;基础设施要素 n&gt;</emphasis></title>
<simpara><emphasis>&lt;图表 + 解释&gt;</emphasis></simpara>
<simpara><?asciidoc-pagebreak?></simpara>
</section>
</section>
</chapter>
<chapter xml:id="section-concepts">
<title>跨领域概念</title>
<section xml:id="_概念_1">
<title><emphasis>&lt;概念 1&gt;</emphasis></title>
<simpara><emphasis>&lt;解释&gt;</emphasis></simpara>
</section>
<section xml:id="_概念_2">
<title><emphasis>&lt;概念 2&gt;</emphasis></title>
<simpara><emphasis>&lt;解释&gt;</emphasis></simpara>
<simpara>&#8230;&#8203;</simpara>
</section>
<section xml:id="_概念_n">
<title><emphasis>&lt;概念 n&gt;</emphasis></title>
<simpara><emphasis>&lt;解释&gt;</emphasis></simpara>
<simpara><?asciidoc-pagebreak?></simpara>
</section>
</chapter>
<chapter xml:id="section-design-decisions">
<title>架构决策</title>
<simpara><?asciidoc-pagebreak?></simpara>
</chapter>
<chapter xml:id="section-quality-scenarios">
<title>质量需求</title>
<section xml:id="_质量需求概述">
<title>质量需求概述</title>

</section>
<section xml:id="_质量场景">
<title>质量场景</title>
<simpara><?asciidoc-pagebreak?></simpara>
</section>
</chapter>
<chapter xml:id="section-technical-risks">
<title>风险和技术债务</title>
<simpara><?asciidoc-pagebreak?></simpara>
</chapter>
<chapter xml:id="section-glossary">
<title>术语表</title>
<informaltable frame="all" rowsep="1" colsep="1">
<tgroup cols="3">
<colspec colname="col_1" colwidth="33.3333*"/>
<colspec colname="col_2" colwidth="33.3333*"/>
<colspec colname="col_3" colwidth="33.3334*"/>
<thead>
<row>
<entry align="left" valign="top">术语</entry>
<entry align="left" valign="top">英文</entry>
<entry align="left" valign="top">定义</entry>
</row>
</thead>
<tbody>
<row>
<entry align="left" valign="top"><simpara>&lt;术语-1&gt;</simpara></entry>
<entry align="left" valign="top"><simpara>&lt;英文-1&gt;</simpara></entry>
<entry align="left" valign="top"><simpara>&lt;定义-1&gt;</simpara></entry>
</row>
<row>
<entry align="left" valign="top"><simpara>&lt;术语-2&gt;</simpara></entry>
<entry align="left" valign="top"><simpara>&lt;英文-2&gt;</simpara></entry>
<entry align="left" valign="top"><simpara>&lt;定义-2&gt;</simpara></entry>
</row>
</tbody>
</tgroup>
</informaltable>
</chapter>
</book>