<?xml version="1.0" encoding="UTF-8"?>
<!DOCTYPE book PUBLIC "-//OASIS//DTD DocBook XML V4.5//EN" "http://www.oasis-open.org/docbook/xml/4.5/docbookx.dtd">
<?asciidoc-toc?>
<?asciidoc-numbered?>
<book xmlns="http://docbook.org/ns/docbook" lang="en">
<bookinfo>
<title><inlinemediaobject>
  <imageobject>
    <imagedata fileref="images/arc42-logo.png"/>
  </imageobject>
  <textobject><phrase>arc42</phrase></textobject>
</inlinemediaobject> Template</title>
<date>January 2023</date>
<revhistory>
<revision>
<revnumber>8.2 FR</revnumber>
<date>January 2023</date>

<revremark>(basé sur la version AsciiDoc)</revremark>
</revision>
</revhistory>



</bookinfo>
<preface>
<title></title>
<simpara><emphasis role="strong">A propos d&#8217;arc42</emphasis></simpara>
<simpara role="lead">arc42, le modèle de documentation de l&#8217;architecture des logiciels et des systèmes.</simpara>
<simpara>Version du modèle 8.2 FR. (basé sur la version AsciiDoc), January 2023</simpara>
<simpara>Créé, maintenu et &#169; par Dr. Peter Hruschka, Dr. Gernot Starke et les contributeurs.
Voir <ulink url="https://arc42.org">https://arc42.org</ulink>.</simpara>
<simpara><?asciidoc-hr?></simpara>

<sidebar role="arc42help">
<note>
<simpara>Cette version du modèle contient de l&#8217;aide et des explications.
Elle est utilisée pour se familiariser avec arc42 et comprendre les concepts.
Pour la documentation de votre propre système, il est préférable d&#8217;utiliser la version <emphasis>simple</emphasis>.</simpara>
</note>

</sidebar>

<simpara><?asciidoc-pagebreak?></simpara>

</preface>

<chapter id="section-introduction-and-goals">
<title>Introduction et Objectifs</title>
<sidebar role="arc42help">
<simpara>Décrit les specifications importantes et les facteurs déterminants que les architectes logiciels et l'équipe de développement doivent prendre en compte.
Il s&#8217;agit notamment</simpara>
<itemizedlist>
<listitem>
<simpara>des objectifs métier sous-jacents,</simpara>
</listitem>
<listitem>
<simpara>des caractéristiques essentielles,</simpara>
</listitem>
<listitem>
<simpara>des spécifications fonctionnelles essentielles,</simpara>
</listitem>
<listitem>
<simpara>des objectifs de qualité pour l&#8217;architecture et</simpara>
</listitem>
<listitem>
<simpara>des parties prenantes concernées et leurs attentes</simpara>
</listitem>
</itemizedlist>

</sidebar>

<section id="_aper_u_des_sp_cifications">
<title>Aperçu des spécifications</title>
<sidebar role="arc42help">
<formalpara>
<title>Contenu</title>
<para>Brève description des spécifications fonctionnelles, des facteurs déterminants, de l&#8217;extrait (ou du résumé) des spécifications.
Liens vers (en espérant qu&#8217;ils existent) les documents décrivant les spécifications (avec le numéro de version et des informations sur l&#8217;endroit où les trouver).</para>
</formalpara>
<formalpara>
<title>Motivation</title>
<para>Du point de vue des utilisateurs, un système est créé ou modifié pour
améliorer le soutien d&#8217;une activité métier et/ou améliorer la qualité.</para>
</formalpara>
<formalpara>
<title>Représentation</title>
<para>Brève description textuelle, probablement sous forme de tableau de cas d&#8217;utilisation.
S&#8217;il existe des documents décrivant les spécifications, cet aperçu général doit s&#8217;y référer.</para>
</formalpara>
<simpara>Ces extraits doivent être aussi courts que possible. Trouver un équilibre entre la lisibilité de ce document et la redondance potentielle par rapport aux documents décrivant les spécifications.</simpara>
<simpara>Voir <ulink url="https://docs.arc42.org/section-1/">Introduction and Goals</ulink> dans la documentation arc42.</simpara>
</sidebar>

</section>
<section id="_objectifs_de_qualit">
<title>Objectifs de Qualité</title>
<sidebar role="arc42help">
<formalpara>
<title>Contenu</title>
<para>Les trois (maximum cinq) principaux objectifs de qualité pour l&#8217;architecture dont la réalisation est de la plus haute importance pour les principaux acteurs.
Nous parlons bien d&#8217;objectifs de qualité pour l&#8217;architecture. Ne les confondez pas avec les objectifs du projet.
Ils ne sont pas nécessairement identiques.</para>
</formalpara>
<simpara>Voici un aperçu des sujets potentiels (basé sur la norme ISO 25010) :</simpara>
<figure>
  <mediaobject>
    <imageobject>
      <imagedata fileref="images/01_2_iso-25010-topics-EN.drawio.png"/>
    </imageobject>
    <textobject><phrase>Catégories d'exigences de Qualité</phrase></textobject>
  </mediaobject>
</figure>

<formalpara>
<title>Motivation</title>
<para>Vous devez connaître les objectifs de qualité de vos principales parties prenantes, car ils influenceront les décisions architecturales fondamentales.
Veillez à être très concret sur ces qualités, évitez les mots à la mode.
En tant qu&#8217;architecte, vous ne savez pas comment la qualité de votre travail sera jugée&#8230;</para>
</formalpara>
<formalpara>
<title>Représentation</title>
<para>Un tableau avec des objectifs de qualité et des scénarios concrets, classés par ordre de priorité</para>
</formalpara>
</sidebar>

</section>
<section id="_parties_prenantes">
<title>Parties prenantes</title>
<sidebar role="arc42help">
<formalpara>
<title>Contenu</title>
<para>Aperçu explicite des parties prenantes du système, c&#8217;est-à-dire toute personne, rôle ou organisation qui</para>
</formalpara>
<itemizedlist>
<listitem>
<simpara>doit connaître l&#8217;architecture</simpara>
</listitem>
<listitem>
<simpara>doit être convaincue de l&#8217;architecture</simpara>
</listitem>
<listitem>
<simpara>doit travailler avec l&#8217;architecture ou avec le code</simpara>
</listitem>
<listitem>
<simpara>a besoin de la documentation d&#8217;architecture pour son travail</simpara>
</listitem>
<listitem>
<simpara>doit prendre des décisions concernant le système ou son développement</simpara>
</listitem>
</itemizedlist>

<formalpara>
<title>Motivation</title>
<para>Vous devez connaître toutes les parties impliquées dans le développement du système ou concernées par celui-ci.
Sinon, vous risquez d&#8217;avoir de mauvaises surprises plus tard dans le processus de développement.
Ces parties prenantes déterminent l'étendue et le niveau de détail de votre travail et de ses résultats.</para>
</formalpara>
<formalpara>
<title>Représentation</title>
<para>Tableau avec les noms des rôles, les noms des personnes et leurs attentes par rapport à l&#8217;architecture et à sa documentation.</para>
</formalpara>
</sidebar>

<informaltable frame="all"
    rowsep="1" colsep="1">
  
  <tgroup cols="3">
    
    <colspec colname="col_1" colwidth="20*"/>
    
    <colspec colname="col_2" colwidth="40*"/>
    
    <colspec colname="col_3" colwidth="40*"/>
    
    
    <thead>
      
      <row>
        
        <entry align="left" valign="top">Rôle/Nom</entry>
        
        <entry align="left" valign="top">Contact</entry>
        
        <entry align="left" valign="top">Attentes</entry>
        
      </row>
      
    </thead>
    
    <tbody>
      
      <row>
        
        <entry align="left" valign="top"><simpara><emphasis>&lt;Role-1&gt;</emphasis></simpara></entry>
        
        <entry align="left" valign="top"><simpara><emphasis>&lt;Contact-1&gt;</emphasis></simpara></entry>
        
        <entry align="left" valign="top"><simpara><emphasis>&lt;Attente-1&gt;</emphasis></simpara></entry>
        
      </row>
      
      <row>
        
        <entry align="left" valign="top"><simpara><emphasis>&lt;Role-2&gt;</emphasis></simpara></entry>
        
        <entry align="left" valign="top"><simpara><emphasis>&lt;Contact-2&gt;</emphasis></simpara></entry>
        
        <entry align="left" valign="top"><simpara><emphasis>&lt;Attente-2&gt;</emphasis></simpara></entry>
        
      </row>
      
    </tbody>
    
  </tgroup>
</informaltable>

<simpara><?asciidoc-pagebreak?></simpara>

</section>
</chapter>
<chapter id="section-architecture-constraints">
<title>Contraintes d&#8217;Architecture</title>
<sidebar role="arc42help">
<formalpara>
<title>Contenu</title>
<para>Toute spécification qui limite la liberté des architectes logiciels dans leurs décisions de conception et de mise en œuvre ou dans leurs décisions concernant le processus de développement. Ces contraintes vont parfois au-delà des systèmes individuels et sont valables pour l&#8217;ensemble des organisations et des entreprises.</para>
</formalpara>
<formalpara>
<title>Motivation</title>
<para>Les architectes doivent savoir exactement où ils sont libres dans leurs décisions de conception et où ils doivent respecter des contraintes.
Les contraintes doivent toujours être prises en compte ; elles peuvent toutefois être négociables.</para>
</formalpara>
<formalpara>
<title>Représentation</title>
<para>Tableaux simples de contraintes avec explications.
Si nécessaire, vous pouvez les subdiviser en
contraintes techniques, contraintes organisationnelles, politiques et
conventions (par exemple, règles de développement ou de gestion de versions, conventions de documentation ou de nomenclature).</para>
</formalpara>
<simpara>Voir <ulink url="https://docs.arc42.org/section-2/">Architecture Constraints</ulink> dans la documentation arc42.</simpara>
</sidebar>

<simpara><?asciidoc-pagebreak?></simpara>

</chapter>
<chapter id="section-context-and-scope">
<title>Contexte et périmètre</title>
<sidebar role="arc42help">
<formalpara>
<title>Contenu</title>
<para>Le contexte et le périmètre - comme son nom l&#8217;indique - délimitent votre système (c&#8217;est-à-dire votre périmètre) de tous ses partenaires de communication (systèmes voisins et utilisateurs, c&#8217;est-à-dire le contexte de votre système). Il spécifie ainsi les interfaces externes.</para>
</formalpara>
<simpara>Si nécessaire, différencier le contexte métier (entrées et sorties spécifiques au domaine) du contexte technique (canaux, protocoles, matériel).</simpara>
<formalpara>
<title>Motivation</title>
<para>Les interfaces de domaine et les interfaces techniques avec les partenaires de communication font partie des aspects les plus critiques de votre système. Assurez-vous de bien les comprendre.</para>
</formalpara>
<formalpara>
<title>Représentation</title>
<para>Diverses options :</para>
</formalpara>
<itemizedlist>
<listitem>
<simpara>Diagrammes de contexte</simpara>
</listitem>
<listitem>
<simpara>Listes des partenaires de communication et de leurs interfaces.</simpara>
</listitem>
</itemizedlist>

<simpara>Voir <ulink url="https://docs.arc42.org/section-3/">Context and Scope</ulink> dans la documentation arc42.</simpara>
</sidebar>

<section id="_contexte_m_tier">
<title>Contexte métier</title>
<sidebar role="arc42help">
<formalpara>
<title>Contenu</title>
<para>Spécification de <emphasis role="strong">tous</emphasis> les partenaires de communication (utilisateurs, systèmes informatiques, &#8230;) avec des explications sur les entrées et les sorties ou les interfaces spécifiques au domaine.
En option, vous pouvez ajouter des formats ou des protocoles de communication spécifiques au domaine.</para>
</formalpara>
<formalpara>
<title>Motivation</title>
<para>Toutes les parties prenantes doivent comprendre quelles données sont échangées avec l&#8217;environnement du système.</para>
</formalpara>
<formalpara>
<title>Représentation</title>
<para>Toutes sortes de diagrammes qui montrent le système comme une boîte noire et spécifient les interfaces du domaine avec les partenaires de communication.</para>
</formalpara>
<simpara>Vous pouvez également (ou en plus) utiliser un tableau.
Le titre du tableau est le nom de votre système, les trois colonnes contiennent le nom du partenaire de communication, les entrées et les sorties.</simpara>
</sidebar>

<simpara><emphasis role="strong">&lt;Schéma ou tableau&gt;</emphasis></simpara>
<simpara><emphasis role="strong">&lt;éventuellement : Explication des interfaces de domaines externes&gt;</emphasis></simpara>
</section>
<section id="_contexte_technique">
<title>Contexte Technique</title>
<sidebar role="arc42help">
<formalpara>
<title>Contenu</title>
<para>Interfaces techniques (canaux et supports de transmission) reliant votre système à son environnement. En outre, il faut établir une correspondance entre les entrées/sorties spécifiques au domaine et les canaux, c&#8217;est-à-dire expliquer quelles Entrées/Sorties utilisent quel canal.</para>
</formalpara>
<formalpara>
<title>Motivation</title>
<para>De nombreuses parties prenantes prennent des décisions architecturales basées sur les interfaces techniques entre le système et son contexte. Ce sont surtout les concepteurs d&#8217;infrastructure ou d'équipements informatiques qui décident de ces interfaces techniques.</para>
</formalpara>
<formalpara>
<title>Représentation</title>
<para>Par exemple, un diagramme de déploiement UML décrivant les canaux vers les systèmes voisins,
ainsi qu&#8217;un tableau de correspondance montrant les relations entre les canaux et les entrées/sorties.</para>
</formalpara>
</sidebar>

<simpara><emphasis role="strong">&lt;Schéma ou tableau&gt;</emphasis></simpara>
<simpara><emphasis role="strong">&lt;en option : Explication des interfaces techniques&gt;</emphasis></simpara>
<simpara><emphasis role="strong">&lt;Correspondance des entrées/sorties aux canaux&gt;</emphasis></simpara>
<simpara><?asciidoc-pagebreak?></simpara>

</section>
</chapter>
<chapter id="section-solution-strategy">
<title>Stratégie de solution</title>
<sidebar role="arc42help">
<formalpara>
<title>Contenu</title>
<para>Un bref résumé et une explication des décisions fondamentales et des stratégies de solution qui façonnent l&#8217;architecture du système. Il comprend</para>
</formalpara>
<itemizedlist>
<listitem>
<simpara>les décisions technologiques</simpara>
</listitem>
<listitem>
<simpara>les décisions relatives à la décomposition du système au niveau le plus élevé, par exemple l&#8217;utilisation d&#8217;un modèle architectural ou d&#8217;un modèle de conception</simpara>
</listitem>
<listitem>
<simpara>les décisions sur la manière d&#8217;atteindre les principaux objectifs de qualité</simpara>
</listitem>
<listitem>
<simpara>les décisions organisationnelles pertinentes, par exemple la sélection d&#8217;un processus de développement ou la délégation de certaines tâches à des tierces personnes.</simpara>
</listitem>
</itemizedlist>

<formalpara>
<title>Motivation</title>
<para>Ces décisions constituent les pierres angulaires de votre architecture. Elles constituent le fondement de nombreuses autres décisions détaillées ou règles de mise en œuvre.</para>
</formalpara>
<formalpara>
<title>Représentation</title>
<para>Les explications relatives à ces décisions clés doivent être brèves.</para>
</formalpara>
<simpara>Motiver ce qui a été décidé et pourquoi cela a été décidé de cette manière, sur la base de l'énoncé du problème, des objectifs de qualité et des principales contraintes.</simpara>
<simpara>Pour documenter la manière d&#8217;atteindre les principaux objectifs de qualité, vous pouvez utiliser le tableau suivant :</simpara>
<informaltable frame="all"
    rowsep="1" colsep="1">
  
  <tgroup cols="4">
    
    <colspec colname="col_1" colwidth="25*"/>
    
    <colspec colname="col_2" colwidth="25*"/>
    
    <colspec colname="col_3" colwidth="25*"/>
    
    <colspec colname="col_4" colwidth="25*"/>
    
    
    <thead>
      
      <row>
        
        <entry align="left" valign="top">Objectif de qualité</entry>
        
        <entry align="left" valign="top">Scénario</entry>
        
        <entry align="left" valign="top">Approche de la solution</entry>
        
        <entry align="left" valign="top">Lien vers les détails</entry>
        
      </row>
      
    </thead>
    
    <tbody>
      
      <row>
        
        <entry align="left" valign="top"><simpara><emphasis>&lt;Objectif-Q1&gt;</emphasis></simpara></entry>
        
        <entry align="left" valign="top"><simpara><emphasis>&lt;Scénario-1&gt;</emphasis></simpara></entry>
        
        <entry align="left" valign="top"><simpara><emphasis>&lt;Solution-1&gt;</emphasis></simpara></entry>
        
        <entry align="left" valign="top"><simpara><emphasis>&lt;Lien-1&gt;</emphasis></simpara></entry>
        
      </row>
      
      <row>
        
        <entry align="left" valign="top"><simpara><emphasis>&lt;Objectif-Q2&gt;</emphasis></simpara></entry>
        
        <entry align="left" valign="top"><simpara><emphasis>&lt;Scénario-2&gt;</emphasis></simpara></entry>
        
        <entry align="left" valign="top"><simpara><emphasis>&lt;Solution-2&gt;</emphasis></simpara></entry>
        
        <entry align="left" valign="top"><simpara><emphasis>&lt;Lien-2&gt;</emphasis></simpara></entry>
        
      </row>
      
    </tbody>
    
  </tgroup>
</informaltable>

<simpara>Voir <ulink url="https://docs.arc42.org/section-4/">Solution Strategy</ulink> dans la documentation arc42.</simpara>
</sidebar>

<simpara><?asciidoc-pagebreak?></simpara>

</chapter>
<chapter id="section-building-block-view">
<title>Vue en Briques</title>
<sidebar role="arc42help">
<formalpara>
<title>Contenu</title>
<para>La vue en briques montre la décomposition statique du système en briques (modules, composants, sous-systèmes, classes, interfaces, paquets, bibliothèques, cadres, couches, partitions, niveaux, fonctions, macros, opérations, structures de données, &#8230;) ainsi que leurs dépendances (relations, associations, &#8230;).</para>
</formalpara>
<simpara>Cette vue est obligatoire pour toute documentation sur l&#8217;architecture.
Par analogie avec une maison, il s&#8217;agit du <emphasis>plan de masse</emphasis>.</simpara>
<formalpara>
<title>Motivation</title>
<para>Maintenir une vue d&#8217;ensemble de votre code en rendant sa structure compréhensible grâce à l&#8217;abstraction.</para>
</formalpara>
<simpara>Cela vous permet de communiquer avec toute partie prenante à un niveau abstrait sans divulguer les détails de l&#8217;inplementation.</simpara>
<formalpara>
<title>Représentation</title>
<para>La vue en briques est une collection hiérarchique de boîtes noires et de boîtes blanches (voir figure ci-dessous) et de leurs descriptions.</para>
</formalpara>
<figure>
  <mediaobject>
    <imageobject>
      <imagedata fileref="images/05_building_blocks-EN.png"/>
    </imageobject>
    <textobject><phrase>Hiérarchie des briques</phrase></textobject>
  </mediaobject>
</figure>

<simpara><emphasis role="strong">Niveau Contexte et Périmètre (Niveau 0)</emphasis> a été décrit dans la section <ulink url="https://docs.arc42.org/section-3/">Context and Scope</ulink>. C&#8217;est pourquoi il n&#8217;est pas décrit ici, mais vous pouvez éventuellement insérer un lien vers <ulink url="https://docs.arc42.org/section-3/">Context and Scope</ulink>.</simpara>
<simpara><emphasis role="strong">Niveau 1</emphasis> est la description en boîte blanche du système global ainsi que la description en boîte noire de toutes les briques qu&#8217;il contient.</simpara>
<simpara><emphasis role="strong">Niveau 2</emphasis> est un zoom sur certaines briques du niveau 1.
Il contient donc la description en boîte blanche de certaines briques du niveau 1, ainsi que la description en boîte noire de leurs briques internes.</simpara>
<simpara>Voir <ulink url="https://docs.arc42.org/section-5/">Building Block View</ulink> dans la documentation arc42.</simpara>
</sidebar>

<section id="_niveau_1_syst_me_global_bo_te_blanche">
<title>Niveau 1 : Système global Boîte blanche</title>
<sidebar role="arc42help">
<simpara>Vous décrivez ici la décomposition du système global à l&#8217;aide du modèle de boîte blanche suivant. Il contient</simpara>
<itemizedlist>
<listitem>
<simpara>un schéma d&#8217;ensemble</simpara>
</listitem>
<listitem>
<simpara>une motivation pour la décomposition</simpara>
</listitem>
<listitem>
<simpara>des descriptions boîte noire des briques contenues. Pour cela, nous vous proposons des alternatives :</simpara>
<itemizedlist>
<listitem>
<simpara>utiliser <emphasis>un</emphasis> tableau pour une vue d&#8217;ensemble courte et pragmatique de tous les éléments contenus et de leurs interfaces</simpara>
</listitem>
<listitem>
<simpara>utiliser une liste de descriptions boîte noire des briques conformément au modèle de boîte noire (voir ci-dessous).
Selon l&#8217;outil choisi, cette liste peut prendre la forme de sous-chapitres (dans les fichiers texte), de sous-pages (dans un wiki) ou d'éléments imbriqués (dans un outil de modélisation).</simpara>
</listitem>
</itemizedlist>

</listitem>
<listitem>
<simpara>(facultatif :) interfaces importantes, qui ne sont pas expliquées dans les modèles boîte noire d&#8217;une brique, mais qui sont très importantes pour la compréhension de la boîte blanche.
Puisqu&#8217;il existe de nombreuses façons de spécifier les interfaces, pourquoi ne pas fournir un modèle spécifique pour celles-ci ?
 Dans le pire des cas, vous devez spécifier et décrire la syntaxe, la sémantique, les protocoles, la gestion des erreurs, les restrictions, les versions, les qualités, les compatibilités nécessaires et bien d&#8217;autres choses encore.
Dans le meilleur des cas, vous pourrez vous contenter d&#8217;exemples ou de simples signatures.</simpara>
</listitem>
</itemizedlist>

</sidebar>

<simpara><emphasis><emphasis role="strong">&lt;Schéma d&#8217;ensemble&gt;</emphasis></emphasis></simpara>
<variablelist>
<varlistentry>
<term>Motivation</term>
<listitem>
<simpara><emphasis>&lt;texte explicatif&gt;</emphasis></simpara>
</listitem>
</varlistentry>
<varlistentry>
<term>Briques contenues</term>
<listitem>
<simpara><emphasis>&lt;Description de la brique contenue (boîte noire)&gt;</emphasis></simpara>
</listitem>
</varlistentry>
<varlistentry>
<term>Interfaces Importantes</term>
<listitem>
<simpara><emphasis>&lt;Description des interfaces importantes&gt;</emphasis></simpara>
</listitem>
</varlistentry>
</variablelist>

<sidebar role="arc42help">
<simpara>Insérez vos explications sur les boîtes noires du niveau 1 :</simpara>
<simpara>Si vous utilisez la forme tabulaire, vous ne décrirez vos boîtes noires qu&#8217;avec leur nom et leur responsabilité selon le schéma suivant :</simpara>
<informaltable frame="all"
    rowsep="1" colsep="1">
  
  <tgroup cols="2">
    
    <colspec colname="col_1" colwidth="33*"/>
    
    <colspec colname="col_2" colwidth="66*"/>
    
    
    <thead>
      
      <row>
        
        <entry align="left" valign="top"><emphasis role="strong">Nom</emphasis></entry>
        
        <entry align="left" valign="top"><emphasis role="strong">Responsabilité</emphasis></entry>
        
      </row>
      
    </thead>
    
    <tbody>
      
      <row>
        
        <entry align="left" valign="top"><simpara><emphasis>&lt;boîte noire 1&gt;</emphasis></simpara></entry>
        
        <entry align="left" valign="top"><simpara> <emphasis>&lt;Texte&gt;</emphasis></simpara></entry>
        
      </row>
      
      <row>
        
        <entry align="left" valign="top"><simpara><emphasis>&lt;boîte noire 2&gt;</emphasis></simpara></entry>
        
        <entry align="left" valign="top"><simpara> <emphasis>&lt;Texte&gt;</emphasis></simpara></entry>
        
      </row>
      
    </tbody>
    
  </tgroup>
</informaltable>

<simpara>Si vous utilisez une liste de descriptions de boîtes noires, vous devez remplir un modèle de boîte noire distinct pour chaque brique importante.
Son titre est le nom de la boîte noire.</simpara>
</sidebar>

<section id="__nom_bo_te_noire_1">
<title>&lt;Nom boîte noire 1&gt;</title>
<sidebar role="arc42help">
<simpara>Vous décrivez ici la &lt;boîte noire 1&gt;
selon le modèle de boîte noire suivant :</simpara>
<itemizedlist>
<listitem>
<simpara>Objectif/Responsabilité</simpara>
</listitem>
<listitem>
<simpara>Interface(s), lorsqu&#8217;elle(s) n&#8217;est (ne sont) pas extraite(s) en tant que paragraphe(s) séparé(s). Ces interfaces peuvent inclure des qualités et des caractéristiques de performance.</simpara>
</listitem>
<listitem>
<simpara>(Facultatif) Caractéristiques de qualité/performance de la boîte noire, par exemple disponibilité, comportement en cours d&#8217;exécution, &#8230;.</simpara>
</listitem>
<listitem>
<simpara>(Facultatif) Emplacement du répertoire/fichier</simpara>
</listitem>
<listitem>
<simpara>(Facultatif) Exigences respectées (si vous avez besoin d&#8217;une traçabilité vers les exigences)</simpara>
</listitem>
<listitem>
<simpara>(Facultatif) Questions ouvertes/problèmes/risques</simpara>
</listitem>
</itemizedlist>

</sidebar>

<simpara><emphasis>&lt;Objectif/Responsabilité&gt;</emphasis></simpara>
<simpara><emphasis>&lt;Interface(s)&gt;</emphasis></simpara>
<simpara><emphasis>&lt;(Facultatif) Caractéristiques de qualité/performance&gt;</emphasis></simpara>
<simpara><emphasis>&lt;(Facultatif) Emplacement du répertoire/fichier&gt;</emphasis></simpara>
<simpara><emphasis>&lt;(Facultatif) Exigences respectées&gt;</emphasis></simpara>
<simpara><emphasis>&lt;(Facultatif) Questions ouvertes/problèmes/risques&gt;</emphasis></simpara>
</section>
<section id="__nom_bo_te_noire_2">
<title>&lt;Nom boîte noire 2&gt;</title>
<simpara><emphasis>&lt;template boîte noire&gt;</emphasis></simpara>
</section>
<section id="__nom_bo_te_noire_n">
<title>&lt;Nom boîte noire n&gt;</title>
<simpara><emphasis>&lt;template boîte noire&gt;</emphasis></simpara>
</section>
<section id="__nom_interface_1">
<title>&lt;Nom interface 1&gt;</title>
<simpara>&#8230;</simpara>
</section>
<section id="__nom_interface_m">
<title>&lt;Nom interface m&gt;</title>

</section>
</section>
<section id="_niveau_2">
<title>Niveau 2</title>
<sidebar role="arc42help">
<simpara>Ici, vous pouvez spécifier la structure interne de (certaines) briques du niveau 1 sous forme de boîtes blanches.</simpara>
<simpara>Vous devez décider quels éléments de votre système sont suffisamment importants pour justifier une description aussi détaillée.
Préférez la pertinence à l&#8217;exhaustivité. Spécifiez les éléments importants, surprenants, risqués, complexes ou volatils.
Laissez de côté les éléments normaux, simples, ennuyeux ou standardisés de votre système.</simpara>
<simpara>Si vous avez besoin de niveaux plus détaillés de votre architecture, c&#8217;est-à-dire des niveaux 3, 4 et ainsi de suite, veuillez copier cette partie d&#8217;arc42 pour les niveaux supplémentaires.</simpara>
</sidebar>

<section id="_bo_te_blanche_emphasis_brique_1_emphasis">
<title>Boîte blanche <emphasis>&lt;brique 1&gt;</emphasis></title>
<sidebar role="arc42help">
<simpara>&#8230;décrit la structure interne de la <emphasis>brique 1</emphasis>.</simpara>
</sidebar>

<simpara><emphasis>&lt;template boîte blanche&gt;</emphasis></simpara>
</section>
<section id="_bo_te_blanche_emphasis_brique_2_emphasis">
<title>Boîte blanche <emphasis>&lt;brique 2&gt;</emphasis></title>
<simpara><emphasis>&lt;template boîte blanche&gt;</emphasis></simpara>
<simpara>&#8230;</simpara>
</section>
<section id="_bo_te_blanche_emphasis_brique_n_emphasis">
<title>Boîte blanche <emphasis>&lt;brique n&gt;</emphasis></title>
<simpara><emphasis>&lt;template boîte blanche&gt;</emphasis></simpara>
<simpara><?asciidoc-pagebreak?></simpara>

</section>
</section>
</chapter>
<chapter id="section-runtime-view">
<title>Vue Exécution</title>
<sidebar role="arc42help">
<formalpara>
<title>Contenu</title>
<para>La vue d&#8217;exécution décrit le comportement concret et les interactions des briques du système sous la forme de scénarios dans les domaines suivants :</para>
</formalpara>
<itemizedlist>
<listitem>
<simpara>cas d&#8217;utilisation ou caractéristiques importants : comment les briques les exécutent-ils ?</simpara>
</listitem>
<listitem>
<simpara>interactions aux interfaces externes critiques : comment les briques coopèrent-elles avec les utilisateurs et les systèmes voisins ?</simpara>
</listitem>
<listitem>
<simpara>fonctionnement et administration : lancement, démarrage, arrêt</simpara>
</listitem>
<listitem>
<simpara>scénarios d&#8217;erreur et d&#8217;exception</simpara>
</listitem>
</itemizedlist>

<simpara>Remarque : Le critère principal pour le choix des scénarios possibles (séquences, flux de travail) est leur <emphasis role="strong">importance architecturale</emphasis>. Il n&#8217;est <emphasis role="strong">pas</emphasis> important de décrire un grand nombre de scénarios. Vous devez plutôt documenter une sélection représentative.</simpara>
<formalpara>
<title>Motivation</title>
<para>Vous devez comprendre comment les (instances des) briques de votre système effectuent leur travail et communiquent au moment de l&#8217;exécution.
Vous capturerez principalement des scénarios dans votre documentation afin de communiquer votre architecture aux parties prenantes qui sont moins disposées ou capables de lire et de comprendre les modèles statiques (vue en briques, vue déploiement).</para>
</formalpara>
<formalpara>
<title>Représentation</title>
<para>Il existe de nombreuses notations pour décrire les scénarios, par exemple</para>
</formalpara>
<itemizedlist>
<listitem>
<simpara>liste numérotée d'étapes (en langage naturel)</simpara>
</listitem>
<listitem>
<simpara>diagrammes d&#8217;activités ou de flux</simpara>
</listitem>
<listitem>
<simpara>diagrammes de séquence</simpara>
</listitem>
<listitem>
<simpara>BPMN ou EPC (chaînes de processus d'événements)</simpara>
</listitem>
<listitem>
<simpara>machines d'états</simpara>
</listitem>
<listitem>
<simpara>&#8230;</simpara>
</listitem>
</itemizedlist>

<simpara>Voir <ulink url="https://docs.arc42.org/section-6/">Runtime View</ulink> dans la documentation arc42.</simpara>
</sidebar>

<section id="__sc_nario_d_ex_cution_1">
<title>&lt;Scénario d&#8217;exécution 1&gt;</title>
<itemizedlist>
<listitem>
<simpara><emphasis>&lt;insérer un diagramme d&#8217;exécution ou une description textuelle du scénario&gt;</emphasis></simpara>
</listitem>
<listitem>
<simpara><emphasis>&lt;insérer une description des aspects notables des interactions entre les instances des briques représentées dans ce diagramme.&gt;</emphasis></simpara>
</listitem>
</itemizedlist>

</section>
<section id="__sc_nario_d_ex_cution_2">
<title>&lt;Scénario d&#8217;exécution 2&gt;</title>

</section>
<section id="_">
<title>&#8230;</title>

</section>
<section id="__sc_nario_d_ex_cution_n">
<title>&lt;Scénario d&#8217;exécution n&gt;</title>
<simpara><?asciidoc-pagebreak?></simpara>

</section>
</chapter>
<chapter id="section-deployment-view">
<title>Vue Déploiement</title>
<sidebar role="arc42help">
<formalpara>
<title>Contenu</title>
<para>La vue déploiement décrit :</para>
</formalpara>
<orderedlist numeration="arabic">
<listitem>
<simpara>l&#8217;infrastructure technique utilisée pour exécuter votre système, avec des éléments d&#8217;infrastructure tels que les emplacements géographiques, les environnements, les serveurs, les processeurs, les canaux et les topologies de réseau, ainsi que d&#8217;autres éléments d&#8217;infrastructure, et</simpara>
</listitem>
<listitem>
<simpara>la correspondance entre les briques (logicielles) et les éléments d&#8217;infrastructure.</simpara>
</listitem>
</orderedlist>

<simpara>Les systèmes sont souvent exécutés dans différents environnements, par exemple l&#8217;environnement de développement, l&#8217;environnement de test, l&#8217;environnement de production. Dans ce cas, vous devez documenter tous les environnements importants.</simpara>
<simpara>Documenter en particulier une vue déploiement si votre logiciel est exécuté en tant que système distribué avec plus d&#8217;un ordinateur, processeur, serveur ou conteneur ou lorsque vous concevez et construisez vos propres processeurs et puces matérielles.</simpara>
<simpara>D&#8217;un point de vue logiciel, il suffit de décrire uniquement les éléments d&#8217;une infrastructure qui sont nécessaires pour montrer le déploiement de vos briques. Les architectes matériel peuvent aller plus loin et décrire une infrastructure à n&#8217;importe quel niveau de détail.</simpara>
<formalpara>
<title>Motivation</title>
<para>Les logiciels ne fonctionnent pas sans matériel.
Cette infrastructure sous-jacente peut influencer et influencera un système et/ou certains concepts transversaux.
Il est donc nécessaire de connaître l&#8217;infrastructure.</para>
</formalpara>
<simpara>Un diagramme de déploiement de haut niveau est peut-être déjà contenu dans la section 3.2. en tant que
contexte technique avec votre propre infrastructure comme UNE boîte noire. Dans cette section,
il est possible de zoomer sur cette boîte noire à l&#8217;aide de diagrammes de déploiement supplémentaires :</simpara>
<itemizedlist>
<listitem>
<simpara>UML propose des diagrammes de déploiement pour exprimer ce point de vue. Utilisez-les, probablement avec des diagrammes imbriqués,
lorsque votre infrastructure est plus complexe.</simpara>
</listitem>
<listitem>
<simpara>Lorsque vos parties prenantes (matérielles) préfèrent d&#8217;autres types de diagrammes plutôt qu&#8217;un diagramme de déploiement, laissez-les utiliser n&#8217;importe quel type de diagramme capable de montrer les nœuds et les canaux de l&#8217;infrastructure.</simpara>
</listitem>
</itemizedlist>

<simpara>Voir <ulink url="https://docs.arc42.org/section-7/">Vue Déploiment</ulink> dans la documentation arc42.</simpara>
</sidebar>

<section id="_infrastructure_niveau_1">
<title>Infrastructure Niveau 1</title>
<sidebar role="arc42help">
<simpara>Décrire (généralement à l&#8217;aide d&#8217;une combinaison de diagrammes, de tableaux et de textes) :</simpara>
<itemizedlist>
<listitem>
<simpara>distribution d&#8217;un système à plusieurs endroits, environnements, machines, processeurs, &#8230;, ainsi que les connexions physiques entre eux</simpara>
</listitem>
<listitem>
<simpara>justifications ou motivations importantes pour cette structure de déploiement</simpara>
</listitem>
<listitem>
<simpara>les caractéristiques de qualité et/ou de performance de cette infrastructure</simpara>
</listitem>
<listitem>
<simpara>la mise en correspondance des artefacts logiciels avec les éléments de cette infrastructure</simpara>
</listitem>
</itemizedlist>

<simpara>Pour les environnements multiples ou les déploiements alternatifs, veuillez copier et adapter cette section d&#8217;arc42 pour tous les environnements concernés.</simpara>
</sidebar>

<simpara><emphasis><emphasis role="strong">&lt;Schéma d&#8217;ensemble&gt;</emphasis></emphasis></simpara>
<variablelist>
<varlistentry>
<term>Motivation</term>
<listitem>
<simpara><emphasis>&lt;explication sous forme de texte&gt;</emphasis></simpara>
</listitem>
</varlistentry>
<varlistentry>
<term>Caractéristiques de qualité et/ou de performance</term>
<listitem>
<simpara><emphasis>&lt;explication sous forme de texte&gt;</emphasis></simpara>
</listitem>
</varlistentry>
<varlistentry>
<term>Correspondance des briques vis à vis de l&#8217;infrastructure</term>
<listitem>
<simpara><emphasis>&lt;description de la correspondance&gt;</emphasis></simpara>
</listitem>
</varlistentry>
</variablelist>

</section>
<section id="_infrastructure_niveau_2">
<title>Infrastructure Niveau 2</title>
<sidebar role="arc42help">
<simpara>Ici, vous pouvez inclure la structure interne de (certains) éléments d&#8217;infrastructure du niveau 1.</simpara>
<simpara>Veuillez copier la structure du niveau 1 pour chaque élément sélectionné.</simpara>
</sidebar>

<section id="__emphasis_infrastructure_element_1_emphasis">
<title><emphasis>&lt;Infrastructure Element 1&gt;</emphasis></title>
<simpara><emphasis>&lt;schéma + explication&gt;</emphasis></simpara>
</section>
<section id="__emphasis_infrastructure_element_2_emphasis">
<title><emphasis>&lt;Infrastructure Element 2&gt;</emphasis></title>
<simpara><emphasis>&lt;schéma + explication&gt;</emphasis></simpara>
<simpara>&#8230;</simpara>
</section>
<section id="__emphasis_infrastructure_element_n_emphasis">
<title><emphasis>&lt;Infrastructure Element n&gt;</emphasis></title>
<simpara><emphasis>&lt;schéma + explication&gt;</emphasis></simpara>
<simpara><?asciidoc-pagebreak?></simpara>

</section>
</section>
</chapter>
<chapter id="section-concepts">
<title>Concepts transversaux</title>
<sidebar role="arc42help">
<formalpara>
<title>Contenu</title>
<para>Cette section décrit les réglementations générales, principales et les idées de solutions qui sont importantes dans plusieurs parties (= transversales) de votre système.
Ces concepts sont souvent liés à plusieurs briques.
Ils peuvent inclure de nombreux sujets différents, tels que</para>
</formalpara>
<itemizedlist>
<listitem>
<simpara>les modèles, particulièrement les modèles de domaine</simpara>
</listitem>
<listitem>
<simpara>les modèles d&#8217;architecture ou de conception</simpara>
</listitem>
<listitem>
<simpara>règles d&#8217;utilisation d&#8217;une technologie spécifique</simpara>
</listitem>
<listitem>
<simpara>les décisions principales, souvent techniques, de nature globale (= transversale)</simpara>
</listitem>
<listitem>
<simpara>règles de mise en œuvre</simpara>
</listitem>
</itemizedlist>

<formalpara>
<title>Motivation</title>
<para>Les concepts constituent la base de l'<emphasis>intégrité conceptuelle</emphasis> (cohérence, homogénéité) de l&#8217;architecture.
Ils constituent donc une contribution importante à l&#8217;obtention des qualités internes de votre système.</para>
</formalpara>
<simpara>Certains de ces concepts ne peuvent pas être attribués à des briques individuelles, par exemple la sécurité ou la fiabilité.</simpara>
<formalpara>
<title>Représentation</title>
<para>La représentation peut être variée :</para>
</formalpara>
<itemizedlist>
<listitem>
<simpara>des documents conceptuels avec n&#8217;importe quel type de structure</simpara>
</listitem>
<listitem>
<simpara>des extraits de modèles transverses ou des scénarios utilisant les notations des vues de l&#8217;architecture</simpara>
</listitem>
<listitem>
<simpara>des exemples de mise en œuvre, en particulier pour les concepts techniques</simpara>
</listitem>
<listitem>
<simpara>référence à l&#8217;utilisation typique de frameworks standard (par exemple, l&#8217;utilisation d&#8217;Hibernate pour le mappage objet/relationnel)</simpara>
</listitem>
</itemizedlist>

<formalpara>
<title>Structure</title>
<para>Une structure potentielle (mais non obligatoire) pour cette section pourrait être la suivante :</para>
</formalpara>
<itemizedlist>
<listitem>
<simpara>Concepts de domaine</simpara>
</listitem>
<listitem>
<simpara>Concepts d&#8217;expérience utilisateur (UX)</simpara>
</listitem>
<listitem>
<simpara>Concepts de fiabilité et de sécurité</simpara>
</listitem>
<listitem>
<simpara>Architecture et modèles de conception</simpara>
</listitem>
<listitem>
<simpara>"Sous le capot"</simpara>
</listitem>
<listitem>
<simpara>Concepts de développement</simpara>
</listitem>
<listitem>
<simpara>Concepts opérationnels</simpara>
</listitem>
</itemizedlist>

<simpara>Remarque : il peut être difficile d&#8217;affecter des concepts individuels à un thème spécifique de cette liste.</simpara>
<figure>
  <mediaobject>
    <imageobject>
      <imagedata fileref="images/08-concepts-EN.drawio.png"/>
    </imageobject>
    <textobject><phrase>Thèmes possibles pour les concepts transversaux</phrase></textobject>
  </mediaobject>
</figure>

<simpara>Voir <ulink url="https://docs.arc42.org/section-8/">Concepts</ulink> dans la documentation arc42.</simpara>
</sidebar>

<section id="__emphasis_concept_1_emphasis">
<title><emphasis>&lt;Concept 1&gt;</emphasis></title>
<simpara><emphasis>&lt;explication&gt;</emphasis></simpara>
</section>
<section id="__emphasis_concept_2_emphasis">
<title><emphasis>&lt;Concept 2&gt;</emphasis></title>
<simpara><emphasis>&lt;explication&gt;</emphasis></simpara>
<simpara>&#8230;</simpara>
</section>
<section id="__emphasis_concept_n_emphasis">
<title><emphasis>&lt;Concept n&gt;</emphasis></title>
<simpara><emphasis>&lt;explication&gt;</emphasis></simpara>
<simpara><?asciidoc-pagebreak?></simpara>

</section>
</chapter>
<chapter id="section-design-decisions">
<title>Décisions d&#8217;architecture</title>
<sidebar role="arc42help">
<formalpara>
<title>Contenu</title>
<para>Décisions architecturales importantes, coûteuses, à grande échelle ou risquées, y compris les justifications.
Par "décisions", nous entendons la sélection d&#8217;une alternative sur la base de critères donnés.</para>
</formalpara>
<simpara>Veuillez faire preuve de discernement pour décider si une décision architecturale doit être documentée
ici dans la section centrale ou s&#8217;il est préférable de la documenter localement
(par exemple, dans le modèle de boîte blanche d&#8217;une brique).</simpara>
<simpara>Évitez la redondance.
Reportez-vous à la section 4, où vous avez déjà pris les décisions les plus importantes de votre architecture.</simpara>
<formalpara>
<title>Motivation</title>
<para>Les parties prenantes de votre système doivent pouvoir comprendre et retracer vos décisions.</para>
</formalpara>
<formalpara>
<title>Représentation</title>
<para>Diverses options :</para>
</formalpara>
<itemizedlist>
<listitem>
<simpara>ADR (<ulink url="https://cognitect.com/blog/2011/11/15/documenting-architecture-decisions">Documenting Architecture Decisions</ulink>) pour chaque décision importante</simpara>
</listitem>
<listitem>
<simpara>Liste ou tableau, classés par ordre d&#8217;importance et de conséquences ou :</simpara>
</listitem>
<listitem>
<simpara>plus détaillé sous forme de sections séparées par décision</simpara>
</listitem>
</itemizedlist>

<simpara>Voir <ulink url="https://docs.arc42.org/section-9/">Architecture Decisions</ulink> dans la documentation arc42.
Vous y trouverez des liens et des exemples sur les ADR.</simpara>
</sidebar>

<simpara><?asciidoc-pagebreak?></simpara>

</chapter>
<chapter id="section-quality-scenarios">
<title>Critères de qualité</title>
<sidebar role="arc42help">
<formalpara>
<title>Contenu</title>
<para>Cette section contient tous les critères de qualité sous la forme d&#8217;un arbre de qualité avec des scénarios. Les plus importantes ont déjà été décrites au point 1.2 (objectifs de qualité).</para>
</formalpara>
<simpara>Ici, vous pouvez également capturer des critères de qualité avec une priorité moindre,
qui n&#8217;entraîneront pas de risques élevés si elles ne sont pas entièrement satisfaites.</simpara>
<formalpara>
<title>Motivation</title>
<para>Étant donné que les critères de qualité auront une grande influence sur les décisions architecturales,
vous devez savoir, pour chaque partie prenante, ce qui est vraiment important pour elle,
ce qui est concret et mesurable.</para>
</formalpara>
<simpara>Voir <ulink url="https://docs.arc42.org/section-10/">Quality Requirements</ulink> dans la documentation arc42.</simpara>
</sidebar>

<section id="_arbre_de_qualit">
<title>Arbre de qualité</title>
<sidebar role="arc42help">
<formalpara>
<title>Contenu</title>
<para>L&#8217;arbre de qualité (tel que défini dans ATAM – Architecture Tradeoff Analysis Method) avec des scénarios de qualité/évaluation sous forme de feuilles.</para>
</formalpara>
<formalpara>
<title>Motivation</title>
<para>L&#8217;arborescence avec les priorités permet d&#8217;avoir une vue d&#8217;ensemble d&#8217;un nombre parfois important de critères de qualité.</para>
</formalpara>
<formalpara>
<title>Représentation</title>
<para>L&#8217;arbre de qualité est une vue d&#8217;ensemble des objectifs et des critères de qualité :</para>
</formalpara>
<itemizedlist>
<listitem>
<simpara>raffinement arborescent du terme "qualité". Utiliser "qualité" ou "utilité" comme racine</simpara>
</listitem>
<listitem>
<simpara>une carte mentale dont les principales branches sont les catégories de qualité</simpara>
</listitem>
</itemizedlist>

<simpara>Dans tous les cas, l&#8217;arbre doit inclure des liens vers les scénarios de la section suivante.</simpara>
</sidebar>

</section>
<section id="_sc_narios_qualit">
<title>Scénarios Qualité</title>
<sidebar role="arc42help">
<formalpara>
<title>Contenu</title>
<para>Concrétisation des critères de qualité (parfois vagues ou implicites) à l&#8217;aide de scénarios Qualité.</para>
</formalpara>
<simpara>Ces scénarios décrivent ce qui doit se passer lorsqu&#8217;un stimulus arrive au système.</simpara>
<simpara>Pour les architectes, deux types de scénarios sont importants :</simpara>
<itemizedlist>
<listitem>
<simpara>Les scénarios d&#8217;utilisation (également appelés scénarios d&#8217;application ou scénarios de cas d&#8217;utilisation) décrivent la réaction du système en cours d&#8217;exécution à un certain stimulus. Cela inclut également les scénarios qui décrivent l&#8217;efficacité ou la performance du système. Exemple : Le système réagit à la demande d&#8217;un utilisateur en une seconde.</simpara>
</listitem>
<listitem>
<simpara>Les scénarios de changement décrivent une modification du système ou de son environnement immédiat. Exemple : Une fonctionnalité supplémentaire est mise en œuvre ou les exigences relatives à la modification d&#8217;un attribut Qualité.</simpara>
</listitem>
</itemizedlist>

<formalpara>
<title>Motivation</title>
<para>Les scénarios concrétisent les exigences de qualité et permettent de mesurer ou de décider plus facilement si elles sont satisfaites.</para>
</formalpara>
<simpara>En particulier lorsque vous souhaitez évaluer votre architecture à l&#8217;aide de méthodes telles que
ATAM, vous devez décrire vos objectifs qualité (voir section 1.2)
plus précisément à un niveau de scénarios qui peuvent être discutés et évalués.</simpara>
<formalpara>
<title>Représentation</title>
<para>Texte tabulaire ou libre.</para>
</formalpara>
</sidebar>

<simpara><?asciidoc-pagebreak?></simpara>

</section>
</chapter>
<chapter id="section-technical-risks">
<title>Risques et Dettes techniques</title>
<sidebar role="arc42help">
<formalpara>
<title>Contenu</title>
<para>Une liste des risques ou des dettes techniques identifiés, classés par ordre de priorité</para>
</formalpara>
<formalpara>
<title>Motivation</title>
<para>“Risk management is project management for grown-ups” (Tim Lister, Atlantic Systems Guild.)</para>
</formalpara>
<simpara>C&#8217;est la devise pour la détection et l'évaluation systématiques des risques et des dettes techniques dans l&#8217;architecture, dont auront besoin les acteurs de la gestion de projet (par exemple, les chefs de projet, les propriétaires de produits) dans le cadre de l&#8217;analyse globale des risques et de la planification de la mesure.</simpara>
<formalpara>
<title>Représentation</title>
<para>Liste des risques et/ou des dettes techniques, comprenant probablement des mesures suggérées pour minimiser, atténuer ou éviter les risques ou réduire les dettes techniques.</para>
</formalpara>
<simpara>Voir <ulink url="https://docs.arc42.org/section-11/">Risks and Technical Debt</ulink> dans la documentation arc42.</simpara>
</sidebar>

<simpara><?asciidoc-pagebreak?></simpara>

</chapter>
<chapter id="section-glossary">
<title>Glossaire</title>
<sidebar role="arc42help">
<formalpara>
<title>Contenu</title>
<para>Les termes techniques et métier les plus importants que vos parties prenantes utilisent lorsqu&#8217;elles discutent du système.</para>
</formalpara>
<simpara>Le glossaire peut également servir de source pour les traductions si vous travaillez dans des équipes multilingues.</simpara>
<formalpara>
<title>Motivation</title>
<para>Vous devez définir clairement vos termes, de manière à ce que toutes les parties prenantes</para>
</formalpara>
<itemizedlist>
<listitem>
<simpara>aient une compréhension identique de ces termes</simpara>
</listitem>
<listitem>
<simpara>n&#8217;utilisent pas de synonymes et d&#8217;homonymes</simpara>
</listitem>
</itemizedlist>

<simpara>Un tableau avec les colonnes &lt;Terme&gt; et &lt;Définition&gt;.</simpara>
<simpara>Potentiellement plus de colonnes au cas où vous auriez besoin de traductions.</simpara>
<informaltable frame="all"
    rowsep="1" colsep="1">
  
  <tgroup cols="2">
    
    <colspec colname="col_1" colwidth="50*"/>
    
    <colspec colname="col_2" colwidth="50*"/>
    
    
    <thead>
      
      <row>
        
        <entry align="left" valign="top">Terme</entry>
        
        <entry align="left" valign="top">Définition</entry>
        
      </row>
      
    </thead>
    
    <tbody>
      
      <row>
        
        <entry align="left" valign="top"><simpara><emphasis>&lt;Terme-1&gt;</emphasis></simpara></entry>
        
        <entry align="left" valign="top"><simpara><emphasis>&lt;Définition-1&gt;</emphasis></simpara></entry>
        
      </row>
      
      <row>
        
        <entry align="left" valign="top"><simpara><emphasis>&lt;Terme-2&gt;</emphasis></simpara></entry>
        
        <entry align="left" valign="top"><simpara><emphasis>&lt;Définition-2&gt;</emphasis></simpara></entry>
        
      </row>
      
    </tbody>
    
  </tgroup>
</informaltable>

<simpara>Voir <ulink url="https://docs.arc42.org/section-12/">Glossary</ulink> dans la documentation arc42.</simpara>
</sidebar>

<informaltable frame="all"
    rowsep="1" colsep="1">
  
  <tgroup cols="2">
    
    <colspec colname="col_1" colwidth="33*"/>
    
    <colspec colname="col_2" colwidth="66*"/>
    
    
    <thead>
      
      <row>
        
        <entry align="left" valign="top">Terme</entry>
        
        <entry align="left" valign="top">Définition</entry>
        
      </row>
      
    </thead>
    
    <tbody>
      
      <row>
        
        <entry align="left" valign="top"><simpara><emphasis>&lt;Terme-1&gt;</emphasis></simpara></entry>
        
        <entry align="left" valign="top"><simpara><emphasis>&lt;Définition-1&gt;</emphasis></simpara></entry>
        
      </row>
      
      <row>
        
        <entry align="left" valign="top"><simpara><emphasis>&lt;Terme-2&gt;</emphasis></simpara></entry>
        
        <entry align="left" valign="top"><simpara><emphasis>&lt;Définition-2&gt;</emphasis></simpara></entry>
        
      </row>
      
    </tbody>
    
  </tgroup>
</informaltable>

</chapter>
</book>