<?xml version="1.0" encoding="UTF-8"?>
<?asciidoc-toc?>
<?asciidoc-numbered?>
<book xmlns="http://docbook.org/ns/docbook" xmlns:xl="http://www.w3.org/1999/xlink" version="5.0" xml:lang="en">
<info>
<title><inlinemediaobject>
<imageobject>
<imagedata fileref="images/arc42-logo.png"/>
</imageobject>
<textobject><phrase>arc42</phrase></textobject>
</inlinemediaobject> Template</title>
<date>Juli 2025</date>
<revhistory>
<revision>
<revnumber>9.0-DE</revnumber>
<date>Juli 2025</date>
<revremark>(basiert auf der AsciiDoc Version)</revremark>
</revision>
</revhistory>
</info>
<preface>
<title></title>
<simpara><emphasis role="strong">Über arc42</emphasis></simpara>
<simpara role="lead">arc42, das Template zur Dokumentation von Software- und Systemarchitekturen.</simpara>
<simpara>Template Version 9.0-DE. (basiert auf der AsciiDoc Version), Juli 2025</simpara>
<simpara>Created, maintained and &#169; by Dr. Peter Hruschka, Dr. Gernot Starke and contributors.
Siehe <link xl:href="https://arc42.org">https://arc42.org</link>.</simpara>
<simpara><?asciidoc-hr?></simpara>
<sidebar role="arc42help">
<note>
<simpara>Diese Version des Templates enthält Hilfen und Erläuterungen.
Sie dient der Einarbeitung in arc42 sowie dem Verständnis der Konzepte.
Für die Dokumentation eigener System verwenden Sie besser die <emphasis>plain</emphasis> Version.</simpara>
</note>
</sidebar>
<simpara><?asciidoc-pagebreak?></simpara>
</preface>
<chapter xml:id="section-introduction-and-goals">
<title>Einführung und Ziele</title>
<sidebar role="arc42help">
<simpara>Beschreibt die wesentlichen Anforderungen und treibenden Kräfte, die bei der Umsetzung der Softwarearchitektur und Entwicklung des Systems berücksichtigt werden müssen.</simpara>
<simpara>Dazu gehören:</simpara>
<itemizedlist>
<listitem>
<simpara>zugrunde liegende Geschäftsziele,</simpara>
</listitem>
<listitem>
<simpara>wesentliche Aufgabenstellungen,</simpara>
</listitem>
<listitem>
<simpara>wesentliche funktionale Anforderungen,</simpara>
</listitem>
<listitem>
<simpara>Qualitätsziele für die Architektur und</simpara>
</listitem>
<listitem>
<simpara>relevante Stakeholder und deren Erwartungshaltung.</simpara>
</listitem>
</itemizedlist>
</sidebar>
<section xml:id="_aufgabenstellung">
<title>Aufgabenstellung</title>
<sidebar role="arc42help">
<formalpara>
<title>Inhalt</title>
<para>Kurzbeschreibung der fachlichen Aufgabenstellung, treibenden Kräfte, Extrakt (oder Abstract) der Anforderungen.
Verweis auf (hoffentlich vorliegende) Anforderungsdokumente (mit Versionsbezeichnungen und Ablageorten).</para>
</formalpara>
<formalpara>
<title>Motivation</title>
<para>Aus Sicht der späteren Nutzung ist die Unterstützung einer fachlichen Aufgabe oder Verbesserung der Qualität der eigentliche Beweggrund, ein neues System zu schaffen oder ein bestehendes zu modifizieren.</para>
</formalpara>
<formalpara>
<title>Form</title>
<para>Kurze textuelle Beschreibung, eventuell in tabellarischer Use-Case Form.
Sofern vorhanden, sollte die Aufgabenstellung Verweise auf die entsprechenden Anforderungsdokumente enthalten.</para>
</formalpara>
<simpara>Halten Sie diese Auszüge so knapp wie möglich und wägen Sie Lesbarkeit und Redundanzfreiheit gegeneinander ab.</simpara>
<formalpara>
<title>Weiterführende Informationen</title>
<para>Siehe <link xl:href="https://docs.arc42.org/section-1/">Anforderungen und Ziele</link> in der online-Dokumentation (auf Englisch!).</para>
</formalpara>
</sidebar>
</section>
<section xml:id="_qualitätsziele">
<title>Qualitätsziele</title>
<sidebar role="arc42help">
<formalpara>
<title>Inhalt</title>
<para>Die Top-3 bis Top-5 der Qualitätsanforderungen für die Architektur, deren Erfüllung oder Einhaltung den maßgeblichen Stakeholdern besonders wichtig sind.
Gemeint sind hier wirklich Qualitätsziele, die nicht unbedingt mit den Zielen des Projekts übereinstimmen.
Beachten Sie den Unterschied.</para>
</formalpara>
<simpara>Hier ein Überblick möglicher Themen (basierend auf dem ISO 25010 Standard):</simpara>
<informalfigure>
<mediaobject>
<imageobject>
<imagedata fileref="images/01_2_iso-25010-topics-DE.drawio.png"/>
</imageobject>
<textobject><phrase>Kategorien von Qualitätsanforderungen</phrase></textobject>
</mediaobject>
</informalfigure>
<formalpara>
<title>Motivation</title>
<para>Weil Qualitätsziele grundlegende Architekturentscheidungen oft maßgeblich beeinflussen, sollten Sie die für Ihre Stakeholder relevanten Qualitätsziele kennen, möglichst konkret und operationalisierbar.</para>
</formalpara>
<formalpara>
<title>Form</title>
<para>Tabellarische Darstellung der Qualitätsziele mit möglichst konkreten Szenarien, geordnet nach Prioritäten.</para>
</formalpara>
</sidebar>
</section>
<section xml:id="_stakeholder">
<title>Stakeholder</title>
<sidebar role="arc42help">
<formalpara>
<title>Inhalt</title>
<para>Expliziter Überblick über die Stakeholder des Systems – über alle Personen, Rollen oder Organisationen –, die</para>
</formalpara>
<itemizedlist>
<listitem>
<simpara>die Architektur kennen sollten oder</simpara>
</listitem>
<listitem>
<simpara>von der Architektur überzeugt werden müssen,</simpara>
</listitem>
<listitem>
<simpara>mit der Architektur oder dem Code arbeiten (z.B. Schnittstellen nutzen),</simpara>
</listitem>
<listitem>
<simpara>die Dokumentation der Architektur für ihre eigene Arbeit benötigen,</simpara>
</listitem>
<listitem>
<simpara>Entscheidungen über das System und dessen Entwicklung treffen.</simpara>
</listitem>
</itemizedlist>
<formalpara>
<title>Motivation</title>
<para>Sie sollten die Projektbeteiligten und -betroffenen kennen, sonst erleben Sie später im Entwicklungsprozess Überraschungen.
Diese Stakeholder bestimmen unter anderem Umfang und Detaillierungsgrad der von Ihnen zu leistenden Arbeit und Ergebnisse.</para>
</formalpara>
<formalpara>
<title>Form</title>
<para>Tabelle mit Rollen- oder Personennamen, sowie deren Erwartungshaltung bezüglich der Architektur und deren Dokumentation.</para>
</formalpara>
</sidebar>
<informaltable frame="all" rowsep="1" colsep="1">
<tgroup cols="3">
<colspec colname="col_1" colwidth="25*"/>
<colspec colname="col_2" colwidth="25*"/>
<colspec colname="col_3" colwidth="50*"/>
<thead>
<row>
<entry align="left" valign="top">Rolle</entry>
<entry align="left" valign="top">Kontakt</entry>
<entry align="left" valign="top">Erwartungshaltung</entry>
</row>
</thead>
<tbody>
<row>
<entry align="left" valign="top"><simpara><emphasis>&lt;Rolle-1&gt;</emphasis></simpara></entry>
<entry align="left" valign="top"><simpara><emphasis>&lt;Kontakt-1&gt;</emphasis></simpara></entry>
<entry align="left" valign="top"><simpara><emphasis>&lt;Erwartung-1&gt;</emphasis></simpara></entry>
</row>
<row>
<entry align="left" valign="top"><simpara><emphasis>&lt;Rolle-2&gt;</emphasis></simpara></entry>
<entry align="left" valign="top"><simpara><emphasis>&lt;Kontakt-2&gt;</emphasis></simpara></entry>
<entry align="left" valign="top"><simpara><emphasis>&lt;Erwartung-2&gt;</emphasis></simpara></entry>
</row>
</tbody>
</tgroup>
</informaltable>
<simpara><?asciidoc-pagebreak?></simpara>
</section>
</chapter>
<chapter xml:id="section-architecture-constraints">
<title>Randbedingungen</title>
<sidebar role="arc42help">
<formalpara>
<title>Inhalt</title>
<para>Randbedingungen und Vorgaben, die ihre Freiheiten bezüglich Entwurf, Implementierung oder Ihres Entwicklungsprozesses einschränken.
Diese Randbedingungen gelten manchmal organisations- oder firmenweit über die Grenzen einzelner Systeme hinweg.</para>
</formalpara>
<formalpara>
<title>Motivation</title>
<para>Für eine tragfähige Architektur sollten Sie genau wissen, wo Ihre Freiheitsgrade bezüglich der Entwurfsentscheidungen liegen und wo Sie Randbedingungen beachten müssen.
Sie können Randbedingungen vielleicht noch verhandeln, zunächst sind sie aber da.</para>
</formalpara>
<formalpara>
<title>Form</title>
<para>Einfache Tabellen der Randbedingungen mit Erläuterungen.
Bei Bedarf unterscheiden Sie technische, organisatorische und politische Randbedingungen oder übergreifende Konventionen (beispielsweise Programmier- oder Versionierungsrichtlinien, Dokumentations- oder Namenskonvention).</para>
</formalpara>
<formalpara>
<title>Weiterführende Informationen</title>
<para>Siehe <link xl:href="https://docs.arc42.org/section-2/">Randbedingungen</link> in der online-Dokumentation (auf Englisch!).</para>
</formalpara>
</sidebar>
<simpara><?asciidoc-pagebreak?></simpara>
</chapter>
<chapter xml:id="section-context-and-scope">
<title>Kontextabgrenzung</title>
<sidebar role="arc42help">
<formalpara>
<title>Inhalt</title>
<para>Die Kontextabgrenzung grenzt das System gegen alle Kommunikationspartner (Nachbarsysteme und Benutzerrollen) ab.
Sie legt damit die externen Schnittstellen fest und zeigt damit auch die Verantwortlichkeit (scope) Ihres Systems: Welche Verantwortung trägt das System und welche Verantwortung übernehmen die Nachbarsysteme?</para>
</formalpara>
<simpara>Differenzieren Sie fachlichen (Ein- und Ausgaben) und technischen Kontext (Kanäle, Protokolle, Hardware), falls nötig.</simpara>
<formalpara>
<title>Motivation</title>
<para>Die fachlichen und technischen Schnittstellen zur Kommunikation gehören zu den kritischsten Aspekten eines Systems.
Stellen Sie sicher, dass Sie diese komplett verstanden haben.</para>
</formalpara>
<formalpara>
<title>Form</title>
<para>Verschiedene Optionen:</para>
</formalpara>
<itemizedlist>
<listitem>
<simpara>Diverse Kontextdiagramme</simpara>
</listitem>
<listitem>
<simpara>Listen von Kommunikationsbeziehungen mit deren Schnittstellen</simpara>
</listitem>
</itemizedlist>
<formalpara>
<title>Weiterführende Informationen</title>
<para>Siehe <link xl:href="https://docs.arc42.org/section-3/">Kontextabgrenzung</link> in der online-Dokumentation (auf Englisch!).</para>
</formalpara>
</sidebar>
<section xml:id="_fachlicher_kontext">
<title>Fachlicher Kontext</title>
<sidebar role="arc42help">
<formalpara>
<title>Inhalt</title>
<para>Festlegung <emphasis role="strong">aller</emphasis> Kommunikationsbeziehungen (Nutzer, IT-Systeme, &#8230;&#8203;) mit Erklärung der fachlichen Ein- und Ausgabedaten oder Schnittstellen.
Zusätzlich (bei Bedarf) fachliche Datenformate oder Protokolle der Kommunikation mit den Nachbarsystemen.</para>
</formalpara>
<formalpara>
<title>Motivation</title>
<para>Alle Beteiligten müssen verstehen, welche fachlichen Informationen mit der Umwelt ausgetauscht werden.</para>
</formalpara>
<formalpara>
<title>Form</title>
<para>Alle Diagrammarten, die das System als Blackbox darstellen und die fachlichen Schnittstellen zu den Nachbarsystemen beschreiben.</para>
</formalpara>
<simpara>Alternativ oder ergänzend können Sie eine Tabelle verwenden.
Der Titel gibt den Namen Ihres Systems wieder; die drei Spalten sind: Kommunikationsbeziehung, Eingabe, Ausgabe.</simpara>
</sidebar>
<simpara><emphasis role="strong">&lt;Diagramm und/oder Tabelle&gt;</emphasis></simpara>
<simpara><emphasis role="strong">&lt;optional: Erläuterung der externen fachlichen Schnittstellen&gt;</emphasis></simpara>
</section>
<section xml:id="_technischer_kontext">
<title>Technischer Kontext</title>
<sidebar role="arc42help">
<formalpara>
<title>Inhalt</title>
<para>Technische Schnittstellen (Kanäle, Übertragungsmedien) zwischen dem System und seiner Umwelt.
Zusätzlich eine Erklärung (<emphasis>mapping</emphasis>), welche fachlichen Ein- und Ausgaben über welche technischen Kanäle fließen.</para>
</formalpara>
<formalpara>
<title>Motivation</title>
<para>Viele Stakeholder treffen Architekturentscheidungen auf Basis der technischen Schnittstellen des Systems zu seinem Kontext.</para>
</formalpara>
<simpara>Insbesondere bei der Entwicklung von Infrastruktur oder Hardware sind diese technischen Schnittstellen durchaus entscheidend.</simpara>
<formalpara>
<title>Form</title>
<para>Beispielsweise UML Deployment-Diagramme mit den Kanälen zu Nachbarsystemen, begleitet von einer Tabelle, die Kanäle auf Ein-/Ausgaben abbildet.</para>
</formalpara>
</sidebar>
<simpara><emphasis role="strong">&lt;Diagramm oder Tabelle&gt;</emphasis></simpara>
<simpara><emphasis role="strong">&lt;optional: Erläuterung der externen technischen Schnittstellen&gt;</emphasis></simpara>
<simpara><emphasis role="strong">&lt;Mapping fachliche auf technische Schnittstellen&gt;</emphasis></simpara>
<simpara><?asciidoc-pagebreak?></simpara>
</section>
</chapter>
<chapter xml:id="section-solution-strategy">
<title>Lösungsstrategie</title>
<sidebar role="arc42help">
<formalpara>
<title>Inhalt</title>
<para>Kurzer Überblick über die grundlegenden Entscheidungen und Lösungsansätze, die Entwurf und Implementierung des Systems prägen.
Hierzu gehören:</para>
</formalpara>
<itemizedlist>
<listitem>
<simpara>Technologieentscheidungen</simpara>
</listitem>
<listitem>
<simpara>Entscheidungen über die Top-Level-Zerlegung des Systems, beispielsweise die Verwendung gesamthaft prägender Entwurfs- oder Architekturmuster,</simpara>
</listitem>
<listitem>
<simpara>Entscheidungen zur Erreichung der wichtigsten Qualitätsanforderungen sowie</simpara>
</listitem>
<listitem>
<simpara>relevante organisatorische Entscheidungen, beispielsweise für bestimmte Entwicklungsprozesse oder Delegation bestimmter Aufgaben an andere Stakeholder.</simpara>
</listitem>
</itemizedlist>
<formalpara>
<title>Motivation</title>
<para>Diese wichtigen Entscheidungen bilden wesentliche „Eckpfeiler“ der Architektur.
Von ihnen hängen viele weitere Entscheidungen oder Implementierungsregeln ab.</para>
</formalpara>
<formalpara>
<title>Form</title>
<para>Fassen Sie die zentralen Entwurfsentscheidungen <emphasis role="strong">kurz</emphasis> zusammen.
Motivieren Sie, ausgehend von Aufgabenstellung, Qualitätszielen und Randbedingungen, was Sie entschieden haben und warum Sie so entschieden haben.
Vermeiden Sie redundante Beschreibungen und verweisen Sie eher auf weitere Ausführungen in Folgeabschnitten.</para>
</formalpara>
<formalpara>
<title>Weiterführende Informationen</title>
<para>Siehe <link xl:href="https://docs.arc42.org/section-4/">Lösungsstrategie</link> in der online-Dokumentation (auf Englisch!).</para>
</formalpara>
</sidebar>
<simpara><?asciidoc-pagebreak?></simpara>
</chapter>
<chapter xml:id="section-building-block-view">
<title>Bausteinsicht</title>
<sidebar role="arc42help">
<formalpara>
<title>Inhalt</title>
<para>Die Bausteinsicht zeigt die statische Zerlegung des Systems in Bausteine (Module, Komponenten, Subsysteme, Klassen, Schnittstellen, Pakete, Bibliotheken, Frameworks, Schichten, Partitionen, Tiers, Funktionen, Makros, Operationen, Datenstrukturen, &#8230;&#8203;) sowie deren Abhängigkeiten (Beziehungen, Assoziationen, &#8230;&#8203;)</para>
</formalpara>
<simpara>Diese Sicht sollte in jeder Architekturdokumentation vorhanden sein.
In der Analogie zum Hausbau bildet die Bausteinsicht den <emphasis>Grundrissplan</emphasis>.</simpara>
<formalpara>
<title>Motivation</title>
<para>Behalten Sie den Überblick über den Quellcode, indem Sie die statische Struktur des Systems durch Abstraktion verständlich machen.</para>
</formalpara>
<simpara>Damit ermöglichen Sie Kommunikation auf abstrakterer Ebene, ohne zu viele Implementierungsdetails offenlegen zu müssen.</simpara>
<formalpara>
<title>Form</title>
<para>Die Bausteinsicht ist eine hierarchische Sammlung von Blackboxen und Whiteboxen (siehe Abbildung unten) und deren Beschreibungen.</para>
</formalpara>
<informalfigure>
<mediaobject>
<imageobject>
<imagedata fileref="images/05_building_blocks-DE.png"/>
</imageobject>
<textobject><phrase>Hierarchie in der Bausteinsicht</phrase></textobject>
</mediaobject>
</informalfigure>
<simpara><emphasis role="strong">Ebene 1</emphasis> ist die Whitebox-Beschreibung des Gesamtsystems, zusammen mit Blackbox-Beschreibungen der darin enthaltenen Bausteine.</simpara>
<simpara><emphasis role="strong">Ebene 2</emphasis> zoomt in einige Bausteine der Ebene 1 hinein.
Sie enthält somit die Whitebox-Beschreibungen ausgewählter Bausteine der Ebene 1, jeweils zusammen mit Blackbox-Beschreibungen darin enthaltener Bausteine.</simpara>
<simpara><emphasis role="strong">Ebene 3</emphasis> zoomt in einige Bausteine der Ebene 2 hinein, usw.</simpara>
<formalpara>
<title>Weiterführende Informationen</title>
<para>Siehe <link xl:href="https://docs.arc42.org/section-5/">Bausteinsicht</link> in der online-Dokumentation (auf Englisch!).</para>
</formalpara>
</sidebar>
<section xml:id="_whitebox_gesamtsystem">
<title>Whitebox Gesamtsystem</title>
<sidebar role="arc42help">
<simpara>An dieser Stelle beschreiben Sie die Zerlegung des Gesamtsystems anhand des nachfolgenden Whitebox-Templates.
Dieses enthält:</simpara>
<itemizedlist>
<listitem>
<simpara>Ein Übersichtsdiagramm</simpara>
</listitem>
<listitem>
<simpara>die Begründung dieser Zerlegung</simpara>
</listitem>
<listitem>
<simpara>Blackbox-Beschreibungen der hier enthaltenen Bausteine.
Dafür haben Sie verschiedene Optionen:</simpara>
<itemizedlist>
<listitem>
<simpara>in <emphasis>einer</emphasis> Tabelle, gibt einen kurzen und pragmatischen Überblick über die enthaltenen Bausteine sowie deren Schnittstellen.</simpara>
</listitem>
<listitem>
<simpara>als Liste von Blackbox-Beschreibungen der Bausteine, gemäß dem Blackbox-Template (siehe unten).
Diese Liste können Sie, je nach Werkzeug, etwa in Form von Unterkapiteln (Text), Unter-Seiten (Wiki) oder geschachtelten Elementen (Modellierungswerkzeug) darstellen.</simpara>
</listitem>
</itemizedlist>
</listitem>
<listitem>
<simpara>(optional:) wichtige Schnittstellen, die nicht bereits im Blackbox-Template eines der Bausteine erläutert werden, aber für das Verständnis der Whitebox von zentraler Bedeutung sind.
Aufgrund der vielfältigen Möglichkeiten oder Ausprägungen von Schnittstellen geben wir hierzu kein weiteres Template vor.
Im schlimmsten Fall müssen Sie Syntax, Semantik, Protokolle, Fehlerverhalten, Restriktionen, Versionen, Qualitätseigenschaften, notwendige Kompatibilitäten und vieles mehr spezifizieren oder beschreiben.
Im besten Fall kommen Sie mit Beispielen oder einfachen Signaturen zurecht.</simpara>
</listitem>
</itemizedlist>
</sidebar>
<simpara><emphasis><emphasis role="strong">&lt;Übersichtsdiagramm&gt;</emphasis></emphasis></simpara>
<variablelist>
<varlistentry>
<term>Begründung</term>
<listitem>
<simpara><emphasis>&lt;Erläuternder Text&gt;</emphasis></simpara>
</listitem>
</varlistentry>
<varlistentry>
<term>Enthaltene Bausteine</term>
<listitem>
<simpara><emphasis>&lt;Beschreibung der enthaltenen Bausteine (Blackboxen)&gt;</emphasis></simpara>
</listitem>
</varlistentry>
<varlistentry>
<term>Wichtige Schnittstellen</term>
<listitem>
<simpara><emphasis>&lt;Beschreibung wichtiger Schnittstellen&gt;</emphasis></simpara>
</listitem>
</varlistentry>
</variablelist>
<sidebar role="arc42help">
<simpara>Hier folgen jetzt Erläuterungen zu Blackboxen der Ebene 1.</simpara>
<simpara>Falls Sie die tabellarische Beschreibung wählen, so werden Blackboxen darin nur mit Name und Verantwortung nach folgendem Muster beschrieben:</simpara>
<informaltable frame="all" rowsep="1" colsep="1">
<tgroup cols="2">
<colspec colname="col_1" colwidth="33.3333*"/>
<colspec colname="col_2" colwidth="66.6667*"/>
<thead>
<row>
<entry align="left" valign="top"><emphasis role="strong">Name</emphasis></entry>
<entry align="left" valign="top"><emphasis role="strong">Verantwortung</emphasis></entry>
</row>
</thead>
<tbody>
<row>
<entry align="left" valign="top"><simpara><emphasis>&lt;Blackbox 1&gt;</emphasis></simpara></entry>
<entry align="left" valign="top"><simpara> <emphasis>&lt;Text&gt;</emphasis></simpara></entry>
</row>
<row>
<entry align="left" valign="top"><simpara><emphasis>&lt;Blackbox 2&gt;</emphasis></simpara></entry>
<entry align="left" valign="top"><simpara> <emphasis>&lt;Text&gt;</emphasis></simpara></entry>
</row>
</tbody>
</tgroup>
</informaltable>
<simpara>Falls Sie die ausführliche Liste von Blackbox-Beschreibungen wählen, beschreiben Sie jede wichtige Blackbox in einem eigenen Blackbox-Template.
Dessen Überschrift ist jeweils der Namen dieser Blackbox.</simpara>
</sidebar>
<section xml:id="_name_blackbox_1">
<title>&lt;Name Blackbox 1&gt;</title>
<sidebar role="arc42help">
<simpara>Beschreiben Sie die &lt;Blackbox 1&gt; anhand des folgenden Blackbox-Templates:</simpara>
<itemizedlist>
<listitem>
<simpara>Zweck/Verantwortung</simpara>
</listitem>
<listitem>
<simpara>Schnittstelle(n), sofern diese nicht als eigenständige Beschreibungen herausgezogen sind.
Hierzu gehören eventuell auch Qualitäts- und Leistungsmerkmale dieser Schnittstelle.</simpara>
</listitem>
<listitem>
<simpara>(Optional) Qualitäts-/Leistungsmerkmale der Blackbox, beispielsweise Verfügbarkeit, Laufzeitverhalten o. Ä.</simpara>
</listitem>
<listitem>
<simpara>(Optional) Ablageort/Datei(en)</simpara>
</listitem>
<listitem>
<simpara>(Optional) Erfüllte Anforderungen, falls Sie Traceability zu Anforderungen benötigen.</simpara>
</listitem>
<listitem>
<simpara>(Optional) Offene Punkte/Probleme/Risiken</simpara>
</listitem>
</itemizedlist>
</sidebar>
<simpara><emphasis>&lt;Zweck/Verantwortung&gt;</emphasis></simpara>
<simpara><emphasis>&lt;Schnittstelle(n)&gt;</emphasis></simpara>
<simpara><emphasis>&lt;(Optional) Qualitäts-/Leistungsmerkmale&gt;</emphasis></simpara>
<simpara><emphasis>&lt;(Optional) Ablageort/Datei(en)&gt;</emphasis></simpara>
<simpara><emphasis>&lt;(Optional) Erfüllte Anforderungen&gt;</emphasis></simpara>
<simpara><emphasis>&lt;(optional) Offene Punkte/Probleme/Risiken&gt;</emphasis></simpara>
</section>
<section xml:id="_name_blackbox_2">
<title>&lt;Name Blackbox 2&gt;</title>
<simpara><emphasis>&lt;Blackbox-Template&gt;</emphasis></simpara>
</section>
<section xml:id="_name_blackbox_n">
<title>&lt;Name Blackbox n&gt;</title>
<simpara><emphasis>&lt;Blackbox-Template&gt;</emphasis></simpara>
</section>
<section xml:id="_name_schnittstelle_1">
<title>&lt;Name Schnittstelle 1&gt;</title>
<simpara>&#8230;&#8203;</simpara>
</section>
<section xml:id="_name_schnittstelle_m">
<title>&lt;Name Schnittstelle m&gt;</title>

</section>
</section>
<section xml:id="_ebene_2">
<title>Ebene 2</title>
<sidebar role="arc42help">
<simpara>Beschreiben Sie den inneren Aufbau (einiger) Bausteine aus Ebene 1 als Whitebox.</simpara>
<simpara>Welche Bausteine Ihres Systems Sie hier beschreiben, müssen Sie selbst entscheiden.
Bitte stellen Sie dabei Relevanz vor Vollständigkeit.
Skizzieren Sie wichtige, überraschende, riskante, komplexe oder besonders volatile Bausteine.
Normale, einfache oder standardisierte Teile sollten Sie weglassen.</simpara>
</sidebar>
<section xml:id="_whitebox_baustein_1">
<title>Whitebox <emphasis>&lt;Baustein 1&gt;</emphasis></title>
<sidebar role="arc42help">
<simpara>&#8230;&#8203;zeigt das Innenleben von <emphasis>Baustein 1</emphasis>.</simpara>
</sidebar>
<simpara><emphasis>&lt;Whitebox-Template&gt;</emphasis></simpara>
</section>
<section xml:id="_whitebox_baustein_2">
<title>Whitebox <emphasis>&lt;Baustein 2&gt;</emphasis></title>
<simpara><emphasis>&lt;Whitebox-Template&gt;</emphasis></simpara>
<simpara>&#8230;&#8203;</simpara>
</section>
<section xml:id="_whitebox_baustein_m">
<title>Whitebox <emphasis>&lt;Baustein m&gt;</emphasis></title>
<simpara><emphasis>&lt;Whitebox-Template&gt;</emphasis></simpara>
</section>
</section>
<section xml:id="_ebene_3">
<title>Ebene 3</title>
<sidebar role="arc42help">
<simpara>Beschreiben Sie den inneren Aufbau (einiger) Bausteine aus Ebene 2 als Whitebox.</simpara>
<simpara>Bei tieferen Gliederungen der Architektur kopieren Sie diesen Teil von arc42 für die weiteren Ebenen.</simpara>
</sidebar>
<section xml:id="_whitebox_baustein_x_1">
<title>Whitebox &lt;_Baustein x.1_&gt;</title>
<sidebar role="arc42help">
<simpara>&#8230;&#8203;zeigt das Innenleben von <emphasis>Baustein x.1</emphasis>.</simpara>
</sidebar>
<simpara><emphasis>&lt;Whitebox-Template&gt;</emphasis></simpara>
</section>
<section xml:id="_whitebox_baustein_x_2">
<title>Whitebox &lt;_Baustein x.2_&gt;</title>
<simpara><emphasis>&lt;Whitebox-Template&gt;</emphasis></simpara>
</section>
<section xml:id="_whitebox_baustein_y_1">
<title>Whitebox &lt;_Baustein y.1_&gt;</title>
<simpara><emphasis>&lt;Whitebox-Template&gt;</emphasis></simpara>
<simpara><?asciidoc-pagebreak?></simpara>
</section>
</section>
</chapter>
<chapter xml:id="section-runtime-view">
<title>Laufzeitsicht</title>
<sidebar role="arc42help">
<formalpara>
<title>Inhalt</title>
<para>Diese Sicht erklärt konkrete Abläufe und Beziehungen zwischen Bausteinen in Form von Szenarien aus den folgenden Bereichen:</para>
</formalpara>
<itemizedlist>
<listitem>
<simpara>Wichtige Abläufe oder <emphasis>Features</emphasis>:
Wie führen die Bausteine der Architektur die wichtigsten Abläufe durch?</simpara>
</listitem>
<listitem>
<simpara>Interaktionen an kritischen externen Schnittstellen:
Wie arbeiten Bausteine mit Nutzern und Nachbarsystemen zusammen?</simpara>
</listitem>
<listitem>
<simpara>Betrieb und Administration: Inbetriebnahme, Start, Stop.</simpara>
</listitem>
<listitem>
<simpara>Fehler- und Ausnahmeszenarien</simpara>
</listitem>
</itemizedlist>
<simpara>Anmerkung:
Das Kriterium für die Auswahl der möglichen Szenarien (d.h. Abläufe) des Systems ist deren Architekturrelevanz.
Es geht nicht darum, möglichst viele Abläufe darzustellen, sondern eine angemessene Auswahl zu dokumentieren.</simpara>
<formalpara>
<title>Motivation</title>
<para>Sie sollten verstehen, wie (Instanzen von) Bausteine(n) Ihres Systems ihre jeweiligen Aufgaben erfüllen und zur Laufzeit miteinander kommunizieren.</para>
</formalpara>
<simpara>Nutzen Sie diese Szenarien in der Dokumentation hauptsächlich für eine verständlichere Kommunikation mit denjenigen Stakeholdern, die die statischen Modelle (z.B. Bausteinsicht, Verteilungssicht) weniger verständlich finden.</simpara>
<formalpara>
<title>Form</title>
<para>Für die Beschreibung von Szenarien gibt es zahlreiche Ausdrucksmöglichkeiten.
Nutzen Sie beispielsweise:</para>
</formalpara>
<itemizedlist>
<listitem>
<simpara>Nummerierte Schrittfolgen oder Aufzählungen in Umgangssprache</simpara>
</listitem>
<listitem>
<simpara>Aktivitäts- oder Flussdiagramme</simpara>
</listitem>
<listitem>
<simpara>Sequenzdiagramme</simpara>
</listitem>
<listitem>
<simpara>BPMN (Geschäftsprozessmodell und -notation) oder EPKs (Ereignis-Prozessketten)</simpara>
</listitem>
<listitem>
<simpara>Zustandsautomaten</simpara>
</listitem>
<listitem>
<simpara>&#8230;&#8203;</simpara>
</listitem>
</itemizedlist>
<formalpara>
<title>Weiterführende Informationen</title>
<para>Siehe <link xl:href="https://docs.arc42.org/section-6/">Laufzeitsicht</link> in der online-Dokumentation (auf Englisch!).</para>
</formalpara>
</sidebar>
<section xml:id="_bezeichnung_laufzeitszenario_1">
<title><emphasis>&lt;Bezeichnung Laufzeitszenario 1&gt;</emphasis></title>
<itemizedlist>
<listitem>
<simpara>&lt;hier Laufzeitdiagramm oder Ablaufbeschreibung einfügen&gt;</simpara>
</listitem>
<listitem>
<simpara>&lt;hier Besonderheiten bei dem Zusammenspiel der Bausteine in diesem Szenario erläutern&gt;</simpara>
</listitem>
</itemizedlist>
</section>
<section xml:id="_bezeichnung_laufzeitszenario_2">
<title><emphasis>&lt;Bezeichnung Laufzeitszenario 2&gt;</emphasis></title>
<simpara>&#8230;&#8203;</simpara>
</section>
<section xml:id="_bezeichnung_laufzeitszenario_n">
<title><emphasis>&lt;Bezeichnung Laufzeitszenario n&gt;</emphasis></title>
<simpara>&#8230;&#8203;</simpara>
<simpara><?asciidoc-pagebreak?></simpara>
</section>
</chapter>
<chapter xml:id="section-deployment-view">
<title>Verteilungssicht</title>
<sidebar role="arc42help">
<formalpara>
<title>Inhalt</title>
<para>Die Verteilungssicht beschreibt:</para>
</formalpara>
<orderedlist numeration="arabic">
<listitem>
<simpara>die technische Infrastruktur, auf der Ihr System ausgeführt wird, mit Infrastrukturelementen wie Standorten, Umgebungen, Rechnern, Prozessoren, Kanälen und Netztopologien sowie sonstigen Bestandteilen, und</simpara>
</listitem>
<listitem>
<simpara>die Abbildung von (Software-)Bausteinen auf diese Infrastruktur.</simpara>
</listitem>
</orderedlist>
<simpara>Häufig laufen Systeme in unterschiedlichen Umgebungen, beispielsweise Entwicklung-/Test- oder Produktionsumgebungen.
In solchen Fällen sollten Sie alle relevanten Umgebungen aufzeigen.</simpara>
<simpara>Nutzen Sie die Verteilungssicht insbesondere dann, wenn Ihre Software auf mehr als einem Rechner, Prozessor, Server oder Container abläuft oder Sie Ihre Hardware sogar selbst konstruieren.</simpara>
<simpara>Aus Softwaresicht genügt es, auf die Aspekte zu achten, die für die Softwareverteilung relevant sind.
Insbesondere bei der Hardwareentwicklung kann es notwendig sein, die Infrastruktur mit beliebigen Details zu beschreiben.</simpara>
<formalpara>
<title>Motivation</title>
<para>Software läuft nicht ohne Infrastruktur.
Diese zugrundeliegende Infrastruktur beeinflusst Ihr System und/oder querschnittliche Lösungskonzepte, daher müssen Sie diese Infrastruktur kennen.</para>
</formalpara>
<formalpara>
<title>Form</title>
<para>Das oberste Verteilungsdiagramm könnte bereits in Ihrem technischen Kontext enthalten sein, mit Ihrer Infrastruktur als EINE Blackbox.
Jetzt zoomen Sie in diese Infrastruktur mit weiteren Verteilungsdiagrammen hinein:</para>
</formalpara>
<itemizedlist>
<listitem>
<simpara>Die UML stellt mit Verteilungsdiagrammen (Deployment diagrams) eine Diagrammart zur Verfügung, um diese Sicht auszudrücken.
Nutzen Sie diese, evtl. auch geschachtelt, wenn Ihre Verteilungsstruktur es verlangt.</simpara>
</listitem>
<listitem>
<simpara>Falls Ihre Infrastruktur-Stakeholder andere Diagrammarten bevorzugen, die beispielsweise Prozessoren und Kanäle zeigen, sind diese hier ebenfalls einsetzbar.</simpara>
</listitem>
</itemizedlist>
<formalpara>
<title>Weiterführende Informationen</title>
<para>Siehe <link xl:href="https://docs.arc42.org/section-7/">Verteilungssicht</link> in der online-Dokumentation (auf Englisch!).</para>
</formalpara>
</sidebar>
<section xml:id="_infrastruktur_ebene_1">
<title>Infrastruktur Ebene 1</title>
<sidebar role="arc42help">
<simpara>An dieser Stelle beschreiben Sie (als Kombination von Diagrammen mit Tabellen oder Texten):</simpara>
<itemizedlist>
<listitem>
<simpara>die Verteilung des Gesamtsystems auf mehrere Standorte, Umgebungen, Rechner, Prozessoren o. Ä., sowie die physischen Verbindungskanäle zwischen diesen,</simpara>
</listitem>
<listitem>
<simpara>wichtige Begründungen für diese Verteilungsstruktur,</simpara>
</listitem>
<listitem>
<simpara>Qualitäts- und/oder Leistungsmerkmale dieser Infrastruktur,</simpara>
</listitem>
<listitem>
<simpara>Zuordnung von Softwareartefakten zu Bestandteilen der Infrastruktur</simpara>
</listitem>
</itemizedlist>
<simpara>Für mehrere Umgebungen oder alternative Deployments kopieren Sie diesen Teil von arc42 für alle wichtigen Umgebungen/Varianten.</simpara>
</sidebar>
<simpara><emphasis><emphasis role="strong">&lt;Übersichtsdiagramm&gt;</emphasis></emphasis></simpara>
<variablelist>
<varlistentry>
<term>Begründung</term>
<listitem>
<simpara><emphasis>&lt;Erläuternder Text&gt;</emphasis></simpara>
</listitem>
</varlistentry>
<varlistentry>
<term>Qualitäts- und/oder Leistungsmerkmale</term>
<listitem>
<simpara><emphasis>&lt;Erläuternder Text&gt;</emphasis></simpara>
</listitem>
</varlistentry>
<varlistentry>
<term>Zuordnung von Bausteinen zu Infrastruktur</term>
<listitem>
<simpara><emphasis>&lt;Beschreibung der Zuordnung&gt;</emphasis></simpara>
</listitem>
</varlistentry>
</variablelist>
</section>
<section xml:id="_infrastruktur_ebene_2">
<title>Infrastruktur Ebene 2</title>
<sidebar role="arc42help">
<simpara>An dieser Stelle können Sie den inneren Aufbau (einiger) Infrastrukturelemente aus Ebene 1 beschreiben.</simpara>
<simpara>Für jedes Infrastrukturelement kopieren Sie die Struktur aus Ebene 1.</simpara>
</sidebar>
<section xml:id="_infrastrukturelement_1">
<title><emphasis>&lt;Infrastrukturelement 1&gt;</emphasis></title>
<simpara><emphasis>&lt;Diagramm + Erläuterungen&gt;</emphasis></simpara>
</section>
<section xml:id="_infrastrukturelement_2">
<title><emphasis>&lt;Infrastrukturelement 2&gt;</emphasis></title>
<simpara><emphasis>&lt;Diagramm + Erläuterungen&gt;</emphasis></simpara>
<simpara>&#8230;&#8203;</simpara>
</section>
<section xml:id="_infrastrukturelement_n">
<title><emphasis>&lt;Infrastrukturelement n&gt;</emphasis></title>
<simpara><emphasis>&lt;Diagramm + Erläuterungen&gt;</emphasis></simpara>
<simpara><?asciidoc-pagebreak?></simpara>
</section>
</section>
</chapter>
<chapter xml:id="section-concepts">
<title>Querschnittliche Konzepte</title>
<sidebar role="arc42help">
<formalpara>
<title>Inhalt</title>
<para>Dieser Abschnitt beschreibt übergreifende, prinzipielle Regelungen und Lösungsansätze, die an mehreren Stellen (=<emphasis>querschnittlich</emphasis>) relevant sind.</para>
</formalpara>
<simpara>Solche Konzepte betreffen oft mehrere Bausteine.
Dazu können vielerlei Themen gehören, wie beispielsweise die Themen aus dem nachfolgenden Diagramm:</simpara>
<informalfigure>
<mediaobject>
<imageobject>
<imagedata fileref="images/08-concepts-DE.drawio.png"/>
</imageobject>
<textobject><phrase>Mögliche Themen für querschnittliche Konzepte</phrase></textobject>
</mediaobject>
</informalfigure>
<formalpara>
<title>Motivation</title>
<para>Konzepte bilden die Grundlage für <emphasis>konzeptionelle Integrität</emphasis> (Konsistenz, Homogenität) der Architektur und damit eine wesentliche Grundlage für die innere Qualität Ihrer Systeme.</para>
</formalpara>
<simpara>Dieser Abschnitt im Template ist der richtige Ort für die konsistente Behandlung solcher Themen.</simpara>
<simpara>Viele solche Konzepte beeinflussen oder beziehen sich auf mehrerer Ihrer Bausteine.</simpara>
<formalpara>
<title>Form</title>
<para>Kann vielfältig sein:</para>
</formalpara>
<itemizedlist>
<listitem>
<simpara>Konzeptpapiere mit beliebiger Gliederung,</simpara>
</listitem>
<listitem>
<simpara>beispielhafte Implementierung speziell für technische Konzepte,</simpara>
</listitem>
<listitem>
<simpara>übergreifende Modelle/Szenarien mit Notationen, die Sie auch in den Architektursichten nutzen,</simpara>
</listitem>
</itemizedlist>
<formalpara>
<title>Struktur</title>
<para>Wählen Sie <emphasis role="strong">nur</emphasis> die wichtigsten Themen für Ihr System und erklären das jeweilige Konzept dann unter einer Level-2 Überschrift dieser Sektion (z.B. 8.1, 8.2 etc).</para>
</formalpara>
<simpara>Beschränken Sie sich auf die wichtigen, und versuchen <emphasis role="strong">auf keinen Fall</emphasis> alle oben dargestellten Themen zu bearbeiten.</simpara>
<formalpara>
<title>Weiterführende Informationen</title>
<para>Einige Themen innerhalb von Systemen betreffen oft mehrere Bausteine, Hardwareelemente oder Prozesse.
Es könnte einfacher sein, solche <emphasis>Querschnittsthemen</emphasis> an einer zentralen Stelle zu kommunizieren oder zu dokumentieren, anstatt sie in der Beschreibung der betreffenden Bausteine, Hardwareelemente oder Entwicklungsprozesse zu wiederholen.</para>
</formalpara>
<simpara>Bestimmte Konzepte können <emphasis role="strong">alle</emphasis> Elemente eines Systems betreffen, andere sind vielleicht nur für einige wenige relevant.</simpara>
<simpara>Siehe <link xl:href="https://docs.arc42.org/section-8/">Querschnittliche Konzepte</link> in der online-Dokumentation (auf Englisch).</simpara>
</sidebar>
<section xml:id="_konzept_1">
<title><emphasis>&lt;Konzept 1&gt;</emphasis></title>
<simpara><emphasis>&lt;Erklärung&gt;</emphasis></simpara>
</section>
<section xml:id="_konzept_2">
<title><emphasis>&lt;Konzept 2&gt;</emphasis></title>
<simpara><emphasis>&lt;Erklärung&gt;</emphasis></simpara>
<simpara>&#8230;&#8203;</simpara>
</section>
<section xml:id="_konzept_n">
<title><emphasis>&lt;Konzept n&gt;</emphasis></title>
<simpara><emphasis>&lt;Erklärung&gt;</emphasis></simpara>
<simpara><?asciidoc-pagebreak?></simpara>
</section>
</chapter>
<chapter xml:id="section-design-decisions">
<title>Architekturentscheidungen</title>
<sidebar role="arc42help">
<formalpara>
<title>Inhalt</title>
<para>Wichtige, teure, große oder riskante Architektur- oder Entwurfsentscheidungen inklusive der jeweiligen Begründungen.
Mit "Entscheidungen" meinen wir hier die Auswahl einer von mehreren Alternativen unter vorgegebenen Kriterien.</para>
</formalpara>
<simpara>Wägen Sie ab, inwiefern Sie Entscheidungen hier zentral beschreiben, oder wo eine lokale Beschreibung (z.B. in der Whitebox-Sicht von Bausteinen) sinnvoller ist.
Vermeiden Sie Redundanz.
Verweisen Sie evtl. auf Abschnitt 4, wo schon grundlegende strategische Entscheidungen beschrieben wurden.</simpara>
<formalpara>
<title>Motivation</title>
<para>Stakeholder des Systems sollten wichtige Entscheidungen verstehen und nachvollziehen können.</para>
</formalpara>
<formalpara>
<title>Form</title>
<para>Verschiedene Möglichkeiten:</para>
</formalpara>
<itemizedlist>
<listitem>
<simpara>ADR (<link xl:href="https://cognitect.com/blog/2011/11/15/documenting-architecture-decisions">Documenting Architecture Decisions</link>) für jede wichtige Entscheidung</simpara>
</listitem>
<listitem>
<simpara>Liste oder Tabelle, nach Wichtigkeit und Tragweite der Entscheidungen geordnet</simpara>
</listitem>
<listitem>
<simpara>ausführlicher in Form einzelner Unterkapitel je Entscheidung</simpara>
</listitem>
</itemizedlist>
<formalpara>
<title>Weiterführende Informationen</title>
<para>Siehe <link xl:href="https://docs.arc42.org/section-9/">Architekturentscheidungen</link> in der arc42 Dokumentation (auf Englisch!).
Dort finden Sie Links und Beispiele zum Thema ADR.</para>
</formalpara>
</sidebar>
<simpara><?asciidoc-pagebreak?></simpara>
</chapter>
<chapter xml:id="section-quality-scenarios">
<title>Qualitätsanforderungen</title>
<sidebar role="arc42help">
<formalpara>
<title>Inhalt</title>
<para>Dieser Abschnitt enthält alle relevanten Qualitätsanforderungen.</para>
</formalpara>
<simpara>Die wichtigsten davon haben Sie bereits in Abschnitt 1.2 (Qualitätsziele) hervorgehoben, daher soll hier nur auf sie verwiesen werden.
In diesem Abschnitt 10 sollten Sie auch Qualitätsanforderungen mit geringerer Bedeutung erfassen, deren Nichterfüllung keine großen Risiken birgt (die aber <emphasis>nice-to-have</emphasis> sein könnten).</simpara>
<formalpara>
<title>Motivation</title>
<para>Weil Qualitätsanforderungen die Architekturentscheidungen oft maßgeblich beeinflussen, sollten Sie die für Ihre Stakeholder relevanten Qualitätsanforderungen kennen, möglichst konkret und operationalisiert.</para>
</formalpara>
<itemizedlist>
<title>Weiterführende Informationen</title>
<listitem>
<simpara>Siehe <link xl:href="https://docs.arc42.org/section-10/">Qualitätsanforderungen</link> in der online-Dokumentation (auf Englisch!).</simpara>
</listitem>
<listitem>
<simpara>Siehe auch das ausführliche  <link xl:href="https://quality.arc42.org">Q42 Qualitätsmodell auf https://quality.arc42.org</link>.</simpara>
</listitem>
</itemizedlist>
</sidebar>
<section xml:id="_übersicht_der_qualitätsanforderungen">
<title>Übersicht der Qualitätsanforderungen</title>
<sidebar role="arc42help">
<formalpara>
<title>Inhalt</title>
<para>Eine Übersicht oder Zusammenfassung der Qualitätsanforderungen.</para>
</formalpara>
<formalpara>
<title>Motivation</title>
<para>Oft stößt man auf Dutzende (oder sogar Hunderte) von detaillierten Qualitätsanforderungen für ein System.
In diesem Abschnitt sollten Sie versuchen, sie zusammenzufassen, z. B. durch die Beschreibung von Kategorien oder Themen (wie z.B. von <link xl:href="https://www.iso.org/obp/ui/#iso:std:iso-iec:25010:ed-2:v1:en">ISO 25010:2023</link> oder <link xl:href="https://quality.arc42.org">Q42</link> vorgeschlagen).</para>
</formalpara>
<simpara>Wenn diese Kurzbeschreibungen oder Zusammenfassungen bereits präzise, spezifisch und messbar sind, können Sie Abschnitt 10.2 auslassen.</simpara>
<formalpara>
<title>Form</title>
<para>Verwenden Sie eine einfache Tabelle, in der jede Zeile eine Kategorie oder ein Thema und eine kurze Beschreibung der Qualitätsanforderung enthält.
Alternativ können Sie auch eine Mindmap verwenden, um diese Qualitätsanforderungen zu strukturieren.
In der Literatur (insb. [Bass+21]) ist die Idee eines <emphasis>Quality Attribute Utility Tree</emphasis> (auf Deutsch manchmal kurz als <emphasis>Qualitätsbaum</emphasis> bezeichnet) beschrieben worden, der den Oberbegriff „Qualität“ als Wurzel hat und eine baumartige Verfeinerung des Begriffs „Qualität“ verwendet.</para>
</formalpara>
</sidebar>
</section>
<section xml:id="_qualitätsszenarien">
<title>Qualitätsszenarien</title>
<sidebar role="arc42help">
<formalpara>
<title>Inhalt</title>
<para>Qualitätsszenarien konkretisieren Qualitätsanforderungen und ermöglichen es zu entscheiden, ob sie erfüllt sind (im Sinne von Akzeptanzkriterien).
Stellen Sie sicher, dass Ihre Szenarien spezifisch und messbar sind.</para>
</formalpara>
<simpara>Zwei Arten von Szenarien finden wir besonders nützlich:</simpara>
<itemizedlist>
<listitem>
<simpara>Nutzungsszenarien (auch bekannt als Anwendungs- oder Anwendungsfallszenarien) beschreiben, wie das System zur Laufzeit auf einen bestimmten Auslöser reagieren soll.
Hierunter fallen auch Szenarien zur Beschreibung von Effizienz oder Performance.
Beispiel: Das System beantwortet eine Benutzeranfrage innerhalb einer Sekunde.</simpara>
</listitem>
<listitem>
<simpara>Änderungsszenarien_ beschreiben die gewünschte Wirkung einer Änderung oder Erweiterung des Systems oder seiner unmittelbaren Umgebung.
Beispiel: Zusätzliche Funktionalität wird implementiert oder Anforderungen an ein Qualitätsmerkmal ändern sich, und der Aufwand oder die Dauer der Änderung wird gemessen.</simpara>
</listitem>
</itemizedlist>
<formalpara>
<title>Form</title>
<para>Typische Informationen für detaillierte Szenarien sind die folgenden:</para>
</formalpara>
<simpara>In Kurzform (bevorzugt im Q42-Modell):</simpara>
<itemizedlist>
<listitem>
<simpara>K<emphasis role="strong">ontext/Hintergrund</emphasis>: Um welche Art von System oder Komponente handelt es sich, wie sieht die Umgebung oder Situation aus?</simpara>
</listitem>
<listitem>
<simpara><emphasis role="strong">Quelle/Stimulus</emphasis>: Wer oder was initiiert oder löst ein Verhalten, eine Reaktion oder eine Aktion aus.</simpara>
</listitem>
<listitem>
<simpara><emphasis role="strong">Metrik/Akzeptanzkriterien</emphasis>: Eine Reaktion einschließlich einer <emphasis>Maßnahme</emphasis> oder <emphasis>Metrik</emphasis></simpara>
</listitem>
</itemizedlist>
<simpara>Die Langform von Szenarien (die von der SEI und [Bass+21] bevorzugt wird) ist detaillierter und enthält die folgenden Informationen:</simpara>
<itemizedlist>
<listitem>
<simpara><emphasis role="strong">Szenario-ID</emphasis>: Ein eindeutiger Bezeichner für das Szenario.</simpara>
</listitem>
<listitem>
<simpara><emphasis role="strong">Szenario-Name</emphasis>: Ein kurzer, beschreibender Name für das Szenario.</simpara>
</listitem>
<listitem>
<simpara><emphasis role="strong">Quelle</emphasis>: Die Entität (Benutzer, System oder Ereignis), die das Szenario auslöst.</simpara>
</listitem>
<listitem>
<simpara><emphasis role="strong">Stimulus</emphasis>: Das auslösende Ereignis oder die Bedingung, auf die das System reagieren muss.</simpara>
</listitem>
<listitem>
<simpara><emphasis role="strong">Umgebung</emphasis>: Der betriebliche Kontext oder die Bedingungen, unter denen das System den Stimulus erlebt.</simpara>
</listitem>
<listitem>
<simpara><emphasis role="strong">Artefakt</emphasis>: Die Bausteine oder anderen Elemente des Systems, die von dem Stimulus betroffen sind.</simpara>
</listitem>
<listitem>
<simpara><emphasis role="strong">Reaktion</emphasis>: Das Ergebnis oder Verhalten, das das System als Reaktion auf den Stimulus zeigt.</simpara>
</listitem>
<listitem>
<simpara><emphasis role="strong">Antwortmaß</emphasis>: Das Kriterium oder die Metrik, nach der die Antwort des Systems bewertet wird.</simpara>
</listitem>
</itemizedlist>
<formalpara>
<title>Beispiele</title>
<para>Ausführliche Beispiele für Qualitätsanforderungen finden Sie auf <link xl:href="https://quality.arc42.org">der Website zum Qualitätsmodell Q42</link>.</para>
</formalpara>
<itemizedlist>
<title>Weitere Informationen</title>
<listitem>
<simpara>Len Bass, Paul Clements, Rick Kazman: „Software Architecture in Practice“, 4. Auflage, Addison-Wesley, 2021.</simpara>
</listitem>
</itemizedlist>
</sidebar>
<simpara><?asciidoc-pagebreak?></simpara>
</section>
</chapter>
<chapter xml:id="section-technical-risks">
<title>Risiken und technische Schulden</title>
<sidebar role="arc42help">
<formalpara>
<title>Inhalt</title>
<para>Eine nach Prioritäten geordnete Liste der erkannten Architekturrisiken und/oder technischen Schulden.</para>
</formalpara>
<blockquote>
<title>Motivation</title>
<attribution>
Tim Lister
<citetitle>Atlantic Systems Guild</citetitle>
</attribution>
<simpara>Risikomanagement ist Projektmanagement für Erwachsene.</simpara>
</blockquote>
<simpara>Unter diesem Motto sollten Sie Architekturrisiken und/oder technische Schulden gezielt ermitteln, bewerten und Ihren Management-Stakeholdern (z.B. Projektleitung, Product-Owner) transparent machen.</simpara>
<formalpara>
<title>Form</title>
<para>Liste oder Tabelle von Risiken und/oder technischen Schulden, eventuell mit vorgeschlagenen Maßnahmen zur Risikovermeidung, Risikominimierung oder dem Abbau der technischen Schulden.</para>
</formalpara>
<formalpara>
<title>Weiterführende Informationen</title>
<para>Siehe <link xl:href="https://docs.arc42.org/section-11/">Risiken und technische Schulden</link> in der online-Dokumentation (auf Englisch!).</para>
</formalpara>
</sidebar>
<simpara><?asciidoc-pagebreak?></simpara>
</chapter>
<chapter xml:id="section-glossary">
<title>Glossar</title>
<sidebar role="arc42help">
<formalpara>
<title>Inhalt</title>
<para>Die wesentlichen fachlichen und technischen Begriffe, die Stakeholder im Zusammenhang mit dem System verwenden.</para>
</formalpara>
<simpara>Nutzen Sie das Glossar ebenfalls als Übersetzungsreferenz, falls Sie in mehrsprachigen Teams arbeiten.</simpara>
<formalpara>
<title>Motivation</title>
<para>Sie sollten relevante Begriffe klar definieren, so dass alle Beteiligten</para>
</formalpara>
<itemizedlist>
<listitem>
<simpara>diese Begriffe identisch verstehen, und</simpara>
</listitem>
<listitem>
<simpara>vermeiden, mehrere Begriffe für die gleiche Sache zu haben.</simpara>
</listitem>
</itemizedlist>
<formalpara>
<title>Form</title>
<para>Zweispaltige Tabelle mit &lt;Begriff&gt; und &lt;Definition&gt;.</para>
</formalpara>
<simpara>Eventuell weitere Spalten mit Übersetzungen, falls notwendig.</simpara>
<formalpara>
<title>Weiterführende Informationen</title>
<para>Siehe <link xl:href="https://docs.arc42.org/section-12/">Glossar</link> in der online-Dokumentation (auf Englisch!).</para>
</formalpara>
</sidebar>
<informaltable frame="all" rowsep="1" colsep="1">
<tgroup cols="2">
<colspec colname="col_1" colwidth="33.3333*"/>
<colspec colname="col_2" colwidth="66.6667*"/>
<thead>
<row>
<entry align="left" valign="top">Begriff</entry>
<entry align="left" valign="top">Definition</entry>
</row>
</thead>
<tbody>
<row>
<entry align="left" valign="top"><simpara><emphasis>&lt;Begriff-1&gt;</emphasis></simpara></entry>
<entry align="left" valign="top"><simpara><emphasis>&lt;Definition-1&gt;</emphasis></simpara></entry>
</row>
<row>
<entry align="left" valign="top"><simpara><emphasis>&lt;Begriff-2</emphasis></simpara></entry>
<entry align="left" valign="top"><simpara><emphasis>&lt;Definition-2&gt;</emphasis></simpara></entry>
</row>
</tbody>
</tgroup>
</informaltable>
</chapter>
</book>