<?xml version="1.0" encoding="UTF-8"?>
<!DOCTYPE book PUBLIC "-//OASIS//DTD DocBook XML V4.5//EN" "http://www.oasis-open.org/docbook/xml/4.5/docbookx.dtd">
<?asciidoc-toc?>
<?asciidoc-numbered?>
<book xmlns="http://docbook.org/ns/docbook" lang="en">
<bookinfo>
<title><inlinemediaobject>
  <imageobject>
    <imagedata fileref="images/arc42-logo.png"/>
  </imageobject>
  <textobject><phrase>arc42</phrase></textobject>
</inlinemediaobject> Template</title>
<date>2021-02-22</date>



</bookinfo>
<preface>
<title></title>
<simpara><emphasis role="strong">Über arc42</emphasis></simpara>
<simpara role="lead">arc42, das Template zur Dokumentation von Software- und Systemarchitekturen.</simpara>
<simpara>Erstellt von Dr. Gernot Starke, Dr. Peter Hruschka und Mitwirkenden.</simpara>
<simpara>Template Revision: 7.0 DE (asciidoc-based), January 2017</simpara>
<simpara>&#169;
We acknowledge that this document uses material from the arc42 architecture template, <ulink url="http://www.arc42.de">http://www.arc42.de</ulink>.
Created by Dr. Peter Hruschka &amp; Dr. Gernot Starke.</simpara>
<simpara><?asciidoc-hr?></simpara>

<sidebar role="arc42help">
<note>
<simpara>Diese Version des Templates enthält Hilfen und Erläuterungen.
Sie dient der Einarbeitung in arc42 sowie dem Verständnis der Konzepte.
Für die Dokumentation eigener System verwenden Sie besser die <emphasis>plain</emphasis> Version.</simpara>
</note>

</sidebar>

<simpara><?asciidoc-pagebreak?></simpara>

</preface>

<chapter id="section-introduction-and-goals">
<title>Einführung und Ziele</title>
<sidebar role="arc42help">
<simpara>Beschreibt die wesentlichen Anforderungen und treibenden Kräfte, die bei der Umsetzung der Softwarearchitektur und Entwicklung des Systems berücksichtigt werden müssen.</simpara>
<simpara>Dazu gehören:</simpara>
<itemizedlist>
<listitem>
<simpara>zugrunde liegende Geschäftsziele,</simpara>
</listitem>
<listitem>
<simpara>wesentliche Aufgabenstellungen und</simpara>
</listitem>
<listitem>
<simpara>essenzielle fachliche Anforderungen an das System sowie</simpara>
</listitem>
<listitem>
<simpara>Qualitätsziele für die Architektur und</simpara>
</listitem>
<listitem>
<simpara>relevante Stakeholder und deren Erwartungshaltung.</simpara>
</listitem>
</itemizedlist>

</sidebar>

<section id="_aufgabenstellung">
<title>Aufgabenstellung</title>
<sidebar role="arc42help">
<formalpara>
<title>Inhalt</title>
<para>Kurzbeschreibung der fachlichen Aufgabenstellung, treibenden Kräfte, Extrakt (oder Abstract) der Anforderungen.
Verweis auf (hoffentlich vorliegende) Anforderungsdokumente (mit Versionsbezeichnungen und Ablageorten).</para>
</formalpara>
<formalpara>
<title>Motivation</title>
<para>Aus Sicht der späteren Nutzung ist die Unterstützung einer fachlichen Aufgabe oder Verbesserung der Qualität der eigentliche Beweggrund, ein neues System zu schaffen oder ein bestehendes zu modifizieren.</para>
</formalpara>
<formalpara>
<title>Form</title>
<para>Kurze textuelle Beschreibung, eventuell in tabellarischer Use-Case Form.
Sofern vorhanden, sollte die Aufgabenstellung Verweise auf die entsprechenden Anforderungsdokumente enthalten.</para>
</formalpara>
<simpara>Halten Sie diese Auszüge so knapp wie möglich und wägen Sie Lesbarkeit und Redundanzfreiheit gegeneinander ab.</simpara>
</sidebar>

</section>
<section id="_qualit_tsziele">
<title>Qualitätsziele</title>
<sidebar role="arc42help">
<formalpara>
<title>Inhalt</title>
<para>Die Top-3 bis Top-5 der Qualitätsziele für die Architektur, deren Erfüllung oder Einhaltung den maßgeblichen Stakeholdern besonders wichtig sind.
Gemeint sind hier wirklich Qualitätsziele, die nicht unbedingt mit den Zielen des Projekts übereinstimmen. Beachten Sie den Unterschied.</para>
</formalpara>
<formalpara>
<title>Motivation</title>
<para>Weil Qualitätsziele grundlegende Architekturentscheidungen oft maßgeblich beeinflussen, sollten Sie die für Ihre Stakeholder relevanten Qualitätsziele kennen, möglichst konkret und operationalisierbar.</para>
</formalpara>
<formalpara>
<title>Form</title>
<para>Tabellarische Darstellung der Qualitätsziele mit möglichst konkreten Szenarien, geordnet nach Prioritäten.</para>
</formalpara>
</sidebar>

</section>
<section id="_stakeholder">
<title>Stakeholder</title>
<sidebar role="arc42help">
<formalpara>
<title>Inhalt</title>
<para>Expliziter Überblick über die Stakeholder des Systems – über alle Personen, Rollen oder Organisationen –, die</para>
</formalpara>
<itemizedlist>
<listitem>
<simpara>die Architektur kennen sollten oder</simpara>
</listitem>
<listitem>
<simpara>von der Architektur überzeugt werden müssen,</simpara>
</listitem>
<listitem>
<simpara>mit der Architektur oder dem Code arbeiten (z.B. Schnittstellen nutzen),</simpara>
</listitem>
<listitem>
<simpara>die Dokumentation der Architektur für ihre eigene Arbeit benötigen,</simpara>
</listitem>
<listitem>
<simpara>Entscheidungen über das System und dessen Entwicklung treffen.</simpara>
</listitem>
</itemizedlist>

<formalpara>
<title>Motivation</title>
<para>Sie sollten die Projektbeteiligten und -betroffenen kennen, sonst erleben Sie später im Entwicklungsprozess Überraschungen.
Diese Stakeholder bestimmen unter anderem Umfang und Detaillierungsgrad der von Ihnen zu leistenden Arbeit und Ergebnisse.</para>
</formalpara>
<formalpara>
<title>Form</title>
<para>Tabelle mit Rollen- oder Personennamen, sowie deren Erwartungshaltung bezüglich der Architektur und deren Dokumentation.</para>
</formalpara>
</sidebar>

<informaltable frame="all"
    rowsep="1" colsep="1">
  
  <tgroup cols="3">
    
    <colspec colname="col_1" colwidth="25*"/>
    
    <colspec colname="col_2" colwidth="25*"/>
    
    <colspec colname="col_3" colwidth="50*"/>
    
    
    <thead>
      
      <row>
        
        <entry align="left" valign="top">Rolle</entry>
        
        <entry align="left" valign="top">Kontakt</entry>
        
        <entry align="left" valign="top">Erwartungshaltung</entry>
        
      </row>
      
    </thead>
    
    <tbody>
      
      <row>
        
        <entry align="left" valign="top"><simpara><emphasis>&lt;Rolle-1&gt;</emphasis></simpara></entry>
        
        <entry align="left" valign="top"><simpara><emphasis>&lt;Kontakt-1&gt;</emphasis></simpara></entry>
        
        <entry align="left" valign="top"><simpara><emphasis>&lt;Erwartung-1&gt;</emphasis></simpara></entry>
        
      </row>
      
      <row>
        
        <entry align="left" valign="top"><simpara><emphasis>&lt;Rolle-2&gt;</emphasis></simpara></entry>
        
        <entry align="left" valign="top"><simpara><emphasis>&lt;Kontakt-2&gt;</emphasis></simpara></entry>
        
        <entry align="left" valign="top"><simpara><emphasis>&lt;Erwartung-2&gt;</emphasis></simpara></entry>
        
      </row>
      
    </tbody>
    
  </tgroup>
</informaltable>

<simpara><?asciidoc-pagebreak?></simpara>

</section>
</chapter>
<chapter id="section-architecture-constraints">
<title>Randbedingungen</title>
<sidebar role="arc42help">
<formalpara>
<title>Inhalt</title>
<para>Randbedingungen und Vorgaben, die ihre Freiheiten bezüglich Entwurf, Implementierung oder Ihres Entwicklungsprozesses einschränken.
Diese Randbedingungen gelten manchmal organisations- oder firmenweit über die Grenzen einzelner Systeme hinweg.</para>
</formalpara>
<formalpara>
<title>Motivation</title>
<para>Für eine tragfähige Architektur sollten Sie genau wissen, wo Ihre Freiheitsgrade bezüglich der Entwurfsentscheidungen liegen und wo Sie Randbedingungen beachten müssen.
Sie können Randbedingungen vielleicht noch verhandeln, zunächst sind sie aber da.</para>
</formalpara>
<formalpara>
<title>Form</title>
<para>Einfache Tabellen der Randbedingungen mit Erläuterungen.
Bei Bedarf unterscheiden Sie technische, organisatorische und politische Randbedingungen oder übergreifende Konventionen (beispielsweise Programmier- oder Versionierungsrichtlinien, Dokumentations- oder Namenskonvention).</para>
</formalpara>
</sidebar>

<simpara><?asciidoc-pagebreak?></simpara>

</chapter>
<chapter id="section-system-scope-and-context">
<title>Kontextabgrenzung</title>
<sidebar role="arc42help">
<formalpara>
<title>Inhalt</title>
<para>Die Kontextabgrenzung grenzt das System von allen Kommunikationsbeziehungen (Nachbarsystemen und Benutzerrollen) ab.
Sie legt damit die externen Schnittstellen fest.</para>
</formalpara>
<simpara>Differenzieren Sie fachliche (fachliche Ein- und Ausgaben) und technische Kontexte (Kanäle, Protokolle, Hardware), falls nötig.</simpara>
<formalpara>
<title>Motivation</title>
<para>Die fachlichen und technischen Schnittstellen zur Kommunikation gehören zu den kritischsten Aspekten eines Systems.
Stellen Sie sicher, dass Sie diese komplett verstanden haben.</para>
</formalpara>
<formalpara>
<title>Form</title>
<para>Verschiedene Optionen:</para>
</formalpara>
<itemizedlist>
<listitem>
<simpara>Diverse Kontextdiagramme</simpara>
</listitem>
<listitem>
<simpara>Listen von Kommunikationsbeziehungen mit deren Schnittstellen</simpara>
</listitem>
</itemizedlist>

</sidebar>

<section id="_fachlicher_kontext">
<title>Fachlicher Kontext</title>
<sidebar role="arc42help">
<formalpara>
<title>Inhalt</title>
<para>Festlegung <emphasis role="strong">aller</emphasis> Kommunikationsbeziehungen (Nutzer, IT-Systeme, &#8230;) mit Erklärung der fachlichen Ein- und Ausgabedaten oder Schnittstellen.
Zusätzlich (bei Bedarf) fachliche Datenformate oder Protokolle der Kommunikation mit den Nachbarsystemen.</para>
</formalpara>
<formalpara>
<title>Motivation</title>
<para>Alle Beteiligten müssen verstehen, welche fachlichen Informationen mit der Umwelt ausgetauscht werden.</para>
</formalpara>
<formalpara>
<title>Form</title>
<para>Alle Diagrammarten, die das System als Blackbox darstellen und die fachlichen Schnittstellen zu den Nachbarsystemen beschreiben.</para>
</formalpara>
<simpara>Alternativ oder ergänzend können Sie eine Tabelle verwenden.
Der Titel gibt den Namen Ihres Systems wieder; die drei Spalten sind: Kommunikationsbeziehung, Eingabe, Ausgabe.</simpara>
</sidebar>

<simpara><emphasis role="strong">&lt;Diagramm und/oder Tabelle&gt;</emphasis></simpara>
<simpara><emphasis role="strong">&lt;optional: Erläuterung der externen fachlichen Schnittstellen&gt;</emphasis></simpara>
</section>
<section id="_technischer_kontext">
<title>Technischer Kontext</title>
<sidebar role="arc42help">
<formalpara>
<title>Inhalt</title>
<para>Technische Schnittstellen (Kanäle, Übertragungsmedien) zwischen dem System und seiner Umwelt.
Zusätzlich eine Erklärung (<emphasis>mapping</emphasis>), welche fachlichen Ein- und Ausgaben über welche technischen Kanäle fließen.</para>
</formalpara>
<formalpara>
<title>Motivation</title>
<para>Viele Stakeholder treffen Architekturentscheidungen auf Basis der technischen Schnittstellen des Systems zu seinem Kontext.</para>
</formalpara>
<simpara>Insbesondere bei der Entwicklung von Infrastruktur oder Hardware sind diese technischen Schnittstellen durchaus entscheidend.</simpara>
<formalpara>
<title>Form</title>
<para>Beispielsweise UML Deployment-Diagramme mit den Kanälen zu Nachbarsystemen, begleitet von einer Tabelle, die Kanäle auf Ein-/Ausgaben abbildet.</para>
</formalpara>
</sidebar>

<simpara><emphasis role="strong">&lt;Diagramm oder Tabelle&gt;</emphasis></simpara>
<simpara><emphasis role="strong">&lt;optional: Erläuterung der externen technischen Schnittstellen&gt;</emphasis></simpara>
<simpara><emphasis role="strong">&lt;Mapping fachliche auf technische Schnittstellen&gt;</emphasis></simpara>
<simpara><?asciidoc-pagebreak?></simpara>

</section>
</chapter>
<chapter id="section-solution-strategy">
<title>Lösungsstrategie</title>
<sidebar role="arc42help">
<formalpara>
<title>Inhalt</title>
<para>Kurzer Überblick über die grundlegenden Entscheidungen und Lösungsansätze, die Entwurf und Implementierung des Systems prägen.
Hierzu gehören:</para>
</formalpara>
<itemizedlist>
<listitem>
<simpara>Technologieentscheidungen</simpara>
</listitem>
<listitem>
<simpara>Entscheidungen über die Top-Level-Zerlegung des Systems, beispielsweise die Verwendung gesamthaft prägender Entwurfs- oder Architekturmuster,</simpara>
</listitem>
<listitem>
<simpara>Entscheidungen zur Erreichung der wichtigsten Qualitätsanforderungen sowie</simpara>
</listitem>
<listitem>
<simpara>relevante organisatorische Entscheidungen, beispielsweise für bestimmte Entwicklungsprozesse oder Delegation bestimmter Aufgaben an andere Stakeholder.</simpara>
</listitem>
</itemizedlist>

<formalpara>
<title>Motivation</title>
<para>Diese wichtigen Entscheidungen bilden wesentliche „Eckpfeiler“ der Architektur.
Von ihnen hängen viele weitere Entscheidungen oder Implementierungsregeln ab.</para>
</formalpara>
<formalpara>
<title>Form</title>
<para>Fassen Sie die zentralen Entwurfsentscheidungen <emphasis role="strong">kurz</emphasis> zusammen.
Motivieren Sie, ausgehend von Aufgabenstellung, Qualitätszielen und Randbedingungen, was Sie entschieden haben und warum Sie so entschieden haben.
Vermeiden Sie redundante Beschreibungen und verweisen Sie eher auf weitere Ausführungen in Folgeabschnitten.</para>
</formalpara>
</sidebar>

<simpara><?asciidoc-pagebreak?></simpara>

</chapter>
<chapter id="section-building-block-view">
<title>Bausteinsicht</title>
<sidebar role="arc42help">
<formalpara>
<title>Inhalt</title>
<para>Diese Sicht zeigt die statische Zerlegung des Systems in Bausteine sowie deren Beziehungen.
Beispiele für Bausteine sind unter anderem:</para>
</formalpara>
<itemizedlist>
<listitem>
<simpara>Module</simpara>
</listitem>
<listitem>
<simpara>Komponenten</simpara>
</listitem>
<listitem>
<simpara>Subsysteme</simpara>
</listitem>
<listitem>
<simpara>Klassen</simpara>
</listitem>
<listitem>
<simpara>Interfaces</simpara>
</listitem>
<listitem>
<simpara>Pakete</simpara>
</listitem>
<listitem>
<simpara>Bibliotheken</simpara>
</listitem>
<listitem>
<simpara>Frameworks</simpara>
</listitem>
<listitem>
<simpara>Schichten</simpara>
</listitem>
<listitem>
<simpara>Partitionen</simpara>
</listitem>
<listitem>
<simpara>Tiers</simpara>
</listitem>
<listitem>
<simpara>Funktionen</simpara>
</listitem>
<listitem>
<simpara>Makros</simpara>
</listitem>
<listitem>
<simpara>Operationen</simpara>
</listitem>
<listitem>
<simpara>Datenstrukturen</simpara>
</listitem>
<listitem>
<simpara>&#8230;</simpara>
</listitem>
</itemizedlist>

<simpara>Diese Sicht sollte in jeder Architekturdokumentation vorhanden sein.
In der Analogie zum Hausbau bildet die Bausteinsicht den <emphasis>Grundrissplan</emphasis>.</simpara>
<formalpara>
<title>Motivation</title>
<para>Behalten Sie den Überblick über den Quellcode, indem Sie die statische Struktur des Systems durch Abstraktion verständlich machen.</para>
</formalpara>
<simpara>Damit ermöglichen Sie Kommunikation auf abstrakterer Ebene, ohne zu viele Implementierungsdetails offenlegen zu müssen.</simpara>
<formalpara>
<title>Form</title>
<para>Die Bausteinsicht ist eine hierarchische Sammlung von Blackboxen und Whiteboxen (siehe Abbildung unten) und deren Beschreibungen.</para>
</formalpara>
<simpara><inlinemediaobject>
  <imageobject>
    <imagedata fileref="images/05_building_blocks-DE.png"/>
  </imageobject>
  <textobject><phrase>Baustein Sichten</phrase></textobject>
</inlinemediaobject></simpara>
<simpara><emphasis role="strong">Ebene 1</emphasis> ist die Whitebox-Beschreibung des Gesamtsystems, zusammen mit Blackbox-Beschreibungen der darin enthaltenen Bausteine.</simpara>
<simpara><emphasis role="strong">Ebene 2</emphasis> zoomt in einige Bausteine der Ebene 1 hinein.
Sie enthält somit die Whitebox-Beschreibungen ausgewählter Bausteine der Ebene 1, jeweils zusammen mit Blackbox-Beschreibungen darin enthaltener Bausteine.</simpara>
<simpara><emphasis role="strong">Ebene 3</emphasis> zoomt in einige Bausteine der Ebene 2 hinein, usw.</simpara>
</sidebar>

<section id="_whitebox_gesamtsystem">
<title>Whitebox Gesamtsystem</title>
<sidebar role="arc42help">
<simpara>An dieser Stelle beschreiben Sie die Zerlegung des Gesamtsystems anhand des nachfolgenden Whitebox-Templates.
Dieses enthält:</simpara>
<itemizedlist>
<listitem>
<simpara>Ein Übersichtsdiagramm</simpara>
</listitem>
<listitem>
<simpara>die Begründung dieser Zerlegung</simpara>
</listitem>
<listitem>
<simpara>Blackbox-Beschreibungen der hier enthaltenen Bausteine.
Dafür haben Sie verschiedene Optionen:</simpara>
<itemizedlist>
<listitem>
<simpara>in <emphasis>einer</emphasis> Tabelle, gibt einen kurzen und pragmatischen Überblick über die enthaltenen Bausteine sowie deren Schnittstellen.</simpara>
</listitem>
<listitem>
<simpara>als Liste von Blackbox-Beschreibungen der Bausteine, gemäß dem Blackbox-Template (siehe unten).
Diese Liste können Sie, je nach Werkzeug, etwa in Form von Unterkapiteln (Text), Unter-Seiten (Wiki) oder geschachtelten Elementen (Modellierungswerkzeug) darstellen.</simpara>
</listitem>
</itemizedlist>

</listitem>
<listitem>
<simpara>(optional:) wichtige Schnittstellen, die nicht bereits im Blackbox-Template eines der Bausteine erläutert werden, aber für das Verständnis der Whitebox von zentraler Bedeutung sind.
Aufgrund der vielfältigen Möglichkeiten oder Ausprägungen von Schnittstellen geben wir hierzu kein weiteres Template vor.
Im schlimmsten Fall müssen Sie Syntax, Semantik, Protokolle, Fehlerverhalten, Restriktionen, Versionen, Qualitätseigenschaften, notwendige Kompatibilitäten und vieles mehr spezifizieren oder beschreiben.
Im besten Fall kommen Sie mit Beispielen oder einfachen Signaturen zurecht.</simpara>
</listitem>
</itemizedlist>

</sidebar>

<simpara><emphasis><emphasis role="strong">&lt;Übersichtsdiagramm&gt;</emphasis></emphasis></simpara>
<variablelist>
<varlistentry>
<term>Begründung</term>
<listitem>
<simpara><emphasis>&lt;Erläuternder Text&gt;</emphasis></simpara>
</listitem>
</varlistentry>
<varlistentry>
<term>Enthaltene Bausteine</term>
<listitem>
<simpara><emphasis>&lt;Beschreibung der enthaltenen Bausteine (Blackboxen)&gt;</emphasis></simpara>
</listitem>
</varlistentry>
<varlistentry>
<term>Wichtige Schnittstellen</term>
<listitem>
<simpara><emphasis>&lt;Beschreibung wichtiger Schnittstellen&gt;</emphasis></simpara>
</listitem>
</varlistentry>
</variablelist>

<sidebar role="arc42help">
<simpara>Hier folgen jetzt Erläuterungen zu Blackboxen der Ebene 1.</simpara>
<simpara>Falls Sie die tabellarische Beschreibung wählen, so werden Blackboxen darin nur mit Name und Verantwortung nach folgendem Muster beschrieben:</simpara>
<informaltable frame="all"
    rowsep="1" colsep="1">
  
  <tgroup cols="2">
    
    <colspec colname="col_1" colwidth="33*"/>
    
    <colspec colname="col_2" colwidth="66*"/>
    
    
    <thead>
      
      <row>
        
        <entry align="left" valign="top"><emphasis role="strong">Name</emphasis></entry>
        
        <entry align="left" valign="top"><emphasis role="strong">Verantwortung</emphasis></entry>
        
      </row>
      
    </thead>
    
    <tbody>
      
      <row>
        
        <entry align="left" valign="top"><simpara><emphasis>&lt;Blackbox 1&gt;</emphasis></simpara></entry>
        
        <entry align="left" valign="top"><simpara> <emphasis>&lt;Text&gt;</emphasis></simpara></entry>
        
      </row>
      
      <row>
        
        <entry align="left" valign="top"><simpara><emphasis>&lt;Blackbox 2&gt;</emphasis></simpara></entry>
        
        <entry align="left" valign="top"><simpara> <emphasis>&lt;Text&gt;</emphasis></simpara></entry>
        
      </row>
      
    </tbody>
    
  </tgroup>
</informaltable>

<simpara>Falls Sie die ausführliche Liste von Blackbox-Beschreibungen wählen, beschreiben Sie jede wichtige Blackbox in einem eigenen Blackbox-Template.
Dessen Überschrift ist jeweils der Namen dieser Blackbox.</simpara>
</sidebar>

<section id="__name_blackbox_1">
<title>&lt;Name Blackbox 1&gt;</title>
<sidebar role="arc42help">
<simpara>Beschreiben Sie die &lt;Blackbox 1&gt; anhand des folgenden Blackbox-Templates:</simpara>
<itemizedlist>
<listitem>
<simpara>Zweck/Verantwortung</simpara>
</listitem>
<listitem>
<simpara>Schnittstelle(n), sofern diese nicht als eigenständige Beschreibungen herausgezogen sind.
Hierzu gehören eventuell auch Qualitäts- und Leistungsmerkmale dieser Schnittstelle.</simpara>
</listitem>
<listitem>
<simpara>(Optional) Qualitäts-/Leistungsmerkmale der Blackbox, beispielsweise Verfügbarkeit, Laufzeitverhalten o. Ä.</simpara>
</listitem>
<listitem>
<simpara>(Optional) Ablageort/Datei(en)</simpara>
</listitem>
<listitem>
<simpara>(Optional) Erfüllte Anforderungen, falls Sie Traceability zu Anforderungen benötigen.</simpara>
</listitem>
<listitem>
<simpara>(Optional) Offene Punkte/Probleme/Risiken</simpara>
</listitem>
</itemizedlist>

</sidebar>

<simpara><emphasis>&lt;Zweck/Verantwortung&gt;</emphasis></simpara>
<simpara><emphasis>&lt;Schnittstelle(n)&gt;</emphasis></simpara>
<simpara><emphasis>&lt;(Optional) Qualitäts-/Leistungsmerkmale&gt;</emphasis></simpara>
<simpara><emphasis>&lt;(Optional) Ablageort/Datei(en)&gt;</emphasis></simpara>
<simpara><emphasis>&lt;(Optional) Erfüllte Anforderungen&gt;</emphasis></simpara>
<simpara><emphasis>&lt;(optional) Offene Punkte/Probleme/Risiken&gt;</emphasis></simpara>
</section>
<section id="__name_blackbox_2">
<title>&lt;Name Blackbox 2&gt;</title>
<simpara><emphasis>&lt;Blackbox-Template&gt;</emphasis></simpara>
</section>
<section id="__name_blackbox_n">
<title>&lt;Name Blackbox n&gt;</title>
<simpara><emphasis>&lt;Blackbox-Template&gt;</emphasis></simpara>
</section>
<section id="__name_schnittstelle_1">
<title>&lt;Name Schnittstelle 1&gt;</title>
<simpara>&#8230;</simpara>
</section>
<section id="__name_schnittstelle_m">
<title>&lt;Name Schnittstelle m&gt;</title>

</section>
</section>
<section id="_ebene_2">
<title>Ebene 2</title>
<sidebar role="arc42help">
<simpara>Beschreiben Sie den inneren Aufbau (einiger) Bausteine aus Ebene 1 als Whitebox.</simpara>
<simpara>Welche Bausteine Ihres Systems Sie hier beschreiben, müssen Sie selbst entscheiden.
Bitte stellen Sie dabei Relevanz vor Vollständigkeit.
Skizzieren Sie wichtige, überraschende, riskante, komplexe oder besonders volatile Bausteine.
Normale, einfache oder standardisierte Teile sollten Sie weglassen.</simpara>
</sidebar>

<section id="_whitebox_emphasis_baustein_1_emphasis">
<title>Whitebox <emphasis>&lt;Baustein 1&gt;</emphasis></title>
<sidebar role="arc42help">
<simpara>&#8230;zeigt das Innenleben von <emphasis>Baustein 1</emphasis>.</simpara>
</sidebar>

<simpara><emphasis>&lt;Whitebox-Template&gt;</emphasis></simpara>
</section>
<section id="_whitebox_emphasis_baustein_2_emphasis">
<title>Whitebox <emphasis>&lt;Baustein 2&gt;</emphasis></title>
<simpara><emphasis>&lt;Whitebox-Template&gt;</emphasis></simpara>
<simpara>&#8230;</simpara>
</section>
<section id="_whitebox_emphasis_baustein_m_emphasis">
<title>Whitebox <emphasis>&lt;Baustein m&gt;</emphasis></title>
<simpara><emphasis>&lt;Whitebox-Template&gt;</emphasis></simpara>
</section>
</section>
<section id="_ebene_3">
<title>Ebene 3</title>
<sidebar role="arc42help">
<simpara>Beschreiben Sie den inneren Aufbau (einiger) Bausteine aus Ebene 2 als Whitebox.</simpara>
<simpara>Bei tieferen Gliederungen der Architektur kopieren Sie diesen Teil von arc42 für die weiteren Ebenen.</simpara>
</sidebar>

<section id="_whitebox_baustein_x_1">
<title>Whitebox &lt;_Baustein x.1_&gt;</title>
<sidebar role="arc42help">
<simpara>&#8230;zeigt das Innenleben von <emphasis>Baustein x.1</emphasis>.</simpara>
</sidebar>

<simpara><emphasis>&lt;Whitebox-Template&gt;</emphasis></simpara>
</section>
<section id="_whitebox_baustein_x_2">
<title>Whitebox &lt;_Baustein x.2_&gt;</title>
<simpara><emphasis>&lt;Whitebox-Template&gt;</emphasis></simpara>
</section>
<section id="_whitebox_baustein_y_1">
<title>Whitebox &lt;_Baustein y.1_&gt;</title>
<simpara><emphasis>&lt;Whitebox-Template&gt;</emphasis></simpara>
<simpara><?asciidoc-pagebreak?></simpara>

</section>
</section>
</chapter>
<chapter id="section-runtime-view">
<title>Laufzeitsicht</title>
<sidebar role="arc42help">
<formalpara>
<title>Inhalt</title>
<para>Diese Sicht erklärt konkrete Abläufe und Beziehungen zwischen Bausteinen in Form von Szenarien aus den folgenden Bereichen:</para>
</formalpara>
<itemizedlist>
<listitem>
<simpara>Wichtige Abläufe oder <emphasis>Features</emphasis>:
Wie führen die Bausteine der Architektur die wichtigsten Abläufe durch?</simpara>
</listitem>
<listitem>
<simpara>Interaktionen an kritischen externen Schnittstellen:
Wie arbeiten Bausteine mit Nutzern und Nachbarsystemen zusammen?</simpara>
</listitem>
<listitem>
<simpara>Betrieb und Administration: Inbetriebnahme, Start, Stop.</simpara>
</listitem>
<listitem>
<simpara>Fehler- und Ausnahmeszenarien</simpara>
</listitem>
</itemizedlist>

<simpara>Anmerkung:
Das Kriterium für die Auswahl der möglichen Szenarien (d.h. Abläufe) des Systems ist deren Architekturrelevanz.
Es geht nicht darum, möglichst viele Abläufe darzustellen, sondern eine angemessene Auswahl zu dokumentieren.</simpara>
<formalpara>
<title>Motivation</title>
<para>Sie sollten verstehen, wie (Instanzen von) Bausteine(n) Ihres Systems ihre jeweiligen Aufgaben erfüllen und zur Laufzeit miteinander kommunizieren.</para>
</formalpara>
<simpara>Nutzen Sie diese Szenarien in der Dokumentation hauptsächlich für eine verständlichere Kommunikation mit denjenigen Stakeholdern, die die statischen Modelle (z.B. Bausteinsicht, Verteilungssicht) weniger verständlich finden.</simpara>
<formalpara>
<title>Form</title>
<para>Für die Beschreibung von Szenarien gibt es zahlreiche Ausdrucksmöglichkeiten.
Nutzen Sie beispielsweise:</para>
</formalpara>
<itemizedlist>
<listitem>
<simpara>Nummerierte Schrittfolgen oder Aufzählungen in Umgangssprache</simpara>
</listitem>
<listitem>
<simpara>Aktivitäts- oder Flussdiagramme</simpara>
</listitem>
<listitem>
<simpara>Sequenzdiagramme</simpara>
</listitem>
<listitem>
<simpara>BPMN (Geschäftsprozessmodell und -notation) oder EPKs (Ereignis-Prozessketten)</simpara>
</listitem>
<listitem>
<simpara>Zustandsautomaten</simpara>
</listitem>
<listitem>
<simpara>&#8230;</simpara>
</listitem>
</itemizedlist>

</sidebar>

<section id="__emphasis_bezeichnung_laufzeitszenario_1_emphasis">
<title><emphasis>&lt;Bezeichnung Laufzeitszenario 1&gt;</emphasis></title>
<itemizedlist>
<listitem>
<simpara>&lt;hier Laufzeitdiagramm oder Ablaufbeschreibung einfügen&gt;</simpara>
</listitem>
<listitem>
<simpara>&lt;hier Besonderheiten bei dem Zusammenspiel der Bausteine in diesem Szenario erläutern&gt;</simpara>
</listitem>
</itemizedlist>

</section>
<section id="__emphasis_bezeichnung_laufzeitszenario_2_emphasis">
<title><emphasis>&lt;Bezeichnung Laufzeitszenario 2&gt;</emphasis></title>
<simpara>&#8230;</simpara>
</section>
<section id="__emphasis_bezeichnung_laufzeitszenario_n_emphasis">
<title><emphasis>&lt;Bezeichnung Laufzeitszenario n&gt;</emphasis></title>
<simpara>&#8230;</simpara>
<simpara><?asciidoc-pagebreak?></simpara>

</section>
</chapter>
<chapter id="section-deployment-view">
<title>Verteilungssicht</title>
<sidebar role="arc42help">
<formalpara>
<title>Inhalt</title>
<para>Die Verteilungssicht beschreibt:</para>
</formalpara>
<orderedlist numeration="arabic">
<listitem>
<simpara>die technische Infrastruktur, auf der Ihr System ausgeführt wird, mit Infrastrukturelementen wie Standorten, Umgebungen, Rechnern, Prozessoren, Kanälen und Netztopologien sowie sonstigen Bestandteilen, und</simpara>
</listitem>
<listitem>
<simpara>die Abbildung von (Software-)Bausteinen auf diese Infrastruktur.</simpara>
</listitem>
</orderedlist>

<simpara>Häufig laufen Systeme in unterschiedlichen Umgebungen, beispielsweise Entwicklung-/Test- oder Produktionsumgebungen.
In solchen Fällen sollten Sie alle relevanten Umgebungen aufzeigen.</simpara>
<simpara>Nutzen Sie die Verteilungssicht insbesondere dann, wenn Ihre Software auf mehr als einem Rechner, Prozessor, Server oder Container abläuft oder Sie Ihre Hardware sogar selbst konstruieren.</simpara>
<simpara>Aus Softwaresicht genügt es, auf die Aspekte zu achten, die für die Softwareverteilung relevant sind.
Insbesondere bei der Hardwareentwicklung kann es notwendig sein, die Infrastruktur mit beliebigen Details zu beschreiben.</simpara>
<formalpara>
<title>Motivation</title>
<para>Software läuft nicht ohne Infrastruktur.
Diese zugrundeliegende Infrastruktur beeinflusst Ihr System und/oder querschnittliche Lösungskonzepte, daher müssen Sie diese Infrastruktur kennen.</para>
</formalpara>
<formalpara>
<title>Form</title>
<para>Das oberste Verteilungsdiagramm könnte bereits in Ihrem technischen Kontext enthalten sein, mit Ihrer Infrastruktur als EINE Blackbox.
Jetzt zoomen Sie in diese Infrastruktur mit weiteren Verteilungsdiagrammen hinein:</para>
</formalpara>
<itemizedlist>
<listitem>
<simpara>Die UML stellt mit Verteilungsdiagrammen (Deployment diagrams) eine Diagrammart zur Verfügung, um diese Sicht auszudrücken.
Nutzen Sie diese, evtl. auch geschachtelt, wenn Ihre Verteilungsstruktur es verlangt.</simpara>
</listitem>
<listitem>
<simpara>Falls Ihre Infrastruktur-Stakeholder andere Diagrammarten bevorzugen, die beispielsweise Prozessoren und Kanäle zeigen, sind diese hier ebenfalls einsetzbar.</simpara>
</listitem>
</itemizedlist>

</sidebar>

<section id="_infrastruktur_ebene_1">
<title>Infrastruktur Ebene 1</title>
<sidebar role="arc42help">
<simpara>An dieser Stelle beschreiben Sie (als Kombination von Diagrammen mit Tabellen oder Texten):</simpara>
<itemizedlist>
<listitem>
<simpara>die Verteilung des Gesamtsystems auf mehrere Standorte, Umgebungen, Rechner, Prozessoren o. Ä., sowie die physischen Verbindungskanäle zwischen diesen,</simpara>
</listitem>
<listitem>
<simpara>wichtige Begründungen für diese Verteilungsstruktur,</simpara>
</listitem>
<listitem>
<simpara>Qualitäts- und/oder Leistungsmerkmale dieser Infrastruktur,</simpara>
</listitem>
<listitem>
<simpara>Zuordnung von Softwareartefakten zu Bestandteilen der Infrastruktur</simpara>
</listitem>
</itemizedlist>

<simpara>Für mehrere Umgebungen oder alternative Deployments kopieren Sie diesen Teil von arc42 für alle wichtigen Umgebungen/Varianten.</simpara>
</sidebar>

<simpara><emphasis><emphasis role="strong">&lt;Übersichtsdiagramm&gt;</emphasis></emphasis></simpara>
<variablelist>
<varlistentry>
<term>Begründung</term>
<listitem>
<simpara><emphasis>&lt;Erläuternder Text&gt;</emphasis></simpara>
</listitem>
</varlistentry>
<varlistentry>
<term>Qualitäts- und/oder Leistungsmerkmale</term>
<listitem>
<simpara><emphasis>&lt;Erläuternder Text&gt;</emphasis></simpara>
</listitem>
</varlistentry>
<varlistentry>
<term>Zuordnung von Bausteinen zu Infrastruktur</term>
<listitem>
<simpara><emphasis>&lt;Beschreibung der Zuordnung&gt;</emphasis></simpara>
</listitem>
</varlistentry>
</variablelist>

</section>
<section id="_infrastruktur_ebene_2">
<title>Infrastruktur Ebene 2</title>
<sidebar role="arc42help">
<simpara>An dieser Stelle können Sie den inneren Aufbau (einiger) Infrastrukturelemente aus Ebene 1 beschreiben.</simpara>
<simpara>Für jedes Infrastrukturelement kopieren Sie die Struktur aus Ebene 1.</simpara>
</sidebar>

<section id="__emphasis_infrastrukturelement_1_emphasis">
<title><emphasis>&lt;Infrastrukturelement 1&gt;</emphasis></title>
<simpara><emphasis>&lt;Diagramm + Erläuterungen&gt;</emphasis></simpara>
</section>
<section id="__emphasis_infrastrukturelement_2_emphasis">
<title><emphasis>&lt;Infrastrukturelement 2&gt;</emphasis></title>
<simpara><emphasis>&lt;Diagramm + Erläuterungen&gt;</emphasis></simpara>
<simpara>&#8230;</simpara>
</section>
<section id="__emphasis_infrastrukturelement_n_emphasis">
<title><emphasis>&lt;Infrastrukturelement n&gt;</emphasis></title>
<simpara><emphasis>&lt;Diagramm + Erläuterungen&gt;</emphasis></simpara>
<simpara><?asciidoc-pagebreak?></simpara>

</section>
</section>
</chapter>
<chapter id="section-concepts">
<title>Querschnittliche Konzepte</title>
<sidebar role="arc42help">
<formalpara>
<title>Inhalt</title>
<para>Dieser Abschnitt beschreibt übergreifende, prinzipielle Regelungen und Lösungsansätze, die an mehreren Stellen (=<emphasis>querschnittlich</emphasis>) relevant sind.</para>
</formalpara>
<simpara>Solche Konzepte betreffen oft mehrere Bausteine.
Dazu können vielerlei Themen gehören, beispielsweise:</simpara>
<itemizedlist>
<listitem>
<simpara>fachliche Modelle,</simpara>
</listitem>
<listitem>
<simpara>eingesetzte Architektur- oder Entwurfsmuster,</simpara>
</listitem>
<listitem>
<simpara>Regeln für den konkreten Einsatz von Technologien,</simpara>
</listitem>
<listitem>
<simpara>prinzipielle&#8201;&#8212;&#8201;meist technische&#8201;&#8212;&#8201;Festlegungen übergreifender Art,</simpara>
</listitem>
<listitem>
<simpara>Implementierungsregeln</simpara>
</listitem>
</itemizedlist>

<formalpara>
<title>Motivation</title>
<para>Konzepte bilden die Grundlage für <emphasis>konzeptionelle Integrität</emphasis> (Konsistenz, Homogenität) der Architektur und damit eine wesentliche Grundlage für die innere Qualität Ihrer Systeme.</para>
</formalpara>
<simpara>Manche dieser Themen lassen sich nur schwer als Baustein in der Architektur unterbringen (z.B. das Thema „Sicherheit“).
Hier ist der Platz im Template, wo Sie derartige Themen geschlossen behandeln können.</simpara>
<formalpara>
<title>Form</title>
<para>Kann vielfältig sein:</para>
</formalpara>
<itemizedlist>
<listitem>
<simpara>Konzeptpapiere mit beliebiger Gliederung,</simpara>
</listitem>
<listitem>
<simpara>übergreifende Modelle/Szenarien mit Notationen, die Sie auch in den Architektursichten nutzen,</simpara>
</listitem>
<listitem>
<simpara>beispielhafte Implementierung speziell für technische Konzepte,</simpara>
</listitem>
<listitem>
<simpara>Verweise auf „übliche“ Nutzung von Standard-Frameworks (beispielsweise die Nutzung von Hibernate als Object/Relational Mapper).</simpara>
</listitem>
</itemizedlist>

<formalpara>
<title>Struktur</title>
<para>Eine mögliche (nicht aber notwendige!) Untergliederung dieses Abschnittes könnte wie folgt aussehen (wobei die Zuordnung von Themen zu den Gruppen nicht immer eindeutig ist):</para>
</formalpara>
<itemizedlist>
<listitem>
<simpara>Fachliche Konzepte</simpara>
</listitem>
<listitem>
<simpara>User Experience (UX)</simpara>
</listitem>
<listitem>
<simpara>Sicherheitskonzepte (Safety und Security)</simpara>
</listitem>
<listitem>
<simpara>Architektur- und Entwurfsmuster</simpara>
</listitem>
<listitem>
<simpara>Unter-der-Haube</simpara>
</listitem>
<listitem>
<simpara>Entwicklungskonzepte</simpara>
</listitem>
<listitem>
<simpara>Betriebskonzepte</simpara>
</listitem>
</itemizedlist>

<simpara><inlinemediaobject>
  <imageobject>
    <imagedata fileref="images/08-Crosscutting-Concepts-Structure-DE.png"/>
  </imageobject>
  <textobject><phrase>Possible topics for crosscutting concepts</phrase></textobject>
</inlinemediaobject></simpara>
</sidebar>

<section id="__emphasis_konzept_1_emphasis">
<title><emphasis>&lt;Konzept 1&gt;</emphasis></title>
<simpara><emphasis>&lt;Erklärung&gt;</emphasis></simpara>
</section>
<section id="__emphasis_konzept_2_emphasis">
<title><emphasis>&lt;Konzept 2&gt;</emphasis></title>
<simpara><emphasis>&lt;Erklärung&gt;</emphasis></simpara>
<simpara>&#8230;</simpara>
</section>
<section id="__emphasis_konzept_n_emphasis">
<title><emphasis>&lt;Konzept n&gt;</emphasis></title>
<simpara><emphasis>&lt;Erklärung&gt;</emphasis></simpara>
<simpara><?asciidoc-pagebreak?></simpara>

</section>
</chapter>
<chapter id="section-design-decisions">
<title>Entwurfsentscheidungen</title>
<sidebar role="arc42help">
<formalpara>
<title>Inhalt</title>
<para>Wichtige, teure, große oder riskante Architektur- oder Entwurfsentscheidungen inklusive der jeweiligen Begründungen.
Mit "Entscheidungen" meinen wir hier die Auswahl einer von mehreren Alternativen unter vorgegebenen Kriterien.</para>
</formalpara>
<simpara>Wägen Sie ab, inwiefern Sie Entscheidungen hier zentral beschreiben, oder wo eine lokale Beschreibung (z.B. in der Whitebox-Sicht von Bausteinen) sinnvoller ist.
Vermeiden Sie Redundanz.
Verweisen Sie evtl. auf Abschnitt 4, wo schon grundlegende strategische Entscheidungen beschrieben wurden.</simpara>
<formalpara>
<title>Motivation</title>
<para>Stakeholder des Systems sollten wichtige Entscheidungen verstehen und nachvollziehen können.</para>
</formalpara>
<formalpara>
<title>Form</title>
<para>Verschiedene Möglichkeiten:</para>
</formalpara>
<itemizedlist>
<listitem>
<simpara>Liste oder Tabelle, nach Wichtigkeit und Tragweite der Entscheidungen geordnet</simpara>
</listitem>
<listitem>
<simpara>ausführlicher in Form einzelner Unterkapitel je Entscheidung</simpara>
</listitem>
<listitem>
<simpara>ADR (<ulink url="http://thinkrelevance.com/blog/2011/11/15/documenting-architecture-decisions">Architecture Decision Record</ulink>) für jede wichtige Entscheidung</simpara>
</listitem>
</itemizedlist>

</sidebar>

<simpara><?asciidoc-pagebreak?></simpara>

</chapter>
<chapter id="section-quality-scenarios">
<title>Qualitätsanforderungen</title>
<sidebar role="arc42help">
<formalpara>
<title>Inhalt</title>
<para>Dieser Abschnitt enthält möglichst alle Qualitätsanforderungen als Qualitätsbaum mit Szenarien.
Die wichtigsten davon haben Sie bereits in Abschnitt 1.2 (Qualitätsziele) hervorgehoben.</para>
</formalpara>
<simpara>Nehmen Sie hier auch Qualitätsanforderungen geringerer Priorität auf, deren Nichteinhaltung oder -erreichung geringe Risiken birgt.</simpara>
<formalpara>
<title>Motivation</title>
<para>Weil Qualitätsanforderungen die Architekturentscheidungen oft maßgeblich beeinflussen, sollten Sie die für Ihre Stakeholder relevanten Qualitätsanforderungen kennen, möglichst konkret und operationalisiert.</para>
</formalpara>
</sidebar>

<section id="_qualit_tsbaum">
<title>Qualitätsbaum</title>
<sidebar role="arc42help">
<formalpara>
<title>Inhalt</title>
<para>Der Qualitätsbaum (à la ATAM) mit Qualitätsszenarien an den Blättern.</para>
</formalpara>
<formalpara>
<title>Motivation</title>
<para>Die mit Prioritäten versehene Baumstruktur gibt Überblick über die&#8201;&#8212;&#8201;oftmals zahlreichen&#8201;&#8212;&#8201;Qualitätsanforderungen.</para>
</formalpara>
<itemizedlist>
<title>Form</title>
<listitem>
<simpara>Baumartige Verfeinerung des Begriffes „Qualität“, mit „Qualität“ oder „Nützlichkeit“ als Wurzel.</simpara>
</listitem>
<listitem>
<simpara>Mindmap mit Qualitätsoberbegriffen als Hauptzweige</simpara>
</listitem>
</itemizedlist>

<simpara>In jedem Fall sollten Sie hier Verweise auf die Qualitätsszenarien des folgenden Abschnittes aufnehmen.</simpara>
</sidebar>

</section>
<section id="_qualit_tsszenarien">
<title>Qualitätsszenarien</title>
<sidebar role="arc42help">
<formalpara>
<title>Inhalt</title>
<para>Konkretisierung der (in der Praxis oftmals vagen oder impliziten) Qualitätsanforderungen durch (Qualitäts-)Szenarien.</para>
</formalpara>
<simpara>Diese Szenarien beschreiben, was beim Eintreffen eines Stimulus auf ein System in bestimmten Situationen geschieht.</simpara>
<simpara>Wesentlich sind zwei Arten von Szenarien:</simpara>
<itemizedlist>
<listitem>
<simpara>Nutzungsszenarien (auch bekannt als Anwendungs- oder Anwendungsfallszenarien) beschreiben, wie das System zur Laufzeit auf einen bestimmten Auslöser reagieren soll.
Hierunter fallen auch Szenarien zur Beschreibung von Effizienz oder Performance.
Beispiel: Das System beantwortet eine Benutzeranfrage innerhalb einer Sekunde.</simpara>
</listitem>
<listitem>
<simpara>Änderungsszenarien beschreiben eine Modifikation des Systems oder seiner unmittelbaren Umgebung.
Beispiel: Eine zusätzliche Funktionalität wird implementiert oder die Anforderung an ein Qualitätsmerkmal ändert sich.</simpara>
</listitem>
</itemizedlist>

<formalpara>
<title>Motivation</title>
<para>Szenarien operationalisieren Qualitätsanforderungen und machen deren Erfüllung mess- oder entscheidbar.</para>
</formalpara>
<simpara>Insbesondere wenn Sie die Qualität Ihrer Architektur mit Methoden wie ATAM überprüfen wollen, bedürfen die in Abschnitt 1.2 genannten Qualitätsziele einer weiteren Präzisierung bis auf die Ebene von diskutierbaren und nachprüfbaren Szenarien.</simpara>
<formalpara>
<title>Form</title>
<para>Entweder tabellarisch oder als Freitext.</para>
</formalpara>
</sidebar>

<simpara><?asciidoc-pagebreak?></simpara>

</section>
</chapter>
<chapter id="section-technical-risks">
<title>Risiken und technische Schulden</title>
<sidebar role="arc42help">
<formalpara>
<title>Inhalt</title>
<para>Eine nach Prioritäten geordnete Liste der erkannten Architekturrisiken und/oder technischen Schulden.</para>
</formalpara>
<blockquote>
<title>Motivation</title>
  
  <attribution>
    
    Tim Lister
    
    <citetitle>Atlantic Systems Guild</citetitle>
  </attribution>
  
<simpara>Risikomanagement ist Projektmanagement für Erwachsene.</simpara>
</blockquote>

<simpara>Unter diesem Motto sollten Sie Architekturrisiken und/oder technische Schulden gezielt ermitteln, bewerten und Ihren Management-Stakeholdern (z.B. Projektleitung, Product-Owner) transparent machen.</simpara>
<formalpara>
<title>Form</title>
<para>Liste oder Tabelle von Risiken und/oder technischen Schulden, eventuell mit vorgeschlagenen Maßnahmen zur Risikovermeidung, Risikominimierung oder dem Abbau der technischen Schulden.</para>
</formalpara>
</sidebar>

<simpara><?asciidoc-pagebreak?></simpara>

</chapter>
<chapter id="section-glossary">
<title>Glossar</title>
<sidebar role="arc42help">
<formalpara>
<title>Inhalt</title>
<para>Die wesentlichen fachlichen und technischen Begriffe, die Stakeholder im Zusammenhang mit dem System verwenden.</para>
</formalpara>
<simpara>Nutzen Sie das Glossar ebenfalls als Übersetzungsreferenz, falls Sie in mehrsprachigen Teams arbeiten.</simpara>
<formalpara>
<title>Motivation</title>
<para>Sie sollten relevante Begriffe klar definieren, so dass alle Beteiligten</para>
</formalpara>
<itemizedlist>
<listitem>
<simpara>diese Begriffe identisch verstehen, und</simpara>
</listitem>
<listitem>
<simpara>vermeiden, mehrere Begriffe für die gleiche Sache zu haben.</simpara>
</listitem>
</itemizedlist>

<itemizedlist>
<title>Form</title>
<listitem>
<simpara>Zweispaltige Tabelle mit &lt;Begriff&gt; und &lt;Definition&gt;</simpara>
</listitem>
<listitem>
<simpara>Eventuell weitere Spalten mit Übersetzungen, falls notwendig.</simpara>
</listitem>
</itemizedlist>

</sidebar>

<informaltable frame="all"
    rowsep="1" colsep="1">
  
  <tgroup cols="2">
    
    <colspec colname="col_1" colwidth="33*"/>
    
    <colspec colname="col_2" colwidth="66*"/>
    
    
    <thead>
      
      <row>
        
        <entry align="left" valign="top">Begriff</entry>
        
        <entry align="left" valign="top">Definition</entry>
        
      </row>
      
    </thead>
    
    <tbody>
      
      <row>
        
        <entry align="left" valign="top"><simpara><emphasis>&lt;Begriff-1&gt;</emphasis></simpara></entry>
        
        <entry align="left" valign="top"><simpara><emphasis>&lt;Definition-1&gt;</emphasis></simpara></entry>
        
      </row>
      
      <row>
        
        <entry align="left" valign="top"><simpara><emphasis>&lt;Begriff-2</emphasis></simpara></entry>
        
        <entry align="left" valign="top"><simpara><emphasis>&lt;Definition-2&gt;</emphasis></simpara></entry>
        
      </row>
      
    </tbody>
    
  </tgroup>
</informaltable>

</chapter>
</book>