<?xml version="1.0" encoding="UTF-8"?>
<?asciidoc-toc?>
<?asciidoc-numbered?>
<book xmlns="http://docbook.org/ns/docbook" xmlns:xl="http://www.w3.org/1999/xlink" version="5.0" xml:lang="en">
<info>
<title>Modelo <inlinemediaobject>
<imageobject>
<imagedata fileref="images/arc42-logo.png"/>
</imageobject>
<textobject><phrase>arc42</phrase></textobject>
</inlinemediaobject></title>
<date>Setembro de 2024</date>
<revhistory>
<revision>
<revnumber>8.2-PT</revnumber>
<date>Setembro de 2024</date>
<revremark>(based upon AsciiDoc version)</revremark>
</revision>
</revhistory>
</info>
<preface>
<title></title>
<simpara><emphasis role="strong">Sobre o arc42</emphasis></simpara>
<simpara role="lead">arc42, o template para documentação de software e arquitetura de sistemas.</simpara>
<simpara>Versão do template 8.2-PT. (based upon AsciiDoc version), Setembro de 2024</simpara>
<simpara>Criado, mantido e &#169; pelo Dr. Peter Hruschka, Dr. Gernot Starke e colaboradores.
Veja <link xl:href="https://arc42.org">https://arc42.org</link>.</simpara>
<simpara><?asciidoc-hr?></simpara>
<simpara><?asciidoc-pagebreak?></simpara>
</preface>
<chapter xml:id="section-introduction-and-goals">
<title>Introdução e Objetivos</title>
<section xml:id="_visão_geral_dos_requisitos">
<title>Visão Geral dos Requisitos</title>

</section>
<section xml:id="_objetivos_de_qualidade">
<title>Objetivos de Qualidade</title>

</section>
<section xml:id="_partes_interessadas">
<title>Partes Interessadas</title>
<informaltable frame="all" rowsep="1" colsep="1">
<tgroup cols="3">
<colspec colname="col_1" colwidth="20*"/>
<colspec colname="col_2" colwidth="40*"/>
<colspec colname="col_3" colwidth="40*"/>
<thead>
<row>
<entry align="left" valign="top">Função/Nome</entry>
<entry align="left" valign="top">Contato</entry>
<entry align="left" valign="top">Expectativas</entry>
</row>
</thead>
<tbody>
<row>
<entry align="left" valign="top"><simpara><emphasis>&lt;Função-1&gt;</emphasis></simpara></entry>
<entry align="left" valign="top"><simpara><emphasis>&lt;Contato-1&gt;</emphasis></simpara></entry>
<entry align="left" valign="top"><simpara><emphasis>&lt;Expectativa-1&gt;</emphasis></simpara></entry>
</row>
<row>
<entry align="left" valign="top"><simpara><emphasis>&lt;Função-2&gt;</emphasis></simpara></entry>
<entry align="left" valign="top"><simpara><emphasis>&lt;Contato-2&gt;</emphasis></simpara></entry>
<entry align="left" valign="top"><simpara><emphasis>&lt;Expectativa-2&gt;</emphasis></simpara></entry>
</row>
</tbody>
</tgroup>
</informaltable>
<simpara><?asciidoc-pagebreak?></simpara>
</section>
</chapter>
<chapter xml:id="section-architecture-constraints">
<title>Restrições Arquiteturais</title>
<simpara><?asciidoc-pagebreak?></simpara>
</chapter>
<chapter xml:id="section-context-and-scope">
<title>Contexto e Escopo</title>
<section xml:id="_contexto_negocial">
<title>Contexto Negocial</title>
<simpara><emphasis role="strong">&lt;Diagrama ou Tabela&gt;</emphasis></simpara>
<simpara><emphasis role="strong">&lt;opcionalmente: Explicação das interfaces de domínio externo&gt;</emphasis></simpara>
</section>
<section xml:id="_contexto_técnico">
<title>Contexto Técnico</title>
<simpara><emphasis role="strong">&lt;Diagrama ou Tabela&gt;</emphasis></simpara>
<simpara><emphasis role="strong">&lt;opcionalmente: Explicação das interfaces técnicas&gt;</emphasis></simpara>
<simpara><emphasis role="strong">&lt;Mapeamento de entrada/saída para canais&gt;</emphasis></simpara>
<simpara><?asciidoc-pagebreak?></simpara>
</section>
</chapter>
<chapter xml:id="section-solution-strategy">
<title>Estratégia de Solução</title>
<simpara><?asciidoc-pagebreak?></simpara>
</chapter>
<chapter xml:id="section-building-block-view">
<title>Visão de Blocos de Construção</title>
<section xml:id="_visão_sistêmica_geral_de_caixa_branca">
<title>Visão Sistêmica Geral de Caixa Branca</title>
<simpara><emphasis><emphasis role="strong">&lt;Diagrama de Visão Geral&gt;</emphasis></emphasis></simpara>
<variablelist>
<varlistentry>
<term>Motivação</term>
<listitem>
<simpara><emphasis>&lt;explicação textual&gt;</emphasis></simpara>
</listitem>
</varlistentry>
<varlistentry>
<term>Blocos de Construção Contidos</term>
<listitem>
<simpara><emphasis>&lt;Descrição dos blocos de construção contidos (caixas pretas)&gt;</emphasis></simpara>
</listitem>
</varlistentry>
<varlistentry>
<term>Interfaces Importantes</term>
<listitem>
<simpara><emphasis>&lt;Descrição de interfaces importantes&gt;</emphasis></simpara>
</listitem>
</varlistentry>
</variablelist>
<section xml:id="_nome_caixa_preta_1">
<title>&lt;Nome Caixa Preta 1&gt;</title>
<simpara><emphasis>&lt;Propósito/Responsabilidade&gt;</emphasis></simpara>
<simpara><emphasis>&lt;Interface(s)&gt;</emphasis></simpara>
<simpara><emphasis>&lt;(Opcional) Características de Qualidade/Desempenho&gt;</emphasis></simpara>
<simpara><emphasis>&lt;(Opcional) Local do Diretório/Arquivo&gt;</emphasis></simpara>
<simpara><emphasis>&lt;(Opcional) Requisitos Cumpridos&gt;</emphasis></simpara>
<simpara><emphasis>&lt;(opcional) Problemas/Riscos Abertos&gt;</emphasis></simpara>
</section>
<section xml:id="_nome_caixa_preta_2">
<title>&lt;Nome Caixa Preta 2&gt;</title>
<simpara><emphasis>&lt;modelo de caixa preta&gt;</emphasis></simpara>
</section>
<section xml:id="_nome_caixa_preta_n">
<title>&lt;Nome Caixa Preta n&gt;</title>
<simpara><emphasis>&lt;modelo de caixa preta&gt;</emphasis></simpara>
</section>
<section xml:id="_nome_interface_1">
<title>&lt;Nome Interface 1&gt;</title>
<simpara>&#8230;&#8203;</simpara>
</section>
<section xml:id="_nome_interface_m">
<title>&lt;Nome Interface m&gt;</title>

</section>
</section>
<section xml:id="_nível_2">
<title>Nível 2</title>
<section xml:id="_caixa_branca_bloco_de_construção_1">
<title>Caixa Branca <emphasis>&lt;Bloco de Construção 1&gt;</emphasis></title>
<simpara><emphasis>&lt;modelo de caixa branca&gt;</emphasis></simpara>
</section>
<section xml:id="_caixa_branca_bloco_de_construção_2">
<title>Caixa Branca <emphasis>&lt;Bloco de Construção 2&gt;</emphasis></title>
<simpara><emphasis>&lt;modelo de caixa branca&gt;</emphasis></simpara>
<simpara>&#8230;&#8203;</simpara>
</section>
<section xml:id="_caixa_branca_bloco_de_construção_m">
<title>Caixa Branca <emphasis>&lt;Bloco de Construção m&gt;</emphasis></title>
<simpara><emphasis>&lt;modelo de caixa branca&gt;</emphasis></simpara>
</section>
</section>
<section xml:id="_nível_3">
<title>Nível 3</title>
<section xml:id="_caixa_branca_bloco_de_construção_x_1">
<title>Caixa Branca &lt;_Bloco de Construção x.1_&gt;</title>
<simpara><emphasis>&lt;modelo de caixa branca&gt;</emphasis></simpara>
</section>
<section xml:id="_caixa_branca_bloco_de_construção_x_2">
<title>Caixa Branca &lt;_Bloco de Construção x.2_&gt;</title>
<simpara><emphasis>&lt;modelo de caixa branca&gt;</emphasis></simpara>
</section>
<section xml:id="_caixa_branca_bloco_de_construção_y_1">
<title>Caixa Branca &lt;_Bloco de Construção y.1_&gt;</title>
<simpara><emphasis>&lt;modelo de caixa branca&gt;</emphasis></simpara>
<simpara><?asciidoc-pagebreak?></simpara>
</section>
</section>
</chapter>
<chapter xml:id="section-runtime-view">
<title>Visão de Tempo de Execução</title>
<section xml:id="_cenário_de_tempo_de_execução_1">
<title>&lt;Cenário de Tempo de Execução 1&gt;</title>
<itemizedlist>
<listitem>
<simpara><emphasis>&lt;inserir diagrama de tempo de execução ou descrição textual do cenário&gt;</emphasis></simpara>
</listitem>
<listitem>
<simpara><emphasis>&lt;inserir descrição dos aspectos notáveis ​​das interações entre as
instâncias do bloco de construção descritas neste diagrama.&gt;</emphasis></simpara>
</listitem>
</itemizedlist>
</section>
<section xml:id="_cenário_de_tempo_de_execução_2">
<title>&lt;Cenário de Tempo de Execução 2&gt;</title>

</section>
<section xml:id="">
<title>&#8230;&#8203;</title>

</section>
<section xml:id="_cenário_de_tempo_de_execução_n">
<title>&lt;Cenário de Tempo de Execução n&gt;</title>
<simpara><?asciidoc-pagebreak?></simpara>
</section>
</chapter>
<chapter xml:id="section-deployment-view">
<title>Visão de Implantação</title>
<section xml:id="_nível_de_infraestrutura_1">
<title>Nível de Infraestrutura 1</title>
<simpara><emphasis><emphasis role="strong">&lt;Diagrama de Visão Geral&gt;</emphasis></emphasis></simpara>
<variablelist>
<varlistentry>
<term>Motivação</term>
<listitem>
<simpara><emphasis>&lt;explicação em forma de texto&gt;</emphasis></simpara>
</listitem>
</varlistentry>
<varlistentry>
<term>Características de Qualidade e/ou Desempenho</term>
<listitem>
<simpara><emphasis>&lt;explicação em forma de texto&gt;</emphasis></simpara>
</listitem>
</varlistentry>
<varlistentry>
<term>Mapeamento de Blocos de Construção para Infraestrutura</term>
<listitem>
<simpara><emphasis>&lt;descrição do mapeamento&gt;</emphasis></simpara>
</listitem>
</varlistentry>
</variablelist>
</section>
<section xml:id="_nível_de_infraestrutura_2">
<title>Nível de Infraestrutura 2</title>
<section xml:id="_elemento_de_infraestrutura_1">
<title><emphasis>&lt;Elemento de Infraestrutura 1&gt;</emphasis></title>
<simpara><emphasis>&lt;diagrama + explicação&gt;</emphasis></simpara>
</section>
<section xml:id="_elemento_de_infraestrutura_2">
<title><emphasis>&lt;Elemento de Infraestrutura 2&gt;</emphasis></title>
<simpara><emphasis>&lt;diagrama + explicação&gt;</emphasis></simpara>
<simpara>&#8230;&#8203;</simpara>
</section>
<section xml:id="_elemento_de_infraestrutura_n">
<title><emphasis>&lt;Elemento de Infraestrutura n&gt;</emphasis></title>
<simpara><emphasis>&lt;diagrama + explicação&gt;</emphasis></simpara>
<simpara><?asciidoc-pagebreak?></simpara>
</section>
</section>
</chapter>
<chapter xml:id="section-concepts">
<title>Conceitos Transversais</title>
<section xml:id="_conceito_1">
<title><emphasis>&lt;Conceito 1&gt;</emphasis></title>
<simpara><emphasis>&lt;explicação&gt;</emphasis></simpara>
</section>
<section xml:id="_conceito_2">
<title><emphasis>&lt;Conceito 2&gt;</emphasis></title>
<simpara><emphasis>&lt;explicação&gt;</emphasis></simpara>
<simpara>&#8230;&#8203;</simpara>
</section>
<section xml:id="_conceito_n">
<title><emphasis>&lt;Conceito n&gt;</emphasis></title>
<simpara><emphasis>&lt;explicação&gt;</emphasis></simpara>
<simpara><?asciidoc-pagebreak?></simpara>
</section>
</chapter>
<chapter xml:id="section-design-decisions">
<title>Decisões Arquiteturais</title>
<simpara><?asciidoc-pagebreak?></simpara>
</chapter>
<chapter xml:id="section-quality-scenarios">
<title>Requisitos de qualidade</title>
<section xml:id="_árvore_de_qualidade">
<title>Árvore de qualidade</title>

</section>
<section xml:id="_cenários_de_qualidade">
<title>Cenários de Qualidade</title>
<simpara><?asciidoc-pagebreak?></simpara>
</section>
</chapter>
<chapter xml:id="section-technical-risks">
<title>Riscos e Débitos Técnicos</title>
<simpara><?asciidoc-pagebreak?></simpara>
</chapter>
<chapter xml:id="section-glossary">
<title>Glossário</title>
<informaltable frame="all" rowsep="1" colsep="1">
<tgroup cols="2">
<colspec colname="col_1" colwidth="33.3333*"/>
<colspec colname="col_2" colwidth="66.6667*"/>
<thead>
<row>
<entry align="left" valign="top">Termo</entry>
<entry align="left" valign="top">Definição</entry>
</row>
</thead>
<tbody>
<row>
<entry align="left" valign="top"><simpara><emphasis>&lt;Termo-1&gt;</emphasis></simpara></entry>
<entry align="left" valign="top"><simpara><emphasis>&lt;definição-1&gt;</emphasis></simpara></entry>
</row>
<row>
<entry align="left" valign="top"><simpara><emphasis>&lt;Termo-2&gt;</emphasis></simpara></entry>
<entry align="left" valign="top"><simpara><emphasis>&lt;definição-2&gt;</emphasis></simpara></entry>
</row>
</tbody>
</tgroup>
</informaltable>
</chapter>
</book>