<?xml version="1.0" encoding="UTF-8"?>
<!DOCTYPE book PUBLIC "-//OASIS//DTD DocBook XML V4.5//EN" "http://www.oasis-open.org/docbook/xml/4.5/docbookx.dtd">
<?asciidoc-toc?>
<?asciidoc-numbered?>
<book xmlns="http://docbook.org/ns/docbook" lang="en">
<bookinfo>
<title>Modelo <inlinemediaobject>
  <imageobject>
    <imagedata fileref="images/arc42-logo.png"/>
  </imageobject>
  <textobject><phrase>arc42</phrase></textobject>
</inlinemediaobject></title>
<date>Setembro de 2024</date>
<revhistory>
<revision>
<revnumber>8.2 PT</revnumber>
<date>Setembro de 2024</date>

<revremark>(baseado na versão AsciiDoc)</revremark>
</revision>
</revhistory>



</bookinfo>
<preface>
<title></title>
<simpara><emphasis role="strong">Sobre o arc42</emphasis></simpara>
<simpara role="lead">arc42, o template para documentação de software e arquitetura de sistemas.</simpara>
<simpara>Versão do template 8.2 PT. (baseado na versão AsciiDoc), Setembro de 2024</simpara>
<simpara>Criado, mantido e &#169; pelo Dr. Peter Hruschka, Dr. Gernot Starke e colaboradores.
Veja <ulink url="https://arc42.org">https://arc42.org</ulink>.</simpara>
<simpara><?asciidoc-hr?></simpara>

<simpara><?asciidoc-pagebreak?></simpara>

</preface>

<chapter id="section-introduction-and-goals">
<title>Introdução e Objetivos</title>
<section id="_vis_o_geral_dos_requisitos">
<title>Visão Geral dos Requisitos</title>

</section>
<section id="_objetivos_de_qualidade">
<title>Objetivos de Qualidade</title>

</section>
<section id="_partes_interessadas">
<title>Partes Interessadas</title>
<informaltable frame="all"
    rowsep="1" colsep="1">
  
  <tgroup cols="3">
    
    <colspec colname="col_1" colwidth="20*"/>
    
    <colspec colname="col_2" colwidth="40*"/>
    
    <colspec colname="col_3" colwidth="40*"/>
    
    
    <thead>
      
      <row>
        
        <entry align="left" valign="top">Função/Nome</entry>
        
        <entry align="left" valign="top">Contato</entry>
        
        <entry align="left" valign="top">Expectativas</entry>
        
      </row>
      
    </thead>
    
    <tbody>
      
      <row>
        
        <entry align="left" valign="top"><simpara><emphasis>&lt;Função-1&gt;</emphasis></simpara></entry>
        
        <entry align="left" valign="top"><simpara><emphasis>&lt;Contato-1&gt;</emphasis></simpara></entry>
        
        <entry align="left" valign="top"><simpara><emphasis>&lt;Expectativa-1&gt;</emphasis></simpara></entry>
        
      </row>
      
      <row>
        
        <entry align="left" valign="top"><simpara><emphasis>&lt;Função-2&gt;</emphasis></simpara></entry>
        
        <entry align="left" valign="top"><simpara><emphasis>&lt;Contato-2&gt;</emphasis></simpara></entry>
        
        <entry align="left" valign="top"><simpara><emphasis>&lt;Expectativa-2&gt;</emphasis></simpara></entry>
        
      </row>
      
    </tbody>
    
  </tgroup>
</informaltable>

<simpara><?asciidoc-pagebreak?></simpara>

</section>
</chapter>
<chapter id="section-architecture-constraints">
<title>Restrições Arquiteturais</title>
<simpara><?asciidoc-pagebreak?></simpara>

</chapter>
<chapter id="section-context-and-scope">
<title>Contexto e Escopo</title>
<section id="_contexto_negocial">
<title>Contexto Negocial</title>
<simpara><emphasis role="strong">&lt;Diagrama ou Tabela&gt;</emphasis></simpara>
<simpara><emphasis role="strong">&lt;opcionalmente: Explicação das interfaces de domínio externo&gt;</emphasis></simpara>
</section>
<section id="_contexto_t_cnico">
<title>Contexto Técnico</title>
<simpara><emphasis role="strong">&lt;Diagrama ou Tabela&gt;</emphasis></simpara>
<simpara><emphasis role="strong">&lt;opcionalmente: Explicação das interfaces técnicas&gt;</emphasis></simpara>
<simpara><emphasis role="strong">&lt;Mapeamento de entrada/saída para canais&gt;</emphasis></simpara>
<simpara><?asciidoc-pagebreak?></simpara>

</section>
</chapter>
<chapter id="section-solution-strategy">
<title>Estratégia de Solução</title>
<simpara><?asciidoc-pagebreak?></simpara>

</chapter>
<chapter id="section-building-block-view">
<title>Visão de Blocos de Construção</title>
<section id="_vis_o_sist_mica_geral_de_caixa_branca">
<title>Visão Sistêmica Geral de Caixa Branca</title>
<simpara><emphasis><emphasis role="strong">&lt;Diagrama de Visão Geral&gt;</emphasis></emphasis></simpara>
<variablelist>
<varlistentry>
<term>Motivação</term>
<listitem>
<simpara><emphasis>&lt;explicação textual&gt;</emphasis></simpara>
</listitem>
</varlistentry>
<varlistentry>
<term>Blocos de Construção Contidos</term>
<listitem>
<simpara><emphasis>&lt;Descrição dos blocos de construção contidos (caixas pretas)&gt;</emphasis></simpara>
</listitem>
</varlistentry>
<varlistentry>
<term>Interfaces Importantes</term>
<listitem>
<simpara><emphasis>&lt;Descrição de interfaces importantes&gt;</emphasis></simpara>
</listitem>
</varlistentry>
</variablelist>

<section id="__nome_caixa_preta_1">
<title>&lt;Nome Caixa Preta 1&gt;</title>
<simpara><emphasis>&lt;Propósito/Responsabilidade&gt;</emphasis></simpara>
<simpara><emphasis>&lt;Interface(s)&gt;</emphasis></simpara>
<simpara><emphasis>&lt;(Opcional) Características de Qualidade/Desempenho&gt;</emphasis></simpara>
<simpara><emphasis>&lt;(Opcional) Local do Diretório/Arquivo&gt;</emphasis></simpara>
<simpara><emphasis>&lt;(Opcional) Requisitos Cumpridos&gt;</emphasis></simpara>
<simpara><emphasis>&lt;(opcional) Problemas/Riscos Abertos&gt;</emphasis></simpara>
</section>
<section id="__nome_caixa_preta_2">
<title>&lt;Nome Caixa Preta 2&gt;</title>
<simpara><emphasis>&lt;modelo de caixa preta&gt;</emphasis></simpara>
</section>
<section id="__nome_caixa_preta_n">
<title>&lt;Nome Caixa Preta n&gt;</title>
<simpara><emphasis>&lt;modelo de caixa preta&gt;</emphasis></simpara>
</section>
<section id="__nome_interface_1">
<title>&lt;Nome Interface 1&gt;</title>
<simpara>&#8230;</simpara>
</section>
<section id="__nome_interface_m">
<title>&lt;Nome Interface m&gt;</title>

</section>
</section>
<section id="_n_vel_2">
<title>Nível 2</title>
<section id="_caixa_branca_emphasis_bloco_de_constru_o_1_emphasis">
<title>Caixa Branca <emphasis>&lt;Bloco de Construção 1&gt;</emphasis></title>
<simpara><emphasis>&lt;modelo de caixa branca&gt;</emphasis></simpara>
</section>
<section id="_caixa_branca_emphasis_bloco_de_constru_o_2_emphasis">
<title>Caixa Branca <emphasis>&lt;Bloco de Construção 2&gt;</emphasis></title>
<simpara><emphasis>&lt;modelo de caixa branca&gt;</emphasis></simpara>
<simpara>&#8230;</simpara>
</section>
<section id="_caixa_branca_emphasis_bloco_de_constru_o_m_emphasis">
<title>Caixa Branca <emphasis>&lt;Bloco de Construção m&gt;</emphasis></title>
<simpara><emphasis>&lt;modelo de caixa branca&gt;</emphasis></simpara>
</section>
</section>
<section id="_n_vel_3">
<title>Nível 3</title>
<section id="_caixa_branca_bloco_de_constru_o_x_1">
<title>Caixa Branca &lt;_Bloco de Construção x.1_&gt;</title>
<simpara><emphasis>&lt;modelo de caixa branca&gt;</emphasis></simpara>
</section>
<section id="_caixa_branca_bloco_de_constru_o_x_2">
<title>Caixa Branca &lt;_Bloco de Construção x.2_&gt;</title>
<simpara><emphasis>&lt;modelo de caixa branca&gt;</emphasis></simpara>
</section>
<section id="_caixa_branca_bloco_de_constru_o_y_1">
<title>Caixa Branca &lt;_Bloco de Construção y.1_&gt;</title>
<simpara><emphasis>&lt;modelo de caixa branca&gt;</emphasis></simpara>
<simpara><?asciidoc-pagebreak?></simpara>

</section>
</section>
</chapter>
<chapter id="section-runtime-view">
<title>Visão de Tempo de Execução</title>
<section id="__cen_rio_de_tempo_de_execu_o_1">
<title>&lt;Cenário de Tempo de Execução 1&gt;</title>
<itemizedlist>
<listitem>
<simpara><emphasis>&lt;inserir diagrama de tempo de execução ou descrição textual do cenário&gt;</emphasis></simpara>
</listitem>
<listitem>
<simpara><emphasis>&lt;inserir descrição dos aspectos notáveis ​​das interações entre as
instâncias do bloco de construção descritas neste diagrama.&gt;</emphasis></simpara>
</listitem>
</itemizedlist>

</section>
<section id="__cen_rio_de_tempo_de_execu_o_2">
<title>&lt;Cenário de Tempo de Execução 2&gt;</title>

</section>
<section id="_">
<title>&#8230;</title>

</section>
<section id="__cen_rio_de_tempo_de_execu_o_n">
<title>&lt;Cenário de Tempo de Execução n&gt;</title>
<simpara><?asciidoc-pagebreak?></simpara>

</section>
</chapter>
<chapter id="section-deployment-view">
<title>Visão de Implantação</title>
<section id="_n_vel_de_infraestrutura_1">
<title>Nível de Infraestrutura 1</title>
<simpara><emphasis><emphasis role="strong">&lt;Diagrama de Visão Geral&gt;</emphasis></emphasis></simpara>
<variablelist>
<varlistentry>
<term>Motivação</term>
<listitem>
<simpara><emphasis>&lt;explicação em forma de texto&gt;</emphasis></simpara>
</listitem>
</varlistentry>
<varlistentry>
<term>Características de Qualidade e/ou Desempenho</term>
<listitem>
<simpara><emphasis>&lt;explicação em forma de texto&gt;</emphasis></simpara>
</listitem>
</varlistentry>
<varlistentry>
<term>Mapeamento de Blocos de Construção para Infraestrutura</term>
<listitem>
<simpara><emphasis>&lt;descrição do mapeamento&gt;</emphasis></simpara>
</listitem>
</varlistentry>
</variablelist>

</section>
<section id="_n_vel_de_infraestrutura_2">
<title>Nível de Infraestrutura 2</title>
<section id="__emphasis_elemento_de_infraestrutura_1_emphasis">
<title><emphasis>&lt;Elemento de Infraestrutura 1&gt;</emphasis></title>
<simpara><emphasis>&lt;diagrama + explicação&gt;</emphasis></simpara>
</section>
<section id="__emphasis_elemento_de_infraestrutura_2_emphasis">
<title><emphasis>&lt;Elemento de Infraestrutura 2&gt;</emphasis></title>
<simpara><emphasis>&lt;diagrama + explicação&gt;</emphasis></simpara>
<simpara>&#8230;</simpara>
</section>
<section id="__emphasis_elemento_de_infraestrutura_n_emphasis">
<title><emphasis>&lt;Elemento de Infraestrutura n&gt;</emphasis></title>
<simpara><emphasis>&lt;diagrama + explicação&gt;</emphasis></simpara>
<simpara><?asciidoc-pagebreak?></simpara>

</section>
</section>
</chapter>
<chapter id="section-concepts">
<title>Conceitos Transversais</title>
<section id="__emphasis_conceito_1_emphasis">
<title><emphasis>&lt;Conceito 1&gt;</emphasis></title>
<simpara><emphasis>&lt;explicação&gt;</emphasis></simpara>
</section>
<section id="__emphasis_conceito_2_emphasis">
<title><emphasis>&lt;Conceito 2&gt;</emphasis></title>
<simpara><emphasis>&lt;explicação&gt;</emphasis></simpara>
<simpara>&#8230;</simpara>
</section>
<section id="__emphasis_conceito_n_emphasis">
<title><emphasis>&lt;Conceito n&gt;</emphasis></title>
<simpara><emphasis>&lt;explicação&gt;</emphasis></simpara>
<simpara><?asciidoc-pagebreak?></simpara>

</section>
</chapter>
<chapter id="section-design-decisions">
<title>Decisões Arquiteturais</title>
<simpara><?asciidoc-pagebreak?></simpara>

</chapter>
<chapter id="section-quality-scenarios">
<title>Requisitos de qualidade</title>
<section id="__rvore_de_qualidade">
<title>Árvore de qualidade</title>

</section>
<section id="_cen_rios_de_qualidade">
<title>Cenários de Qualidade</title>
<simpara><?asciidoc-pagebreak?></simpara>

</section>
</chapter>
<chapter id="section-technical-risks">
<title>Riscos e Débitos Técnicos</title>
<simpara><?asciidoc-pagebreak?></simpara>

</chapter>
<chapter id="section-glossary">
<title>Glossário</title>
<informaltable frame="all"
    rowsep="1" colsep="1">
  
  <tgroup cols="2">
    
    <colspec colname="col_1" colwidth="33*"/>
    
    <colspec colname="col_2" colwidth="66*"/>
    
    
    <thead>
      
      <row>
        
        <entry align="left" valign="top">Termo</entry>
        
        <entry align="left" valign="top">Definição</entry>
        
      </row>
      
    </thead>
    
    <tbody>
      
      <row>
        
        <entry align="left" valign="top"><simpara><emphasis>&lt;Termo-1&gt;</emphasis></simpara></entry>
        
        <entry align="left" valign="top"><simpara><emphasis>&lt;definição-1&gt;</emphasis></simpara></entry>
        
      </row>
      
      <row>
        
        <entry align="left" valign="top"><simpara><emphasis>&lt;Termo-2&gt;</emphasis></simpara></entry>
        
        <entry align="left" valign="top"><simpara><emphasis>&lt;definição-2&gt;</emphasis></simpara></entry>
        
      </row>
      
    </tbody>
    
  </tgroup>
</informaltable>

</chapter>
</book>