<?xml version="1.0" encoding="UTF-8"?>
<?asciidoc-toc?>
<?asciidoc-numbered?>
<book xmlns="http://docbook.org/ns/docbook" xmlns:xl="http://www.w3.org/1999/xlink" version="5.0" xml:lang="">
<info>
<title><inlinemediaobject>
<imageobject>
<imagedata fileref="images/arc42-logo.png"/>
</imageobject>
<textobject><phrase>arc42</phrase></textobject>
</inlinemediaobject> Template</title>
<date>July 2025</date>
<revhistory>
<revision>
<revnumber>9.0-EN</revnumber>
<date>July 2025</date>
<revremark>(based upon AsciiDoc version)</revremark>
</revision>
</revhistory>
</info>
<preface>
<title></title>
<simpara><emphasis role="strong">About arc42</emphasis></simpara>
<simpara role="lead">arc42, the template for documentation of software and system architecture.</simpara>
<simpara>Template Version 9.0-EN. (based upon AsciiDoc version), July 2025</simpara>
<simpara>Created, maintained and &#169; by Dr. Peter Hruschka, Dr. Gernot Starke and contributors.
See <link xl:href="https://arc42.org">https://arc42.org</link>.</simpara>
<simpara><?asciidoc-hr?></simpara>
<simpara><?asciidoc-pagebreak?></simpara>
</preface>
<chapter xml:id="section-introduction-and-goals">
<title>Introduction and Goals</title>
<section xml:id="_requirements_overview">
<title>Requirements Overview</title>

</section>
<section xml:id="_quality_goals">
<title>Quality Goals</title>

</section>
<section xml:id="_stakeholders">
<title>Stakeholders</title>
<informaltable frame="all" rowsep="1" colsep="1">
<tgroup cols="3">
<colspec colname="col_1" colwidth="20*"/>
<colspec colname="col_2" colwidth="40*"/>
<colspec colname="col_3" colwidth="40*"/>
<thead>
<row>
<entry align="left" valign="top">Role/Name</entry>
<entry align="left" valign="top">Contact</entry>
<entry align="left" valign="top">Expectations</entry>
</row>
</thead>
<tbody>
<row>
<entry align="left" valign="top"><simpara><emphasis>&lt;Role-1&gt;</emphasis></simpara></entry>
<entry align="left" valign="top"><simpara><emphasis>&lt;Contact-1&gt;</emphasis></simpara></entry>
<entry align="left" valign="top"><simpara><emphasis>&lt;Expectation-1&gt;</emphasis></simpara></entry>
</row>
<row>
<entry align="left" valign="top"><simpara><emphasis>&lt;Role-2&gt;</emphasis></simpara></entry>
<entry align="left" valign="top"><simpara><emphasis>&lt;Contact-2&gt;</emphasis></simpara></entry>
<entry align="left" valign="top"><simpara><emphasis>&lt;Expectation-2&gt;</emphasis></simpara></entry>
</row>
</tbody>
</tgroup>
</informaltable>
<simpara><?asciidoc-pagebreak?></simpara>
</section>
</chapter>
<chapter xml:id="section-architecture-constraints">
<title>Architecture Constraints</title>
<simpara><?asciidoc-pagebreak?></simpara>
</chapter>
<chapter xml:id="section-context-and-scope">
<title>Context and Scope</title>
<section xml:id="_business_context">
<title>Business Context</title>
<simpara><emphasis role="strong">&lt;Diagram or Table&gt;</emphasis></simpara>
<simpara><emphasis role="strong">&lt;optionally: Explanation of external domain interfaces&gt;</emphasis></simpara>
</section>
<section xml:id="_technical_context">
<title>Technical Context</title>
<simpara><emphasis role="strong">&lt;Diagram or Table&gt;</emphasis></simpara>
<simpara><emphasis role="strong">&lt;optionally: Explanation of technical interfaces&gt;</emphasis></simpara>
<simpara><emphasis role="strong">&lt;Mapping Input/Output to Channels&gt;</emphasis></simpara>
<simpara><?asciidoc-pagebreak?></simpara>
</section>
</chapter>
<chapter xml:id="section-solution-strategy">
<title>Solution Strategy</title>
<simpara><?asciidoc-pagebreak?></simpara>
</chapter>
<chapter xml:id="section-building-block-view">
<title>Building Block View</title>
<section xml:id="_whitebox_overall_system">
<title>Whitebox Overall System</title>
<simpara><emphasis><emphasis role="strong">&lt;Overview Diagram&gt;</emphasis></emphasis></simpara>
<variablelist>
<varlistentry>
<term>Motivation</term>
<listitem>
<simpara><emphasis>&lt;text explanation&gt;</emphasis></simpara>
</listitem>
</varlistentry>
<varlistentry>
<term>Contained Building Blocks</term>
<listitem>
<simpara><emphasis>&lt;Description of contained building block (black boxes)&gt;</emphasis></simpara>
</listitem>
</varlistentry>
<varlistentry>
<term>Important Interfaces</term>
<listitem>
<simpara><emphasis>&lt;Description of important interfaces&gt;</emphasis></simpara>
</listitem>
</varlistentry>
</variablelist>
<section xml:id="_name_black_box_1">
<title>&lt;Name black box 1&gt;</title>
<simpara><emphasis>&lt;Purpose/Responsibility&gt;</emphasis></simpara>
<simpara><emphasis>&lt;Interface(s)&gt;</emphasis></simpara>
<simpara><emphasis>&lt;(Optional) Quality/Performance Characteristics&gt;</emphasis></simpara>
<simpara><emphasis>&lt;(Optional) Directory/File Location&gt;</emphasis></simpara>
<simpara><emphasis>&lt;(Optional) Fulfilled Requirements&gt;</emphasis></simpara>
<simpara><emphasis>&lt;(optional) Open Issues/Problems/Risks&gt;</emphasis></simpara>
</section>
<section xml:id="_name_black_box_2">
<title>&lt;Name black box 2&gt;</title>
<simpara><emphasis>&lt;black box template&gt;</emphasis></simpara>
</section>
<section xml:id="_name_black_box_n">
<title>&lt;Name black box n&gt;</title>
<simpara><emphasis>&lt;black box template&gt;</emphasis></simpara>
</section>
<section xml:id="_name_interface_1">
<title>&lt;Name interface 1&gt;</title>
<simpara>&#8230;&#8203;</simpara>
</section>
<section xml:id="_name_interface_m">
<title>&lt;Name interface m&gt;</title>

</section>
</section>
<section xml:id="_level_2">
<title>Level 2</title>
<section xml:id="_white_box_building_block_1">
<title>White Box <emphasis>&lt;building block 1&gt;</emphasis></title>
<simpara><emphasis>&lt;white box template&gt;</emphasis></simpara>
</section>
<section xml:id="_white_box_building_block_2">
<title>White Box <emphasis>&lt;building block 2&gt;</emphasis></title>
<simpara><emphasis>&lt;white box template&gt;</emphasis></simpara>
<simpara>&#8230;&#8203;</simpara>
</section>
<section xml:id="_white_box_building_block_m">
<title>White Box <emphasis>&lt;building block m&gt;</emphasis></title>
<simpara><emphasis>&lt;white box template&gt;</emphasis></simpara>
</section>
</section>
<section xml:id="_level_3">
<title>Level 3</title>
<section xml:id="_white_box_building_block_x_1">
<title>White Box &lt;_building block x.1_&gt;</title>
<simpara><emphasis>&lt;white box template&gt;</emphasis></simpara>
</section>
<section xml:id="_white_box_building_block_x_2">
<title>White Box &lt;_building block x.2_&gt;</title>
<simpara><emphasis>&lt;white box template&gt;</emphasis></simpara>
</section>
<section xml:id="_white_box_building_block_y_1">
<title>White Box &lt;_building block y.1_&gt;</title>
<simpara><emphasis>&lt;white box template&gt;</emphasis></simpara>
<simpara><?asciidoc-pagebreak?></simpara>
</section>
</section>
</chapter>
<chapter xml:id="section-runtime-view">
<title>Runtime View</title>
<section xml:id="_runtime_scenario_1">
<title>&lt;Runtime Scenario 1&gt;</title>
<itemizedlist>
<listitem>
<simpara><emphasis>&lt;insert runtime diagram or textual description of the scenario&gt;</emphasis></simpara>
</listitem>
<listitem>
<simpara><emphasis>&lt;insert description of the notable aspects of the interactions between the
building block instances depicted in this diagram.&gt;</emphasis></simpara>
</listitem>
</itemizedlist>
</section>
<section xml:id="_runtime_scenario_2">
<title>&lt;Runtime Scenario 2&gt;</title>

</section>
<section xml:id="">
<title>&#8230;&#8203;</title>

</section>
<section xml:id="_runtime_scenario_n">
<title>&lt;Runtime Scenario n&gt;</title>
<simpara><?asciidoc-pagebreak?></simpara>
</section>
</chapter>
<chapter xml:id="section-deployment-view">
<title>Deployment View</title>
<section xml:id="_infrastructure_level_1">
<title>Infrastructure Level 1</title>
<simpara><emphasis><emphasis role="strong">&lt;Overview Diagram&gt;</emphasis></emphasis></simpara>
<variablelist>
<varlistentry>
<term>Motivation</term>
<listitem>
<simpara><emphasis>&lt;explanation in text form&gt;</emphasis></simpara>
</listitem>
</varlistentry>
<varlistentry>
<term>Quality and/or Performance Features</term>
<listitem>
<simpara><emphasis>&lt;explanation in text form&gt;</emphasis></simpara>
</listitem>
</varlistentry>
<varlistentry>
<term>Mapping of Building Blocks to Infrastructure</term>
<listitem>
<simpara><emphasis>&lt;description of the mapping&gt;</emphasis></simpara>
</listitem>
</varlistentry>
</variablelist>
</section>
<section xml:id="_infrastructure_level_2">
<title>Infrastructure Level 2</title>
<section xml:id="_infrastructure_element_1">
<title><emphasis>&lt;Infrastructure Element 1&gt;</emphasis></title>
<simpara><emphasis>&lt;diagram + explanation&gt;</emphasis></simpara>
</section>
<section xml:id="_infrastructure_element_2">
<title><emphasis>&lt;Infrastructure Element 2&gt;</emphasis></title>
<simpara><emphasis>&lt;diagram + explanation&gt;</emphasis></simpara>
<simpara>&#8230;&#8203;</simpara>
</section>
<section xml:id="_infrastructure_element_n">
<title><emphasis>&lt;Infrastructure Element n&gt;</emphasis></title>
<simpara><emphasis>&lt;diagram + explanation&gt;</emphasis></simpara>
<simpara><?asciidoc-pagebreak?></simpara>
</section>
</section>
</chapter>
<chapter xml:id="section-concepts">
<title>Cross-cutting Concepts</title>
<section xml:id="_concept_1">
<title><emphasis>&lt;Concept 1&gt;</emphasis></title>
<simpara><emphasis>&lt;explanation&gt;</emphasis></simpara>
</section>
<section xml:id="_concept_2">
<title><emphasis>&lt;Concept 2&gt;</emphasis></title>
<simpara><emphasis>&lt;explanation&gt;</emphasis></simpara>
<simpara>&#8230;&#8203;</simpara>
</section>
<section xml:id="_concept_n">
<title><emphasis>&lt;Concept n&gt;</emphasis></title>
<simpara><emphasis>&lt;explanation&gt;</emphasis></simpara>
<simpara><?asciidoc-pagebreak?></simpara>
</section>
</chapter>
<chapter xml:id="section-design-decisions">
<title>Architecture Decisions</title>
<simpara><?asciidoc-pagebreak?></simpara>
</chapter>
<chapter xml:id="section-quality-scenarios">
<title>Quality Requirements</title>
<section xml:id="_quality_requirements_overview">
<title>Quality Requirements Overview</title>

</section>
<section xml:id="_quality_scenarios">
<title>Quality Scenarios</title>
<simpara><?asciidoc-pagebreak?></simpara>
</section>
</chapter>
<chapter xml:id="section-technical-risks">
<title>Risks and Technical Debts</title>
<simpara><?asciidoc-pagebreak?></simpara>
</chapter>
<chapter xml:id="section-glossary">
<title>Glossary</title>
<informaltable frame="all" rowsep="1" colsep="1">
<tgroup cols="2">
<colspec colname="col_1" colwidth="33.3333*"/>
<colspec colname="col_2" colwidth="66.6667*"/>
<thead>
<row>
<entry align="left" valign="top">Term</entry>
<entry align="left" valign="top">Definition</entry>
</row>
</thead>
<tbody>
<row>
<entry align="left" valign="top"><simpara><emphasis>&lt;Term-1&gt;</emphasis></simpara></entry>
<entry align="left" valign="top"><simpara><emphasis>&lt;definition-1&gt;</emphasis></simpara></entry>
</row>
<row>
<entry align="left" valign="top"><simpara><emphasis>&lt;Term-2&gt;</emphasis></simpara></entry>
<entry align="left" valign="top"><simpara><emphasis>&lt;definition-2&gt;</emphasis></simpara></entry>
</row>
</tbody>
</tgroup>
</informaltable>
</chapter>
</book>