<?xml version="1.0" encoding="UTF-8"?>
<!DOCTYPE book PUBLIC "-//OASIS//DTD DocBook XML V4.5//EN" "http://www.oasis-open.org/docbook/xml/4.5/docbookx.dtd">
<?asciidoc-toc?>
<?asciidoc-numbered?>
<book xmlns="http://docbook.org/ns/docbook" lang="en">
<bookinfo>
<title><inlinemediaobject>
  <imageobject>
    <imagedata fileref="images/arc42-logo.png"/>
  </imageobject>
  <textobject><phrase>arc42</phrase></textobject>
</inlinemediaobject> Template</title>
<date>2017-01-09</date>



</bookinfo>
<preface>
<title></title>
<simpara><emphasis role="strong">About arc42</emphasis></simpara>
<simpara role="lead">arc42, the Template for documentation of
software and system architecture.</simpara>
<simpara>By Dr. Gernot Starke, Dr. Peter Hruschka and contributors.</simpara>
<simpara>Template Revision: 7.0 EN (based on asciidoc), January 2017</simpara>
<simpara>&#169;
We acknowledge that this document uses material from the
arc 42 architecture template, <ulink url="http://www.arc42.de">http://www.arc42.de</ulink>.
Created by Dr. Peter Hruschka &amp; Dr. Gernot Starke.</simpara>
<simpara><?asciidoc-hr?></simpara>

<note>
<simpara>This version of the template contains some help and explanations.
It is used for familiarization with arc42 and the understanding of the concepts.
For documentation of your own system you use better the <emphasis>plain</emphasis> version.</simpara>
</note>

<simpara><?asciidoc-pagebreak?></simpara>

</preface>

<chapter id="section-introduction-and-goals">
<title>Introduction and Goals</title>
<section id="_requirements_overview">
<title>Requirements Overview</title>

</section>
<section id="_quality_goals">
<title>Quality Goals</title>

</section>
<section id="_stakeholders">
<title>Stakeholders</title>
<informaltable frame="all"
    rowsep="1" colsep="1">
  
  <tgroup cols="3">
    
    <colspec colname="col_1" colwidth="20*"/>
    
    <colspec colname="col_2" colwidth="40*"/>
    
    <colspec colname="col_3" colwidth="40*"/>
    
    
    <thead>
      
      <row>
        
        <entry align="left" valign="top">Role/Name</entry>
        
        <entry align="left" valign="top">Contact</entry>
        
        <entry align="left" valign="top">Expectations</entry>
        
      </row>
      
    </thead>
    
    <tbody>
      
      <row>
        
        <entry align="left" valign="top"><simpara><emphasis>&lt;Role-1&gt;</emphasis></simpara></entry>
        
        <entry align="left" valign="top"><simpara><emphasis>&lt;Contact-1&gt;</emphasis></simpara></entry>
        
        <entry align="left" valign="top"><simpara><emphasis>&lt;Expectation-1&gt;</emphasis></simpara></entry>
        
      </row>
      
      <row>
        
        <entry align="left" valign="top"><simpara><emphasis>&lt;Role-2&gt;</emphasis></simpara></entry>
        
        <entry align="left" valign="top"><simpara><emphasis>&lt;Contact-2&gt;</emphasis></simpara></entry>
        
        <entry align="left" valign="top"><simpara><emphasis>&lt;Expectation-2&gt;</emphasis></simpara></entry>
        
      </row>
      
    </tbody>
    
  </tgroup>
</informaltable>

<simpara><?asciidoc-pagebreak?></simpara>

</section>
</chapter>
<chapter id="section-architecture-constraints">
<title>Architecture Constraints</title>
<simpara><?asciidoc-pagebreak?></simpara>

</chapter>
<chapter id="section-system-scope-and-context">
<title>System Scope and Context</title>
<section id="_business_context">
<title>Business Context</title>
<simpara><emphasis role="strong">&lt;Diagram or Table&gt;</emphasis></simpara>
<simpara><emphasis role="strong">&lt;optionally: Explanation of external domain interfaces&gt;</emphasis></simpara>
</section>
<section id="_technical_context">
<title>Technical Context</title>
<simpara><emphasis role="strong">&lt;Diagram or Table&gt;</emphasis></simpara>
<simpara><emphasis role="strong">&lt;optionally: Explanation of technical interfaces&gt;</emphasis></simpara>
<simpara><emphasis role="strong">&lt;Mapping Input/Output to Channels&gt;</emphasis></simpara>
<simpara><?asciidoc-pagebreak?></simpara>

</section>
</chapter>
<chapter id="section-solution-strategy">
<title>Solution Strategy</title>
<simpara><?asciidoc-pagebreak?></simpara>

</chapter>
<chapter id="section-building-block-view">
<title>Building Block View</title>
<section id="_whitebox_overall_system">
<title>Whitebox Overall System</title>
<simpara><emphasis><emphasis role="strong">&lt;Overview Diagram&gt;</emphasis></emphasis></simpara>
<variablelist>
<varlistentry>
<term>Motivation</term>
<listitem>
<simpara><emphasis>&lt;text explanation&gt;</emphasis></simpara>
</listitem>
</varlistentry>
<varlistentry>
<term>Contained Building Blocks</term>
<listitem>
<simpara><emphasis>&lt;Description of contained building block (black boxes)&gt;</emphasis></simpara>
</listitem>
</varlistentry>
<varlistentry>
<term>Important Interfaces</term>
<listitem>
<simpara><emphasis>&lt;Description of important interfaces&gt;</emphasis></simpara>
</listitem>
</varlistentry>
</variablelist>

<section id="__name_black_box_1">
<title>&lt;Name black box 1&gt;</title>
<simpara><emphasis>&lt;Purpose/Responsibility&gt;</emphasis></simpara>
<simpara><emphasis>&lt;Interface(s)&gt;</emphasis></simpara>
<simpara><emphasis>&lt;(Optional) Quality/Performance Characteristics&gt;</emphasis></simpara>
<simpara><emphasis>&lt;(Optional) Directory/File Location&gt;</emphasis></simpara>
<simpara><emphasis>&lt;(Optional) Fulfilled Requirements&gt;</emphasis></simpara>
<simpara><emphasis>&lt;(optional) Open Issues/Problems/Risks&gt;</emphasis></simpara>
</section>
<section id="__name_black_box_2">
<title>&lt;Name black box 2&gt;</title>
<simpara><emphasis>&lt;black box template&gt;</emphasis></simpara>
</section>
<section id="__name_black_box_n">
<title>&lt;Name black box n&gt;</title>
<simpara><emphasis>&lt;black box template&gt;</emphasis></simpara>
</section>
<section id="__name_interface_1">
<title>&lt;Name interface 1&gt;</title>
<simpara>&#8230;</simpara>
</section>
<section id="__name_interface_m">
<title>&lt;Name interface m&gt;</title>

</section>
</section>
<section id="_level_2">
<title>Level 2</title>
<section id="_white_box_emphasis_building_block_1_emphasis">
<title>White Box <emphasis>&lt;building block 1&gt;</emphasis></title>
<simpara><emphasis>&lt;white box template&gt;</emphasis></simpara>
</section>
<section id="_white_box_emphasis_building_block_2_emphasis">
<title>White Box <emphasis>&lt;building block 2&gt;</emphasis></title>
<simpara><emphasis>&lt;white box template&gt;</emphasis></simpara>
<simpara>&#8230;</simpara>
</section>
<section id="_white_box_emphasis_building_block_m_emphasis">
<title>White Box <emphasis>&lt;building block m&gt;</emphasis></title>
<simpara><emphasis>&lt;white box template&gt;</emphasis></simpara>
</section>
</section>
<section id="_level_3">
<title>Level 3</title>
<section id="_white_box_building_block_x_1">
<title>White Box &lt;_building block x.1_&gt;</title>
<simpara><emphasis>&lt;white box template&gt;</emphasis></simpara>
</section>
<section id="_white_box_building_block_x_2">
<title>White Box &lt;_building block x.2_&gt;</title>
<simpara><emphasis>&lt;white box template&gt;</emphasis></simpara>
</section>
<section id="_white_box_building_block_y_1">
<title>White Box &lt;_building block y.1_&gt;</title>
<simpara><emphasis>&lt;white box template&gt;</emphasis></simpara>
<simpara><?asciidoc-pagebreak?></simpara>

</section>
</section>
</chapter>
<chapter id="section-runtime-view">
<title>Runtime View</title>
<section id="__runtime_scenario_1">
<title>&lt;Runtime Scenario 1&gt;</title>
<itemizedlist>
<listitem>
<simpara><emphasis>&lt;insert runtime diagram or textual description of the scenario&gt;</emphasis></simpara>
</listitem>
<listitem>
<simpara><emphasis>&lt;insert description of the notable aspects of the interactions between the
building block instances depicted in this diagram.&gt;</emphasis></simpara>
</listitem>
</itemizedlist>

</section>
<section id="__runtime_scenario_2">
<title>&lt;Runtime Scenario 2&gt;</title>

</section>
<section id="_">
<title>&#8230;</title>

</section>
<section id="__runtime_scenario_n">
<title>&lt;Runtime Scenario n&gt;</title>
<simpara><?asciidoc-pagebreak?></simpara>

</section>
</chapter>
<chapter id="section-deployment-view">
<title>Deployment View</title>
<section id="_infrastructure_level_1">
<title>Infrastructure Level 1</title>
<simpara><emphasis><emphasis role="strong">&lt;Overview Diagram&gt;</emphasis></emphasis></simpara>
<variablelist>
<varlistentry>
<term>Motivation</term>
<listitem>
<simpara><emphasis>&lt;explanation in text form&gt;</emphasis></simpara>
</listitem>
</varlistentry>
<varlistentry>
<term>Quality and/or Performance Features</term>
<listitem>
<simpara><emphasis>&lt;explanation in text form&gt;</emphasis></simpara>
</listitem>
</varlistentry>
<varlistentry>
<term>Mapping of Building Blocks to Infrastructure</term>
<listitem>
<simpara><emphasis>&lt;description of the mapping&gt;</emphasis></simpara>
</listitem>
</varlistentry>
</variablelist>

</section>
<section id="_infrastructure_level_2">
<title>Infrastructure Level 2</title>
<section id="__emphasis_infrastructure_element_1_emphasis">
<title><emphasis>&lt;Infrastructure Element 1&gt;</emphasis></title>
<simpara><emphasis>&lt;diagram + explanation&gt;</emphasis></simpara>
</section>
<section id="__emphasis_infrastructure_element_2_emphasis">
<title><emphasis>&lt;Infrastructure Element 2&gt;</emphasis></title>
<simpara><emphasis>&lt;diagram + explanation&gt;</emphasis></simpara>
<simpara>&#8230;</simpara>
</section>
<section id="__emphasis_infrastructure_element_n_emphasis">
<title><emphasis>&lt;Infrastructure Element n&gt;</emphasis></title>
<simpara><emphasis>&lt;diagramm + explanation&gt;</emphasis></simpara>
<simpara><?asciidoc-pagebreak?></simpara>

</section>
</section>
</chapter>
<chapter id="section-concepts">
<title>Cross-cutting Concepts</title>
<section id="__emphasis_concept_1_emphasis">
<title><emphasis>&lt;Concept 1&gt;</emphasis></title>
<simpara><emphasis>&lt;explanation&gt;</emphasis></simpara>
</section>
<section id="__emphasis_concept_2_emphasis">
<title><emphasis>&lt;Concept 2&gt;</emphasis></title>
<simpara><emphasis>&lt;explanation&gt;</emphasis></simpara>
<simpara>&#8230;</simpara>
</section>
<section id="__emphasis_concept_n_emphasis">
<title><emphasis>&lt;Concept n&gt;</emphasis></title>
<simpara><emphasis>&lt;explanation&gt;</emphasis></simpara>
<simpara><?asciidoc-pagebreak?></simpara>

</section>
</chapter>
<chapter id="section-design-decisions">
<title>Design Decisions</title>
<simpara><?asciidoc-pagebreak?></simpara>

</chapter>
<chapter id="section-quality-scenarios">
<title>Quality Requirements</title>
<section id="_quality_tree">
<title>Quality Tree</title>

</section>
<section id="_quality_scenarios">
<title>Quality Scenarios</title>
<simpara><?asciidoc-pagebreak?></simpara>

</section>
</chapter>
<chapter id="section-technical-risks">
<title>Risks and Technical Debts</title>
<simpara><?asciidoc-pagebreak?></simpara>

</chapter>
<chapter id="section-glossary">
<title>Glossary</title>
<informaltable frame="all"
    rowsep="1" colsep="1">
  
  <tgroup cols="2">
    
    <colspec colname="col_1" colwidth="50*"/>
    
    <colspec colname="col_2" colwidth="50*"/>
    
    
    <thead>
      
      <row>
        
        <entry align="left" valign="top">Term</entry>
        
        <entry align="left" valign="top">Definition</entry>
        
      </row>
      
    </thead>
    
    <tbody>
      
      <row>
        
        <entry align="left" valign="top"><simpara>&lt;Term-1&gt;</simpara></entry>
        
        <entry align="left" valign="top"><simpara>&lt;definition-1&gt;</simpara></entry>
        
      </row>
      
      <row>
        
        <entry align="left" valign="top"><simpara>&lt;Term-2&gt;</simpara></entry>
        
        <entry align="left" valign="top"><simpara>&lt;definition-2&gt;</simpara></entry>
        
      </row>
      
    </tbody>
    
  </tgroup>
</informaltable>

</chapter>
</book>