<?xml version="1.0" encoding="UTF-8"?>
<!DOCTYPE book PUBLIC "-//OASIS//DTD DocBook XML V4.5//EN" "http://www.oasis-open.org/docbook/xml/4.5/docbookx.dtd">
<?asciidoc-toc?>
<?asciidoc-numbered?>
<book xmlns="http://docbook.org/ns/docbook" lang="en">
<bookinfo>
<title><inlinemediaobject>
  <imageobject>
    <imagedata fileref="images/arc42-logo.png"/>
  </imageobject>
  <textobject><phrase>arc42</phrase></textobject>
</inlinemediaobject> Template</title>
<date>2017-01-09</date>



</bookinfo>
<preface>
<title></title>
<simpara><emphasis role="strong">About arc42</emphasis></simpara>
<simpara role="lead">arc42, the Template for documentation of
software and system architecture.</simpara>
<simpara>By Dr. Gernot Starke, Dr. Peter Hruschka and contributors.</simpara>
<simpara>Template Revision: 7.0 EN (based on asciidoc), January 2017</simpara>
<simpara>&#169;
We acknowledge that this document uses material from the
arc 42 architecture template, <ulink url="http://www.arc42.de">http://www.arc42.de</ulink>.
Created by Dr. Peter Hruschka &amp; Dr. Gernot Starke.</simpara>
<simpara><?asciidoc-hr?></simpara>

<note>
<simpara>This version of the template contains some help and explanations.
It is used for familiarization with arc42 and the understanding of the concepts.
For documentation of your own system you use better the <emphasis>plain</emphasis> version.</simpara>
</note>

<simpara><?asciidoc-pagebreak?></simpara>

</preface>

<chapter id="section-introduction-and-goals">
<title>Introduction and Goals</title>
<section id="_requirements_overview">
<title>Requirements Overview</title>

</section>
<section id="_quality_goals">
<title>Quality Goals</title>

</section>
<section id="_stakeholders">
<title>Stakeholders</title>
<informaltable frame="all"
    rowsep="1" colsep="1">
  
  <tgroup cols="3">
    
    <colspec colname="col_1" colwidth="20*"/>
    
    <colspec colname="col_2" colwidth="40*"/>
    
    <colspec colname="col_3" colwidth="40*"/>
    
    
    <thead>
      
      <row>
        
        <entry align="left" valign="top">Role/Name</entry>
        
        <entry align="left" valign="top">Contact</entry>
        
        <entry align="left" valign="top">Expectations</entry>
        
      </row>
      
    </thead>
    
    <tbody>
      
      <row>
        
        <entry align="left" valign="top"></entry>
        
        <entry align="left" valign="top"></entry>
        
        <entry align="left" valign="top"></entry>
        
      </row>
      
    </tbody>
    
  </tgroup>
</informaltable>

<simpara><?asciidoc-pagebreak?></simpara>

</section>
</chapter>
<chapter id="section-architecture-constraints">
<title>Architecture Constraints</title>
<sidebar role="arc42help">
<formalpara>
<title>Contents</title>
<para>Any requirement that constrains software architects in their freedom of design and implementation decisions or decision about the development process. These constraints sometimes go beyond individual systems and are valid for whole organizations and companies.</para>
</formalpara>
<formalpara>
<title>Motivation</title>
<para>Architects should know exactly where they are free in their design decisions and where they must adhere to constraints.
Constraints must always be dealt with; they may be negotiable, though.</para>
</formalpara>
<formalpara>
<title>Form</title>
<para>Simple tables of constraints with explanations.
If needed you can subdivide them into
technical constraints, organizational and political constraints and
conventions (e.g. programming or versioning guidelines, documentation or naming conventions)</para>
</formalpara>
<simpara><?asciidoc-pagebreak?></simpara>

<simpara id="section-system-scope-and-context">== System Scope and Context</simpara>
<simpara>=== Business Context</simpara>
<simpara><emphasis role="strong">&lt;Diagram or Table&gt;</emphasis></simpara>
<simpara><emphasis role="strong">&lt;optionally: Explanation of external domain interfaces&gt;</emphasis></simpara>
<simpara>=== Technical Context</simpara>
<simpara><emphasis role="strong">&lt;Diagram or Table&gt;</emphasis></simpara>
<simpara><emphasis role="strong">&lt;optionally: Explanation of technical interfaces&gt;</emphasis></simpara>
<simpara><emphasis role="strong">&lt;Mapping Input/Output to Channels&gt;</emphasis></simpara>
<simpara><?asciidoc-pagebreak?></simpara>

<simpara id="section-solution-strategy">== Solution Strategy</simpara>
<simpara><?asciidoc-pagebreak?></simpara>

<simpara>== Building Block View</simpara>
<simpara>=== Whitebox Overall System</simpara>
<simpara><emphasis><emphasis role="strong">&lt;Overview Diagram&gt;</emphasis></emphasis></simpara>
<variablelist>
<varlistentry>
<term>Motivation</term>
<listitem>
<simpara><emphasis>&lt;text explanation&gt;</emphasis></simpara>
</listitem>
</varlistentry>
<varlistentry>
<term>Contained Building Blocks</term>
<listitem>
<simpara><emphasis>&lt;Description of contained building block (black boxes)&gt;</emphasis></simpara>
</listitem>
</varlistentry>
<varlistentry>
<term>Important Interfaces</term>
<listitem>
<simpara><emphasis>&lt;Description of important interfaces&gt;</emphasis></simpara>
</listitem>
</varlistentry>
</variablelist>

<simpara>==== &lt;Name black box 1&gt;</simpara>
<simpara><emphasis>&lt;Purpose/Responsibility&gt;</emphasis></simpara>
<simpara><emphasis>&lt;Interface(s)&gt;</emphasis></simpara>
<simpara><emphasis>&lt;(Optional) Quality/Performance Characteristics&gt;</emphasis></simpara>
<simpara><emphasis>&lt;(Optional) Directory/File Location&gt;</emphasis></simpara>
<simpara><emphasis>&lt;(Optional) Fulfilled Requirements&gt;</emphasis></simpara>
<simpara><emphasis>&lt;(optional) Open Issues/Problems/Risks&gt;</emphasis></simpara>
<simpara>==== &lt;Name black box 2&gt;</simpara>
<simpara><emphasis>&lt;black box template&gt;</emphasis></simpara>
<simpara>==== &lt;Name black box n&gt;</simpara>
<simpara><emphasis>&lt;black box template&gt;</emphasis></simpara>
<simpara>==== &lt;Name interface 1&gt;</simpara>
<simpara>&#8230;</simpara>
<simpara>==== &lt;Name interface m&gt;</simpara>
<simpara>=== Level 2</simpara>
<simpara>==== White Box <emphasis>&lt;building block 1&gt;</emphasis></simpara>
<simpara><emphasis>&lt;white box template&gt;</emphasis></simpara>
<simpara>==== White Box <emphasis>&lt;building block 2&gt;</emphasis></simpara>
<simpara><emphasis>&lt;white box template&gt;</emphasis></simpara>
<simpara>&#8230;</simpara>
<simpara>==== White Box <emphasis>&lt;building block m&gt;</emphasis></simpara>
<simpara><emphasis>&lt;white box template&gt;</emphasis></simpara>
<simpara>=== Level 3</simpara>
<simpara>==== White Box &lt;_building block x.1_&gt;</simpara>
<simpara><emphasis>&lt;white box template&gt;</emphasis></simpara>
<simpara>==== White Box &lt;_building block x.2_&gt;</simpara>
<simpara><emphasis>&lt;white box template&gt;</emphasis></simpara>
<simpara>==== White Box &lt;_building block y.1_&gt;</simpara>
<simpara><emphasis>&lt;white box template&gt;</emphasis></simpara>
<simpara><?asciidoc-pagebreak?></simpara>

<simpara id="section-runtime-view">== Runtime View</simpara>
<simpara>=== &lt;Runtime Scenario 1&gt;</simpara>
<itemizedlist>
<listitem>
<simpara><emphasis>&lt;insert runtime diagram or textual description of the scenario&gt;</emphasis></simpara>
</listitem>
<listitem>
<simpara><emphasis>&lt;insert description of the notable aspects of the interactions between the
building block instances depicted in this diagram.&gt;</emphasis></simpara>
</listitem>
</itemizedlist>

<simpara>=== &lt;Runtime Scenario 2&gt;</simpara>
<simpara>=== &#8230;</simpara>
<simpara>=== &lt;Runtime Scenario n&gt;</simpara>
<simpara><?asciidoc-pagebreak?></simpara>

<simpara>== Deployment View</simpara>
<simpara>=== Infrastructure Level 1</simpara>
<simpara><emphasis><emphasis role="strong">&lt;Overview Diagram&gt;</emphasis></emphasis></simpara>
<variablelist>
<varlistentry>
<term>Motivation</term>
<listitem>
<simpara><emphasis>&lt;explanation in text form&gt;</emphasis></simpara>
</listitem>
</varlistentry>
<varlistentry>
<term>Quality and/or Performance Features</term>
<listitem>
<simpara><emphasis>&lt;explanation in text form&gt;</emphasis></simpara>
</listitem>
</varlistentry>
<varlistentry>
<term>Mapping of Building Blocks to Infrastructure</term>
<listitem>
<simpara><emphasis>&lt;description of the mapping&gt;</emphasis></simpara>
</listitem>
</varlistentry>
</variablelist>

<simpara>=== Infrastructure Level 2</simpara>
<simpara>==== <emphasis>&lt;Infrastructure Element 1&gt;</emphasis></simpara>
<simpara><emphasis>&lt;diagram + explanation&gt;</emphasis></simpara>
<simpara>==== <emphasis>&lt;Infrastructure Element 2&gt;</emphasis></simpara>
<simpara><emphasis>&lt;diagram + explanation&gt;</emphasis></simpara>
<simpara>&#8230;</simpara>
<simpara>==== <emphasis>&lt;Infrastructure Element n&gt;</emphasis></simpara>
<simpara><emphasis>&lt;diagramm + explanation&gt;</emphasis></simpara>
<simpara><?asciidoc-pagebreak?></simpara>

<simpara id="section-concepts">== Cross-cutting Concepts</simpara>
<simpara>=== <emphasis>&lt;Concept 1&gt;</emphasis></simpara>
<simpara><emphasis>&lt;explanation&gt;</emphasis></simpara>
<simpara>=== <emphasis>&lt;Concept 2&gt;</emphasis></simpara>
<simpara><emphasis>&lt;explanation&gt;</emphasis></simpara>
<simpara>&#8230;</simpara>
<simpara>=== <emphasis>&lt;Concept n&gt;</emphasis></simpara>
<simpara><emphasis>&lt;explanation&gt;</emphasis></simpara>
<simpara><?asciidoc-pagebreak?></simpara>

<simpara id="section-design-decisions">== Design Decisions</simpara>
<simpara><?asciidoc-pagebreak?></simpara>

<simpara id="section-quality-scenarios">== Quality Requirements</simpara>
<simpara>=== Quality Tree</simpara>
<simpara>=== Quality Scenarios</simpara>
<simpara><?asciidoc-pagebreak?></simpara>

<simpara id="section-technical-risks">== Risks and Technical Debts</simpara>
<simpara><?asciidoc-pagebreak?></simpara>

<simpara id="section-glossary">== Glossary</simpara>
<informaltable frame="all"
    rowsep="1" colsep="1">
  
  <tgroup cols="3">
    
    <colspec colname="col_1" colwidth="33*"/>
    
    <colspec colname="col_2" colwidth="33*"/>
    
    <colspec colname="col_3" colwidth="33*"/>
    
    
    <thead>
      
      <row>
        
        <entry align="left" valign="top">Term</entry>
        
        <entry align="left" valign="top">Definition</entry>
        
        <entry align="left" valign="top"></entry>
        
      </row>
      
    </thead>
    
    <tbody>
      
      <row>
        
        <entry align="left" valign="top"><simpara>&lt;Term-1&gt;</simpara></entry>
        
        <entry align="left" valign="top"><simpara>&lt;definition-1&gt;</simpara></entry>
        
        <entry align="left" valign="top"></entry>
        
      </row>
      
      <row>
        
        <entry align="left" valign="top"><simpara>&lt;Term-2&gt;</simpara></entry>
        
        <entry align="left" valign="top"><simpara>&lt;definition-2&gt;</simpara></entry>
        
        <entry align="left" valign="top"></entry>
        
      </row>
      
    </tbody>
    
  </tgroup>
</informaltable>

</sidebar>

</chapter>
</book>