<?xml version="1.0" encoding="UTF-8"?>
<?asciidoc-toc?>
<?asciidoc-numbered?>
<book xmlns="http://docbook.org/ns/docbook" xmlns:xl="http://www.w3.org/1999/xlink" version="5.0" xml:lang="en">
<info>
<title><inlinemediaobject>
<imageobject>
<imagedata fileref="images/arc42-logo.png"/>
</imageobject>
<textobject><phrase>arc42</phrase></textobject>
</inlinemediaobject> Шаблон</title>
<date>Січень 2023</date>
<revhistory>
<revision>
<revnumber>8.2-UKR</revnumber>
<date>Січень 2023</date>
<revremark>(based upon AsciiDoc version)</revremark>
</revision>
</revhistory>
</info>
<preface>
<title></title>
<simpara><emphasis role="strong">Про arc42</emphasis></simpara>
<simpara role="lead">arc42, шаблон для документації програмного забезпечення та архітектури системи.</simpara>
<simpara>Версія шаблону 8.2-UKR. (based upon AsciiDoc version), Січень 2023</simpara>
<simpara>Створено, підтримується та &#169; доктором Пітером Хрушкою, доктором Гернотом Старке та співавторами.
Див. <link xl:href="https://arc42.org">https://arc42.org</link>.</simpara>
<simpara><?asciidoc-hr?></simpara>
<simpara><?asciidoc-pagebreak?></simpara>
</preface>
<chapter xml:id="section-introduction-and-goals">
<title>Вступ і цілі</title>
<section xml:id="_огляд_вимог">
<title>Огляд вимог</title>

</section>
<section xml:id="_цілі_якості">
<title>Цілі якості</title>

</section>
<section xml:id="_зацікавлені_сторони">
<title>Зацікавлені сторони</title>
<informaltable frame="all" rowsep="1" colsep="1">
<tgroup cols="3">
<colspec colname="col_1" colwidth="20*"/>
<colspec colname="col_2" colwidth="40*"/>
<colspec colname="col_3" colwidth="40*"/>
<thead>
<row>
<entry align="left" valign="top">Роль/Ім’я</entry>
<entry align="left" valign="top">Контакт</entry>
<entry align="left" valign="top">Очікування</entry>
</row>
</thead>
<tbody>
<row>
<entry align="left" valign="top"><simpara><emphasis>&lt;Роль-1&gt;</emphasis></simpara></entry>
<entry align="left" valign="top"><simpara><emphasis>&lt;Контакт-1&gt;</emphasis></simpara></entry>
<entry align="left" valign="top"><simpara><emphasis>&lt;Очікування-1&gt;</emphasis></simpara></entry>
</row>
<row>
<entry align="left" valign="top"><simpara><emphasis>&lt;Роль-2&gt;</emphasis></simpara></entry>
<entry align="left" valign="top"><simpara><emphasis>&lt;Контакт-2&gt;</emphasis></simpara></entry>
<entry align="left" valign="top"><simpara><emphasis>&lt;Очікування-2&gt;</emphasis></simpara></entry>
</row>
</tbody>
</tgroup>
</informaltable>
<simpara><?asciidoc-pagebreak?></simpara>
</section>
</chapter>
<chapter xml:id="section-architecture-constraints">
<title>Архітектурні обмеження</title>
<simpara><?asciidoc-pagebreak?></simpara>
</chapter>
<chapter xml:id="section-context-and-scope">
<title>Область дії системи та її контекст</title>
<section xml:id="_бізнес_контекст">
<title>Бізнес контекст</title>
<simpara><emphasis role="strong">&lt;Діаграма або таблиця&gt;</emphasis></simpara>
<simpara><emphasis role="strong">&lt;опціонально: Пояснення інтерфейсів зовнішнього домену&gt;</emphasis></simpara>
</section>
<section xml:id="_технічний_контекст">
<title>Технічний контекст</title>
<simpara><emphasis role="strong">&lt;Діаграма або таблиця&gt;</emphasis></simpara>
<simpara><emphasis role="strong">&lt;опціонально: Пояснення технічних інтерфейсів&gt;</emphasis></simpara>
<simpara><emphasis role="strong">&lt;Зіставлення вхідних/вихідних даних з каналами&gt;</emphasis></simpara>
<simpara><?asciidoc-pagebreak?></simpara>
</section>
</chapter>
<chapter xml:id="section-solution-strategy">
<title>Стратегія рішення</title>
<simpara><?asciidoc-pagebreak?></simpara>
</chapter>
<chapter xml:id="section-building-block-view">
<title>Представлення будівельного блоку</title>
<section xml:id="_загальна_система_whitebox">
<title>Загальна система Whitebox</title>
<simpara><emphasis><emphasis role="strong">&lt;Оглядова діаграма&gt;</emphasis></emphasis></simpara>
<variablelist>
<varlistentry>
<term>Мотивація</term>
<listitem>
<simpara><emphasis>&lt;текстове пояснення&gt;</emphasis></simpara>
</listitem>
</varlistentry>
<varlistentry>
<term>Містить будівельні блоки</term>
<listitem>
<simpara><emphasis>&lt;Опис вбудованого будівельного блоку (black boxes)&gt;</emphasis></simpara>
</listitem>
</varlistentry>
<varlistentry>
<term>Важливі інтерфейси</term>
<listitem>
<simpara><emphasis>&lt;Опис важливих інтерфейсів&gt;</emphasis></simpara>
</listitem>
</varlistentry>
</variablelist>
<section xml:id="_назва_black_box_1">
<title>&lt;Назва black box 1&gt;</title>
<simpara><emphasis>&lt;Мета/Відповідальність&gt;</emphasis></simpara>
<simpara><emphasis>&lt;Інтерфейс(и)&gt;</emphasis></simpara>
<simpara><emphasis>&lt;(Опціонально) Характеристики якості/продуктивності&gt;</emphasis></simpara>
<simpara><emphasis>&lt;(Опціонально) Каталог/розташування файлу&gt;</emphasis></simpara>
<simpara><emphasis>&lt;(Опціонально) Виконані вимоги&gt;</emphasis></simpara>
<simpara><emphasis>&lt;(Опціонально) Відкриті проблеми/проблеми/ризики&gt;</emphasis></simpara>
</section>
<section xml:id="_назва_black_box_2">
<title>&lt;Назва black box 2&gt;</title>
<simpara><emphasis>&lt;шаблон black box&gt;</emphasis></simpara>
</section>
<section xml:id="_назва_black_box_n">
<title>&lt;Назва black box n&gt;</title>
<simpara><emphasis>&lt;шаблон black box&gt;</emphasis></simpara>
</section>
<section xml:id="_назва_інтерфейс_1">
<title>&lt;Назва інтерфейс 1&gt;</title>
<simpara>&#8230;&#8203;</simpara>
</section>
<section xml:id="_назва_інтерфейс_m">
<title>&lt;Назва інтерфейс m&gt;</title>

</section>
</section>
<section xml:id="_рівень_2">
<title>Рівень 2</title>
<section xml:id="_white_box_будівельний_блок_1">
<title>White Box <emphasis>&lt;будівельний блок 1&gt;</emphasis></title>
<simpara><emphasis>&lt;шаблон white box&gt;</emphasis></simpara>
</section>
<section xml:id="_white_box_будівельний_блок_2">
<title>White Box <emphasis>&lt;будівельний блок 2&gt;</emphasis></title>
<simpara><emphasis>&lt;white box шаблон&gt;</emphasis></simpara>
<simpara>&#8230;&#8203;</simpara>
</section>
<section xml:id="_white_box_будівельний_блок_m">
<title>White Box <emphasis>&lt;будівельний блок m&gt;</emphasis></title>
<simpara><emphasis>&lt;white box шаблон&gt;</emphasis></simpara>
</section>
</section>
<section xml:id="_рівень_3">
<title>Рівень 3</title>
<section xml:id="_white_box_будівельний_блок_x_1">
<title>White Box &lt;_будівельний блок x.1_&gt;</title>
<simpara><emphasis>&lt;Шаблон white box&gt;</emphasis></simpara>
</section>
<section xml:id="_white_box_будівельний_блок_x_2">
<title>White Box &lt;_будівельний блок x.2_&gt;</title>
<simpara><emphasis>&lt;Шаблон white box&gt;</emphasis></simpara>
</section>
<section xml:id="_white_box_будівельний_блок_y_1">
<title>White Box &lt;_будівельний блок y.1_&gt;</title>
<simpara><emphasis>&lt;Шаблон white box&gt;</emphasis></simpara>
<simpara><?asciidoc-pagebreak?></simpara>
</section>
</section>
</chapter>
<chapter xml:id="section-runtime-view">
<title>Рантайм представлення</title>
<section xml:id="_сценарій_часу_виконання_1">
<title>&lt;Сценарій часу виконання 1&gt;</title>
<itemizedlist>
<listitem>
<simpara><emphasis>&lt;вставте діаграму виконання або текстовий опис сценарію&gt;</emphasis></simpara>
</listitem>
<listitem>
<simpara><emphasis>&lt;вставте опис помітних аспектів взаємодії між
екземплярами будівельних блоків, зображеними на цій діаграмі.&gt;</emphasis></simpara>
</listitem>
</itemizedlist>
</section>
<section xml:id="_сценарій_часу_виконання_2">
<title>&lt;Сценарій часу виконання 2&gt;</title>

</section>
<section xml:id="">
<title>&#8230;&#8203;</title>

</section>
<section xml:id="_сценарій_часу_виконання_n">
<title>&lt;Сценарій часу виконання n&gt;</title>
<simpara><?asciidoc-pagebreak?></simpara>
</section>
</chapter>
<chapter xml:id="section-deployment-view">
<title>Представлення розгортання</title>
<section xml:id="_інфраструктура_рівень_1">
<title>Інфраструктура Рівень 1</title>
<simpara><emphasis><emphasis role="strong">&lt;Оглядова діаграма&gt;</emphasis></emphasis></simpara>
<variablelist>
<varlistentry>
<term>Мотивація</term>
<listitem>
<simpara><emphasis>&lt;пояснення в текстовій формі&gt;</emphasis></simpara>
</listitem>
</varlistentry>
<varlistentry>
<term>Характеристики якості та/або ефективності</term>
<listitem>
<simpara><emphasis>&lt;пояснення в текстовій формі&gt;</emphasis></simpara>
</listitem>
</varlistentry>
<varlistentry>
<term>Відображення будівельних блоків в інфраструктурі</term>
<listitem>
<simpara><emphasis>&lt;опис відображення&gt;</emphasis></simpara>
</listitem>
</varlistentry>
</variablelist>
</section>
<section xml:id="_інфраструктура_рівень_2">
<title>Інфраструктура Рівень 2</title>
<section xml:id="_інфраструктурний_елемент_1">
<title><emphasis>&lt;Інфраструктурний Елемент 1&gt;</emphasis></title>
<simpara><emphasis>&lt;діаграма + пояснення&gt;</emphasis></simpara>
</section>
<section xml:id="_інфраструктурний_елемент_2">
<title><emphasis>&lt;Інфраструктурний Елемент 2&gt;</emphasis></title>
<simpara><emphasis>&lt;діаграма + пояснення&gt;</emphasis></simpara>
<simpara>&#8230;&#8203;</simpara>
</section>
<section xml:id="_інфраструктурний_елемент_n">
<title><emphasis>&lt;Інфраструктурний Елемент n&gt;</emphasis></title>
<simpara><emphasis>&lt;діаграма + пояснення&gt;</emphasis></simpara>
<simpara><?asciidoc-pagebreak?></simpara>
</section>
</section>
</chapter>
<chapter xml:id="розділ-поняття">
<title>Наскрізні концепції</title>
<section xml:id="_концепція_1">
<title><emphasis>&lt;Концепція 1&gt;</emphasis></title>
<simpara><emphasis>&lt;пояснення&gt;</emphasis></simpara>
</section>
<section xml:id="_концепція_2">
<title><emphasis>&lt;Концепція 2&gt;</emphasis></title>
<simpara><emphasis>&lt;пояснення&gt;</emphasis></simpara>
<simpara>&#8230;&#8203;</simpara>
</section>
<section xml:id="_поняття_n">
<title><emphasis>&lt;Поняття n&gt;</emphasis></title>
<simpara><emphasis>&lt;пояснення&gt;</emphasis></simpara>
<simpara><?asciidoc-pagebreak?></simpara>
</section>
</chapter>
<chapter xml:id="розділ-проектні-рішення">
<title>Архітектурні рішення</title>
<simpara><?asciidoc-pagebreak?></simpara>
</chapter>
<chapter xml:id="розділ-якість-сценарії">
<title>Вимоги до якості</title>
<section xml:id="_дерево_якості">
<title>Дерево якості</title>

</section>
<section xml:id="_сценарії_якості">
<title>Сценарії якості</title>
<simpara><?asciidoc-pagebreak?></simpara>
</section>
</chapter>
<chapter xml:id="розділ-технічні-ризики">
<title>Ризики та технічні борги</title>
<simpara><?asciidoc-pagebreak?></simpara>
</chapter>
<chapter xml:id="розділ-глосарій">
<title>Глосарій</title>
<informaltable frame="all" rowsep="1" colsep="1">
<tgroup cols="2">
<colspec colname="col_1" colwidth="33.3333*"/>
<colspec colname="col_2" colwidth="66.6667*"/>
<thead>
<row>
<entry align="left" valign="top">Термін</entry>
<entry align="left" valign="top">Визначення</entry>
</row>
</thead>
<tbody>
<row>
<entry align="left" valign="top"><simpara><emphasis>&lt;Термін-1&gt;</emphasis></simpara></entry>
<entry align="left" valign="top"><simpara><emphasis>&lt;Визначення-1&gt;</emphasis></simpara></entry>
</row>
<row>
<entry align="left" valign="top"><simpara><emphasis>&lt;Термін-2&gt;</emphasis></simpara></entry>
<entry align="left" valign="top"><simpara><emphasis>&lt;Визначення-2&gt;</emphasis></simpara></entry>
</row>
</tbody>
</tgroup>
</informaltable>
</chapter>
</book>