<?xml version="1.0" encoding="UTF-8"?>
<?asciidoc-toc?>
<?asciidoc-numbered?>
<book xmlns="http://docbook.org/ns/docbook" xmlns:xl="http://www.w3.org/1999/xlink" version="5.0" xml:lang="en">
<info>
<title><inlinemediaobject>
<imageobject>
<imagedata fileref="images/arc42-logo.png"/>
</imageobject>
<textobject><phrase>arc42</phrase></textobject>
</inlinemediaobject> Template</title>
<date>March 2023</date>
<author>
<personname>
<firstname>Dr.</firstname>
<othername>Peter</othername>
<surname>Hruschka, Dr. Gernot Starke en bijdragers</surname>
</personname>
</author>
<authorinitials>DPH</authorinitials>
<revhistory>
<revision>
<revnumber>8.2-NL</revnumber>
<date>March 2023</date>
<authorinitials>DPH</authorinitials>
<revremark>De NL versie is gebaseerd op EN asciidoc template </revremark>
</revision>
</revhistory>
</info>
<preface>
<title></title>
<simpara><emphasis role="strong">Over arc42</emphasis></simpara>
<simpara role="lead">arc42, de Template voor documentatie van software en systeem architectuur.</simpara>
<simpara>Gecreeerd en onderhouden door Dr. Peter Hruschka, Dr. Gernot Starke en bijdragers.</simpara>
<simpara>Template Versie: 8.2-NL. De NL versie is gebaseerd op EN asciidoc template , March 2023</simpara>
<simpara>&#169;
We erkennen dat dit document materiaal gebruikt van de arc 42 architectuur template, <link xl:href="https://arc42.org">https://arc42.org</link>.</simpara>
<simpara><?asciidoc-hr?></simpara>
<simpara><?asciidoc-pagebreak?></simpara>
</preface>
<chapter xml:id="section-introduction-and-goals">
<title>Introductie en Doelen</title>
<section xml:id="_requirements_overzicht">
<title>Requirements Overzicht</title>

</section>
<section xml:id="_kwaliteits_doelen">
<title>Kwaliteits Doelen</title>

</section>
<section xml:id="_belanghebbenden">
<title>Belanghebbenden</title>
<informaltable frame="all" rowsep="1" colsep="1">
<tgroup cols="3">
<colspec colname="col_1" colwidth="20*"/>
<colspec colname="col_2" colwidth="40*"/>
<colspec colname="col_3" colwidth="40*"/>
<thead>
<row>
<entry align="left" valign="top">Rol/Naam</entry>
<entry align="left" valign="top">Contact persoon</entry>
<entry align="left" valign="top">Verwachtingen</entry>
</row>
</thead>
<tbody>
<row>
<entry align="left" valign="top"><simpara><emphasis>&lt;Rol-1&gt;</emphasis></simpara></entry>
<entry align="left" valign="top"><simpara><emphasis>&lt;Contact-1&gt;</emphasis></simpara></entry>
<entry align="left" valign="top"><simpara><emphasis>&lt;Verwachting-1&gt;</emphasis></simpara></entry>
</row>
<row>
<entry align="left" valign="top"><simpara><emphasis>&lt;Rol-2&gt;</emphasis></simpara></entry>
<entry align="left" valign="top"><simpara><emphasis>&lt;Contact-2&gt;</emphasis></simpara></entry>
<entry align="left" valign="top"><simpara><emphasis>&lt;Verwachting-2&gt;</emphasis></simpara></entry>
</row>
</tbody>
</tgroup>
</informaltable>
<simpara><?asciidoc-pagebreak?></simpara>
</section>
</chapter>
<chapter xml:id="section-architecture-constraints">
<title>Architectuur Beperkingen</title>
<simpara><?asciidoc-pagebreak?></simpara>
</chapter>
<chapter xml:id="section-context-and-scope">
<title>Context en Systeem Scope</title>
<section xml:id="_business_context">
<title>Business Context</title>
<simpara><emphasis role="strong">&lt;Diagram of Tabel&gt;</emphasis></simpara>
<simpara><emphasis role="strong">&lt;optioneel: Uitleg van de externe domein interfaces&gt;</emphasis></simpara>
</section>
<section xml:id="_technische_context">
<title>Technische Context</title>
<simpara><emphasis role="strong">&lt;Diagram of Tabel&gt;</emphasis></simpara>
<simpara><emphasis role="strong">&lt;optioneel: Uitleg van technische interfaces&gt;</emphasis></simpara>
<simpara><emphasis role="strong">&lt;Mapping Input/Output naar kanalen&gt;</emphasis></simpara>
<simpara><?asciidoc-pagebreak?></simpara>
</section>
</chapter>
<chapter xml:id="section-solution-strategy">
<title>Oplossing Strategie</title>
<simpara><?asciidoc-pagebreak?></simpara>
</chapter>
<chapter xml:id="section-building-block-view">
<title>Bouwstenen View</title>
<section xml:id="_gehele_whitebox_systeem">
<title>Gehele whitebox Systeem</title>
<simpara><emphasis><emphasis role="strong">&lt;Overzichts Diagram&gt;</emphasis></emphasis></simpara>
<variablelist>
<varlistentry>
<term>Motivatie</term>
<listitem>
<simpara><emphasis>&lt;tekstuele uitleg&gt;</emphasis></simpara>
</listitem>
</varlistentry>
<varlistentry>
<term>Ingesloten bouwstenen</term>
<listitem>
<simpara><emphasis>&lt;Beschrijving van ingesloten bouwstenen ('black boxes')&gt;</emphasis></simpara>
</listitem>
</varlistentry>
<varlistentry>
<term>Belangrijke Interfaces</term>
<listitem>
<simpara><emphasis>&lt;Beschrijving van belangrijke interfaces&gt;</emphasis></simpara>
</listitem>
</varlistentry>
</variablelist>
<section xml:id="_naam_black_box_1">
<title>&lt;Naam black box 1&gt;</title>
<simpara><emphasis>&lt;Doel/Verantwoordelijkheid&gt;</emphasis></simpara>
<simpara><emphasis>&lt;Interface(s)&gt;</emphasis></simpara>
<simpara><emphasis>&lt;((Optioneel) Kwaliteits-/Prestatie karakteristieken&gt;</emphasis></simpara>
<simpara><emphasis>&lt;(Optioneel) directories/bestand locaties&gt;</emphasis></simpara>
<simpara><emphasis>&lt;(Optioneel) Vervulde requirements&gt;</emphasis></simpara>
<simpara><emphasis>&lt;(Optioneel) Open issues/problemen/risico&#8217;s&gt;</emphasis></simpara>
</section>
</section>
<section xml:id="_naam_black_box_2">
<title>&lt;Naam black box 2&gt;</title>
<simpara><emphasis>&lt;black box template&gt;</emphasis></simpara>
<section xml:id="_naam_black_box_n">
<title>&lt;Naam black box n&gt;</title>
<simpara><emphasis>&lt;black box template&gt;</emphasis></simpara>
</section>
<section xml:id="_naam_interface_1">
<title>&lt;Naam interface 1&gt;</title>
<simpara>&#8230;&#8203;</simpara>
</section>
<section xml:id="_naam_interface_m">
<title>&lt;Naam interface m&gt;</title>

</section>
</section>
<section xml:id="_niveau_2">
<title>Niveau 2</title>
<section xml:id="_white_box_bouwsteen_1">
<title>White Box <emphasis>&lt;bouwsteen 1&gt;</emphasis></title>
<simpara><emphasis>&lt;white box template&gt;</emphasis></simpara>
</section>
<section xml:id="_white_box_bouwsteen_2">
<title>White Box <emphasis>&lt;bouwsteen 2&gt;</emphasis></title>
<simpara><emphasis>&lt;white box template&gt;</emphasis></simpara>
<simpara>&#8230;&#8203;</simpara>
</section>
<section xml:id="_white_box_bouwsteen_m">
<title>White Box <emphasis>&lt;bouwsteen m&gt;</emphasis></title>
<simpara><emphasis>&lt;white box template&gt;</emphasis></simpara>
</section>
</section>
<section xml:id="_niveau_3">
<title>Niveau 3</title>
<section xml:id="_white_box_bouwsteen_x_1">
<title>White Box <emphasis>&lt;bouwsteen x.1&gt;</emphasis></title>
<simpara><emphasis>&lt;white box template&gt;</emphasis></simpara>
</section>
<section xml:id="_white_box_bouwsteen_x_2">
<title>White Box <emphasis>&lt;bouwsteen x.2&gt;</emphasis></title>
<simpara><emphasis>&lt;white box template&gt;</emphasis></simpara>
</section>
<section xml:id="_white_box_bouwsteen_y_1">
<title>White Box <emphasis>&lt;bouwsteen y.1&gt;</emphasis></title>
<simpara><emphasis>&lt;white box template&gt;</emphasis></simpara>
<simpara><?asciidoc-pagebreak?></simpara>
</section>
</section>
</chapter>
<chapter xml:id="section-runtime-view">
<title>Runtime View</title>
<section xml:id="_runtime_scenario_1">
<title>&lt;Runtime Scenario 1&gt;</title>
<itemizedlist>
<listitem>
<simpara><emphasis>&lt;voeg een runtime diagram of een tekstuele beschrijving van het scenario toe&gt;</emphasis></simpara>
</listitem>
<listitem>
<simpara><emphasis>&lt;voeg een beschrijving toe van bijzondere aspecten van de interactie tussen de instanties van de bouwstenen die in dit diagram worden weergegeven&gt;</emphasis></simpara>
</listitem>
</itemizedlist>
</section>
<section xml:id="_runtime_scenario_2">
<title>&lt;Runtime Scenario 2&gt;</title>

</section>
<section xml:id="">
<title>&#8230;&#8203;</title>

</section>
<section xml:id="_runtime_scenario_n">
<title>&lt;Runtime Scenario n&gt;</title>
<simpara><?asciidoc-pagebreak?></simpara>
</section>
</chapter>
<chapter xml:id="section-deployment-view">
<title>Deployment View</title>
<section xml:id="_infrastructuur_niveau_1">
<title>Infrastructuur Niveau 1</title>
<simpara><emphasis><emphasis role="strong">&lt;Overzichts Diagram&gt;</emphasis></emphasis></simpara>
<variablelist>
<varlistentry>
<term>Motivatie</term>
<listitem>
<simpara><emphasis>&lt;uitleg in tekstuele vorm&gt;</emphasis></simpara>
</listitem>
</varlistentry>
<varlistentry>
<term>Kwaliteit en/of Performance Eigenschappen</term>
<listitem>
<simpara><emphasis>&lt;uitleg in tekstuele vorm&gt;</emphasis></simpara>
</listitem>
</varlistentry>
<varlistentry>
<term>Mapping van Bouwstenen naar Infrastructuur</term>
<listitem>
<simpara><emphasis>&lt;beschrijving van de mapping&gt;</emphasis></simpara>
</listitem>
</varlistentry>
</variablelist>
</section>
<section xml:id="_infrastructuur_niveau_2">
<title>Infrastructuur Niveau 2</title>
<section xml:id="_infrastructuur_element_1">
<title><emphasis>&lt;Infrastructuur Element 1&gt;</emphasis></title>
<simpara><emphasis>&lt;diagram + uitleg&gt;</emphasis></simpara>
</section>
<section xml:id="_infrastructuur_element_2">
<title><emphasis>&lt;Infrastructuur Element 2&gt;</emphasis></title>
<simpara><emphasis>&lt;diagram + uitleg&gt;</emphasis></simpara>
<simpara>&#8230;&#8203;</simpara>
</section>
<section xml:id="_infrastructuur_element_n">
<title><emphasis>&lt;Infrastructuur Element n&gt;</emphasis></title>
<simpara><emphasis>&lt;diagram + uitleg&gt;</emphasis></simpara>
<simpara><?asciidoc-pagebreak?></simpara>
</section>
</section>
</chapter>
<chapter xml:id="section-concepts">
<title>Cross-cutting Concepten</title>
<section xml:id="_concept_1">
<title><emphasis>&lt;Concept 1&gt;</emphasis></title>
<simpara><emphasis>&lt;uitleg&gt;</emphasis></simpara>
</section>
<section xml:id="_concept_2">
<title><emphasis>&lt;Concept 2&gt;</emphasis></title>
<simpara><emphasis>&lt;uitleg&gt;</emphasis></simpara>
<simpara>&#8230;&#8203;</simpara>
</section>
<section xml:id="_concept_n">
<title><emphasis>&lt;Concept n&gt;</emphasis></title>
<simpara><emphasis>&lt;uitleg&gt;</emphasis></simpara>
<simpara><?asciidoc-pagebreak?></simpara>
</section>
</chapter>
<chapter xml:id="section-design-decisions">
<title>Architectuur Beslissingen</title>
<simpara><?asciidoc-pagebreak?></simpara>
</chapter>
<chapter xml:id="section-quality-scenarios">
<title>Kwaliteits Requirements</title>
<section xml:id="_kwaliteits_boom">
<title>Kwaliteits Boom</title>

</section>
<section xml:id="_kwaliteits_scenarios">
<title>Kwaliteits Scenarios</title>
<simpara><?asciidoc-pagebreak?></simpara>
</section>
</chapter>
<chapter xml:id="section-technical-risks">
<title>Risico&#8217;s en Technical Debt</title>
<simpara><?asciidoc-pagebreak?></simpara>
</chapter>
<chapter xml:id="section-glossary">
<title>Woordenlijst</title>
<informaltable frame="all" rowsep="1" colsep="1">
<tgroup cols="2">
<colspec colname="col_1" colwidth="33.3333*"/>
<colspec colname="col_2" colwidth="66.6667*"/>
<thead>
<row>
<entry align="left" valign="top">Term</entry>
<entry align="left" valign="top">Definitie</entry>
</row>
</thead>
<tbody>
<row>
<entry align="left" valign="top"><simpara><emphasis>&lt;Term-1&gt;</emphasis></simpara></entry>
<entry align="left" valign="top"><simpara><emphasis>&lt;definitie-1&gt;</emphasis></simpara></entry>
</row>
<row>
<entry align="left" valign="top"><simpara><emphasis>&lt;Term-2&gt;</emphasis></simpara></entry>
<entry align="left" valign="top"><simpara><emphasis>&lt;definitie-2&gt;</emphasis></simpara></entry>
</row>
</tbody>
</tgroup>
</informaltable>
</chapter>
</book>