<?xml version="1.0" encoding="UTF-8"?>
<?asciidoc-toc?>
<?asciidoc-numbered?>
<book xmlns="http://docbook.org/ns/docbook" xmlns:xl="http://www.w3.org/1999/xlink" version="5.0" xml:lang="en">
<info>
<title><inlinemediaobject>
<imageobject>
<imagedata fileref="images/arc42-logo.png"/>
</imageobject>
<textobject><phrase>arc42</phrase></textobject>
</inlinemediaobject> Template</title>
<date>Leden 2025</date>
<revhistory>
<revision>
<revnumber>9.0-CZ</revnumber>
<date>Leden 2025</date>
<revremark>(na základě AsciiDoc verze)</revremark>
</revision>
</revhistory>
</info>
<preface>
<title></title>
<simpara><emphasis role="strong">O arc42</emphasis></simpara>
<simpara role="lead">arc42, šablona pro dokumentaci softwaru a architekturu systému.</simpara>
<simpara>Verze šablony 9.0-CZ. (na základě AsciiDoc verze), Leden 2025</simpara>
<simpara>Created, maintained and &#169; by Dr. Peter Hruschka, Dr. Gernot Starke and contributors.
Viz <link xl:href="https://arc42.org">https://arc42.org</link>.</simpara>
<simpara><?asciidoc-hr?></simpara>
<sidebar role="arc42help">
<informalexample>
<simpara>Tato verze arc42 šablony obsahuje nápovědu a vysvětlivky a slouží proto k seznámení s arc42 a pochopení pojmů.
Pro dokumentaci vašeho vlastního systému použijte raději <emphasis>plain</emphasis> verzi.</simpara>
</informalexample>
</sidebar>
<simpara><?asciidoc-pagebreak?></simpara>
</preface>
<chapter xml:id="section-introduction-and-goals">
<title>Úvod a cíle</title>
<sidebar role="arc42help">
<simpara>Shrnuje klíčové požadavky a omezení, se kterými musí softwaroví architekti i vývojový tým počítat.
Patří sem zejména:</simpara>
<itemizedlist>
<listitem>
<simpara>hlavní obchodní cíle,</simpara>
</listitem>
<listitem>
<simpara>základní vlastnosti systému,</simpara>
</listitem>
<listitem>
<simpara>funkční požadavky,</simpara>
</listitem>
<listitem>
<simpara>kvalitativní cíle architektury,</simpara>
</listitem>
<listitem>
<simpara>zainteresované strany systému (stakeholder) a jejich potřeby.</simpara>
</listitem>
</itemizedlist>
</sidebar>
<section xml:id="_přehled_požadavků">
<title>Přehled požadavků</title>
<sidebar role="arc42help">
<formalpara>
<title>Obsah</title>
<para>Stručný popis (shrnutí či abstrakt) funkčních i kvalitativních požadavků.
Odkaz na (doufejme existující) dokumentaci požadavků (s číslem verze a informacemi, kde ji najít).</para>
</formalpara>
<formalpara>
<title>Motivace</title>
<para>Z hlediska koncových uživatelů je cílem vývoje nebo změny systému zlepšení jeho funkcí k plnění obchodních cílů a/nebo zlepšení jeho kvality.</para>
</formalpara>
<formalpara>
<title>Forma</title>
<para>Stručný popis, pravděpodobně ve formátu tabulkového přehledu funkcí (use-case).
Pokud existují dokumenty požadavků, měl by na ně tento přehled odkazovat.</para>
</formalpara>
<simpara>Udržujte tento popis co nejkratší (z hlediska čitelnosti), ale tak aby nebyly zbytečně opakovány informace z dokumentace požadavků.</simpara>
<formalpara>
<title>Další informace</title>
<para>Anglická dokumentace arc42: <link xl:href="https://docs.arc42.org/section-1/">Introduction and Goals</link>.</para>
</formalpara>
</sidebar>
</section>
<section xml:id="_kvalitativní_cíle">
<title>Kvalitativní cíle</title>
<sidebar role="arc42help">
<formalpara>
<title>Obsah</title>
<para>Tři (maximálně pět) nejdůležitějších kvalitativních cílů pro architekturu, jejichž splnění je pro hlavní zainteresované strany nejdůležitější. Jedná se skutečně o kvalitativní cíle pro architekturu.
Nepleťte si je s cíli projektu, ty nemusí být nutně totožné.</para>
</formalpara>
<simpara>Norma ISO 25010 poskytuje přehled jednotlivých oblastí:</simpara>
<informalfigure>
<mediaobject>
<imageobject>
<imagedata fileref="images/01_2_iso-25010-topics-EN-2023.drawio.png"/>
</imageobject>
<textobject><phrase>Kategorie kvalitativních cílů</phrase></textobject>
</mediaobject>
</informalfigure>
<formalpara>
<title>Motivace</title>
<para>Je vhodné znát kvalitativní cíle klíčových zainteresovaných stran systému, protože ty ovlivní zásadní architektonická rozhodnutí.
Ujistěte se, že jsou tyto požadavky na systém jednoznačné či měřitelné, vyvarujte se vágních formulací.</para>
</formalpara>
<formalpara>
<title>Forma</title>
<para>Tabulka s nejdůležitějšími kvalitativními cíli a praktickými scénáři, seřazená podle priorit.</para>
</formalpara>
</sidebar>
</section>
<section xml:id="_strany_zainteresované_na_systému_stakeholder">
<title>Strany zainteresované na systému (stakeholder)</title>
<sidebar role="arc42help">
<formalpara>
<title>Obsah</title>
<para>Jasný přehled všech stran zainteresovaných na systému, tedy všech osob, rolí nebo organizací, které</para>
</formalpara>
<itemizedlist>
<listitem>
<simpara>by měli architekturu znát,</simpara>
</listitem>
<listitem>
<simpara>by měli s architekturou souhlasit,</simpara>
</listitem>
<listitem>
<simpara>budou s architekturou nebo s kódem pracovat,</simpara>
</listitem>
<listitem>
<simpara>ke své práci potřebují dokumentaci architektury,</simpara>
</listitem>
<listitem>
<simpara>rozhodují o vývoji a designu systému.</simpara>
</listitem>
</itemizedlist>
<formalpara>
<title>Motivace</title>
<para>Je vhodné znát všechny strany zapojené do vývoje systému (nebo systémem ovlivněné). Jinak se může stát, že se později v procesu vývoje objeví nepříjemná překvapení.
Zainteresované strany ovlivňují rozsah a úroveň detailu vaší práce a jejích výsledků.</para>
</formalpara>
<formalpara>
<title>Forma</title>
<para>Tabulka s názvy rolí, jmény osob a jejich očekáváním na architekturu a její dokumentaci.</para>
</formalpara>
</sidebar>
<informaltable frame="all" rowsep="1" colsep="1">
<tgroup cols="3">
<colspec colname="col_1" colwidth="20*"/>
<colspec colname="col_2" colwidth="40*"/>
<colspec colname="col_3" colwidth="40*"/>
<thead>
<row>
<entry align="left" valign="top">Role/Jméno</entry>
<entry align="left" valign="top">Kontakt</entry>
<entry align="left" valign="top">Očekávání</entry>
</row>
</thead>
<tbody>
<row>
<entry align="left" valign="top"><simpara><emphasis>&lt;Role-1&gt;</emphasis></simpara></entry>
<entry align="left" valign="top"><simpara><emphasis>&lt;Kontakt-1&gt;</emphasis></simpara></entry>
<entry align="left" valign="top"><simpara><emphasis>&lt;Očekávání-1&gt;</emphasis></simpara></entry>
</row>
<row>
<entry align="left" valign="top"><simpara><emphasis>&lt;Role-2&gt;</emphasis></simpara></entry>
<entry align="left" valign="top"><simpara><emphasis>&lt;Kontakt-2&gt;</emphasis></simpara></entry>
<entry align="left" valign="top"><simpara><emphasis>&lt;Očekávání-2&gt;</emphasis></simpara></entry>
</row>
</tbody>
</tgroup>
</informaltable>
<simpara><?asciidoc-pagebreak?></simpara>
</section>
</chapter>
<chapter xml:id="section-architecture-constraints">
<title>Omezení na realizaci systému</title>
<sidebar role="arc42help">
<formalpara>
<title>Obsah</title>
<para>Jakýkoli požadavek, který software-architektům omezuje prostor pro rozhodování o návrhu a implementaci nebo pro rozhodování o procesu vývoje.
Tato omezení někdy přesahují jednotlivé systémy a platí pro celé organizace a společnosti.</para>
</formalpara>
<formalpara>
<title>Motivace</title>
<para>Softwarový Architekt by měl přesně vědět, které části systému může určovat a kde musí dodržovat vnější omezení.
S omezeními je třeba se vždy vypořádat; mohou být ale předmětem vyjednávaní.</para>
</formalpara>
<formalpara>
<title>Forma</title>
<para>Tabulka se (všemi) omezeními, včetně jejich vysvětlení.
V případě potřeby rozdělená na technická, organizační nebo politická omezení či konvence
(například co se týče programovaní, verzí systému, dokumentace nebo pojmenování)</para>
</formalpara>
<formalpara>
<title>Další informace</title>
<para>Anglická dokumentace arc42: <link xl:href="https://docs.arc42.org/section-2/">Architecture Constraints</link>.</para>
</formalpara>
</sidebar>
<simpara><?asciidoc-pagebreak?></simpara>
</chapter>
<chapter xml:id="section-context-and-scope">
<title>Vymezení a rozsah systému</title>
<sidebar role="arc42help">
<formalpara>
<title>Obsah</title>
<para>Rozsah a kontext systému vymezují – jak název napovídá – systém od všech jeho komunikačních partnerů (sousední systémy a uživatelé).
Tím se specifikují externí rozhraní (interface) systému a určí zodpovědnost: Které funkce patří do našeho systému a které do systémů sousedních.</para>
</formalpara>
<simpara>V případě potřeby odlište firemní kontext (doménově specifické vstupy a výstupy) od technického kontextu (kanály, protokoly, hardware).</simpara>
<formalpara>
<title>Motivace</title>
<para>Doménová a technická komunikační rozhraní patří mezi nejdůležitější aspekty systému.
Ujistěte se, že jim zcela rozumíte.</para>
</formalpara>
<formalpara>
<title>Forma</title>
<para>Různé možnosti:</para>
</formalpara>
<itemizedlist>
<listitem>
<simpara>Kontextové diagramy</simpara>
</listitem>
<listitem>
<simpara>Seznam komunikačních partnerů a příslušné rozhraní</simpara>
</listitem>
</itemizedlist>
<formalpara>
<title>Další informace</title>
<para>Anglická dokumentace arc42: <link xl:href="https://docs.arc42.org/section-3/">Context and Scope</link>.</para>
</formalpara>
</sidebar>
<section xml:id="_firemní_kontext">
<title>Firemní kontext</title>
<sidebar role="arc42help">
<formalpara>
<title>Obsah</title>
<para>Specifikace <emphasis role="strong">všech</emphasis> komunikačních partnerů systému (uživatelů, IT systémů, …) s vysvětlením doménově specifických vstupů a výstupů nebo rozhraní.
Podle potřeby můžete přidat doménově specifické datové formáty nebo komunikační protokoly.</para>
</formalpara>
<formalpara>
<title>Motivace</title>
<para>Všechny zainteresované strany by měly rozumět tomu, jaké doménové informace si systém vyměňuje s okolím.</para>
</formalpara>
<formalpara>
<title>Forma</title>
<para>Různé druhy diagramů, které ukazují systém jako černou skříňku (black box) a popisují doménová rozhraní pro komunikaci s partnery.</para>
</formalpara>
<simpara>Alternativně (nebo jako doplnění) můžete použít tabulku.
Titulek tabulky je název systému, tři sloupce obsahují: jméno komunikačního partnera, vstupy a výstupy.</simpara>
</sidebar>
<simpara><emphasis role="strong">&lt;vložte diagram nebo tabulku&gt;</emphasis></simpara>
<simpara><emphasis role="strong">&lt;(volitelně:) vložte vysvětlení externích doménových rozhraní&gt;</emphasis></simpara>
</section>
<section xml:id="_technický_kontext">
<title>Technický kontext</title>
<sidebar role="arc42help">
<formalpara>
<title>Obsah</title>
<para>Technická rozhraní (kanály a přenosová média) propojující váš systém s jeho okolím. Navíc mapování doménově specifického vstupu/výstupu na tyto kanály, tj. vysvětlení, která doménová data používají který kanál.</para>
</formalpara>
<formalpara>
<title>Motivace</title>
<para>Mnoho zainteresovaných stran činí architektonická rozhodnutí na základě technických rozhraní mezi systémem a jeho okolím.
Zejména při výběru infrastruktury nebo hardwaru jsou tato technická rozhraní rozhodující.</para>
</formalpara>
<formalpara>
<title>Forma</title>
<para>Např. UML Diagram popisující technické napojení sousedních systémů spolu s tabulkou ukazující vztahy mezi technickými kanály a doménovým vstupem/výstupem.</para>
</formalpara>
</sidebar>
<simpara><emphasis role="strong">&lt;vložte diagram nebo tabulku&gt;</emphasis></simpara>
<simpara><emphasis role="strong">&lt;(volitelně:) vložte vysvětlení externích technických rozhraní&gt;</emphasis></simpara>
<simpara><emphasis role="strong">&lt;mapování doménových vstupu/výstupu na technické kanály&gt;</emphasis></simpara>
<simpara><?asciidoc-pagebreak?></simpara>
</section>
</chapter>
<chapter xml:id="section-solution-strategy">
<title>Strategie řešení</title>
<sidebar role="arc42help">
<formalpara>
<title>Obsah</title>
<para>Krátké shrnutí a vysvětlení zásadních rozhodnutí a strategií řešení, které utvářejí architekturu systému. Tyto zahrnují</para>
</formalpara>
<itemizedlist>
<listitem>
<simpara>technologická rozhodnutí</simpara>
</listitem>
<listitem>
<simpara>rozhodnutí o dekompozici systému na nejvyšší úrovni (top-level), například o použití vzoru (pattern) pro architekturu nebo návrh</simpara>
</listitem>
<listitem>
<simpara>rozhodnutí o tom, jak dosáhnout klíčových kvalitativních cílů</simpara>
</listitem>
<listitem>
<simpara>příslušná organizační rozhodnutí, například výběr procesu vývoje nebo delegování určitých úkolů na třetí strany.</simpara>
</listitem>
</itemizedlist>
<formalpara>
<title>Motivace</title>
<para>Tato rozhodnutí tvoří pilíře softwarové architektury. Jsou základem pro mnoho dalších detailních rozhodnutí nebo pravidel implementace.</para>
</formalpara>
<formalpara>
<title>Forma</title>
<para>Vysvětlení těchto klíčových rozhodnutí ponechte <emphasis role="strong">krátké</emphasis>.</para>
</formalpara>
<simpara>Popište, jak jste se rozhodli a proč jste se tak rozhodli, s ohledem na řešení problému, cíle kvality a klíčová omezení.
Pro podrobnosti odkažte na následující části.</simpara>
<formalpara>
<title>Další informace</title>
<para>Anglická dokumentace arc42: <link xl:href="https://docs.arc42.org/section-4/">Solution Strategy</link>.</para>
</formalpara>
</sidebar>
<simpara><?asciidoc-pagebreak?></simpara>
</chapter>
<chapter xml:id="section-building-block-view">
<title>Perspektiva stavebních bloků</title>
<sidebar role="arc42help">
<formalpara>
<title>Obsah</title>
<para>Perspektiva stavebních bloků ukazuje statický rozklad systému na stavební bloky (moduly, komponenty, subsystémy, třídy, rozhraní, balíčky, knihovny, framework, oddíly, vrstvy, funkce, makra, operace, datové struktury, …) stejně jako jejich vzájemné závislosti (vztahy, asociace, …).</para>
</formalpara>
<simpara>Toto perspektiva je povinná pro každou dokumentaci architektury, stejně jako je to u domu jeho <emphasis>půdorys</emphasis>.</simpara>
<formalpara>
<title>Motivace</title>
<para>Udržujte si přehled o zdrojovém kódu tím, že jeho strukturu učiníte srozumitelnou prostřednictvím abstrakce.</para>
</formalpara>
<simpara>To vám umožní komunikovat se zainteresovanými stranami na abstraktní úrovni, aniž byste prozradili podrobnosti o implementaci.</simpara>
<formalpara>
<title>Forma</title>
<para>Perspektiva stavebních bloků je hierarchický přehled "černých" a "bílých" skříněk (black-box, white-box, viz obrázek níže) a jejich popisů.</para>
</formalpara>
<informalfigure>
<mediaobject>
<imageobject>
<imagedata fileref="images/05_building_blocks-EN.png"/>
</imageobject>
<textobject><phrase>Hierarchie stavebních bloků</phrase></textobject>
</mediaobject>
</informalfigure>
<simpara><emphasis role="strong">Úroveň 1</emphasis> je popis celého systému jako white-box spolu s popisem všech obsažených stavebních bloků ve formátu black-box.</simpara>
<simpara><emphasis role="strong">Úroveň 2</emphasis> přibližuje některé stavební bloky úrovně 1.
Obsahuje tedy popis vybraných stavebních bloků úrovně 1 jako white-box spolu s popisy jejich vnitřních stavebních bloků jako black-box.</simpara>
<simpara><emphasis role="strong">Úroveň 3</emphasis> přiblíží vybrané stavební bloky úrovně 2 a tak dále.</simpara>
<formalpara>
<title>Další informace</title>
<para>Anglická dokumentace arc42: <link xl:href="https://docs.arc42.org/section-5/">Building Block View</link>.</para>
</formalpara>
</sidebar>
<section xml:id="_celý_systém_jako_white_box">
<title>Celý systém jako white-box</title>
<sidebar role="arc42help">
<simpara>Zde popisujete rozklad celého systému pomocí následující white-box šablony. Obsahuje</simpara>
<itemizedlist>
<listitem>
<simpara>přehledový diagram</simpara>
</listitem>
<listitem>
<simpara>motivaci k rozkladu</simpara>
</listitem>
<listitem>
<simpara>popis jednotlivých stavebních bloků jako black-box. K tomu jsou k dispozici různé alternativy:</simpara>
<itemizedlist>
<listitem>
<simpara>použijte <emphasis>jednu</emphasis> tabulku pro krátký a pragmatický přehled všech obsažených stavebních bloků a jejich rozhraní.</simpara>
</listitem>
<listitem>
<simpara>použijte seznam stavebních bloků popsaných podle black-box šablony (viz níže).
V závislosti na výběru konkrétního nástroje může tento seznam obsahovat podkapitoly (v textových souborech), podstránky (ve Wiki) nebo vnořené prvky (v modelovacím nástroji).</simpara>
</listitem>
</itemizedlist>
</listitem>
<listitem>
<simpara>(Volitelně:) důležitá rozhraní, která nejsou vysvětlena v black-box šablonách stavebního bloku, ale jsou velmi důležitá pro pochopení popisovaného white-boxu.
Protože existuje mnoho způsobů, jak specifikovat rozhraní, neposkytujeme žádnou konkrétní šablonu.
V nejhorším případě musíte specifikovat a popsat syntax, sémantiku, protokoly, zpracování chyb, různá omezení, verze, nároky na kvalitu, potřebnou kompatibilitu a mnoho dalších věcí.
V lepším případě vám stačí příklady nebo jednoduché podpisy.</simpara>
</listitem>
</itemizedlist>
</sidebar>
<simpara><emphasis><emphasis role="strong">&lt;vložte přehledový diagram celého systému&gt;</emphasis></emphasis></simpara>
<variablelist>
<varlistentry>
<term>Motivace</term>
<listitem>
<simpara><emphasis>&lt;popište motivaci&gt;</emphasis></simpara>
</listitem>
</varlistentry>
<varlistentry>
<term>Obsažené stavební bloky </term>
<listitem>
<simpara><emphasis>&lt;popište obsažené stavební bloky (jako black-box)&gt;</emphasis></simpara>
</listitem>
</varlistentry>
<varlistentry>
<term>Důležitá rozhraní</term>
<listitem>
<simpara><emphasis>&lt;popište důležitá rozhraní&gt;</emphasis></simpara>
</listitem>
</varlistentry>
</variablelist>
<sidebar role="arc42help">
<simpara>Vložte vysvětlení black-boxů z úrovně 1:</simpara>
<simpara>Pokud použijete tabulkovou formu, popište black-boxy pouze jménem a odpovědností podle následujícího schématu:</simpara>
<informaltable frame="all" rowsep="1" colsep="1">
<tgroup cols="2">
<colspec colname="col_1" colwidth="33.3333*"/>
<colspec colname="col_2" colwidth="66.6667*"/>
<thead>
<row>
<entry align="left" valign="top"><emphasis role="strong">Jméno</emphasis></entry>
<entry align="left" valign="top"><emphasis role="strong">Odpovědnost</emphasis></entry>
</row>
</thead>
<tbody>
<row>
<entry align="left" valign="top"><simpara><emphasis>&lt;black-box 1&gt;</emphasis></simpara></entry>
<entry align="left" valign="top"><simpara> <emphasis>&lt;Text&gt;</emphasis></simpara></entry>
</row>
<row>
<entry align="left" valign="top"><simpara><emphasis>&lt;black-box 2&gt;</emphasis></simpara></entry>
<entry align="left" valign="top"><simpara> <emphasis>&lt;Text&gt;</emphasis></simpara></entry>
</row>
</tbody>
</tgroup>
</informaltable>
<simpara>Pokud použijete seznam popisů jednotlivých black-boxů, vyplňte samostatnou black-box šablonu pro každý důležitý stavební blok.
Její titulek je název black-boxu.</simpara>
</sidebar>
<section xml:id="_jméno_black_boxu_1">
<title>&lt;Jméno black-boxu 1&gt;</title>
<sidebar role="arc42help">
<simpara>Popište &lt;black-box 1&gt; podle následující black-box šablony:</simpara>
<itemizedlist>
<listitem>
<simpara>Účel/Odpovědnost</simpara>
</listitem>
<listitem>
<simpara>Rozhraní, pokud nejsou vyjmuta jako samostatné odstavce. Případně sem patří nároky na kvalitu a výkonnostní rozhraní.</simpara>
</listitem>
<listitem>
<simpara>(Volitelně) Popis požadavků na kvalitu/výkon black-boxu, například dostupnost, runtime vlastnosti, ….</simpara>
</listitem>
<listitem>
<simpara>(Volitelně) Umístění/složky a soubory</simpara>
</listitem>
<listitem>
<simpara>(Volitelně) Splněné požadavky (pokud potřebujete dohledat vztah k požadavkům).</simpara>
</listitem>
<listitem>
<simpara>(Volitelně) Nevyřešené body/problémy/rizika</simpara>
</listitem>
</itemizedlist>
</sidebar>
<simpara><emphasis>&lt;Účel/Odpovědnost&gt;</emphasis></simpara>
<simpara><emphasis>&lt;Rozhraní&gt;</emphasis></simpara>
<simpara><emphasis>&lt;(Volitelně) Požadavky na kvalitu/výkon&gt;</emphasis></simpara>
<simpara><emphasis>&lt;(Volitelně) Umístění/složky a soubory&gt;</emphasis></simpara>
<simpara><emphasis>&lt;(Volitelně) Splněné požadavky&gt;</emphasis></simpara>
<simpara><emphasis>&lt;(Volitelně) Nevyřešené body/problémy/rizika&gt;</emphasis></simpara>
</section>
<section xml:id="_jméno_black_boxu_2">
<title>&lt;Jméno black-boxu 2&gt;</title>
<simpara><emphasis>&lt;šablona black-box&gt;</emphasis></simpara>
</section>
<section xml:id="_jméno_black_boxu_n">
<title>&lt;Jméno black-boxu n&gt;</title>
<simpara><emphasis>&lt;šablona black-box&gt;</emphasis></simpara>
</section>
<section xml:id="_jméno_rozhraní_1">
<title>&lt;Jméno rozhraní 1&gt;</title>
<simpara>&#8230;&#8203;</simpara>
</section>
<section xml:id="_jméno_rozhraní_m">
<title>&lt;Jméno rozhraní m&gt;</title>

</section>
</section>
<section xml:id="_úroveň_2">
<title>Úroveň 2</title>
<sidebar role="arc42help">
<simpara>Zde popište vnitřní strukturu (některých) stavebních bloků z úrovně 1 jako white-box.</simpara>
<simpara>Musíte rozhodnout, které stavební bloky systému jsou natolik důležité, aby ospravedlnily tak podrobný popis. Upřednostněte relevanci před úplností. Uveďte důležité, překvapivé, riskantní, komplexní nebo volatilní stavební bloky. Vynechejte normální, jednoduché nebo standardizované části systému.</simpara>
</sidebar>
<section xml:id="_white_box_stavební_blok_1">
<title>white-box <emphasis>&lt;stavební blok 1&gt;</emphasis></title>
<sidebar role="arc42help">
<simpara>&#8230;&#8203;popisuje vnitřní strukturu <emphasis>stavebního bloku 1</emphasis>.</simpara>
</sidebar>
<simpara><emphasis>&lt;šablona white-box&gt;</emphasis></simpara>
</section>
<section xml:id="_white_box_stavební_blok_2">
<title>white-box <emphasis>&lt;stavební blok 2&gt;</emphasis></title>
<simpara><emphasis>&lt;šablona white-box&gt;</emphasis></simpara>
<simpara>&#8230;&#8203;</simpara>
</section>
<section xml:id="_white_box_stavební_blok_m">
<title>white-box <emphasis>&lt;stavební blok m&gt;</emphasis></title>
<simpara><emphasis>&lt;šablona white-box&gt;</emphasis></simpara>
</section>
</section>
<section xml:id="_úroveň_3">
<title>Úroveň 3</title>
<sidebar role="arc42help">
<simpara>Zde můžete popsat vnitřní strukturu (některých) stavebních bloků z úrovně 2 jako white-box.</simpara>
<simpara>Pokud potřebujete podrobnější úrovně architektury, zkopírujte si pro ně tuto část arc42.</simpara>
</sidebar>
<section xml:id="_white_box_stavební_blok_x_1">
<title>white-box &lt;_stavební blok x.1_&gt;</title>
<sidebar role="arc42help">
<simpara>&#8230;&#8203;popisuje vnitřní strukturu <emphasis>stavebního bloku x.1</emphasis>.</simpara>
</sidebar>
<simpara><emphasis>&lt;šablona white-box&gt;</emphasis></simpara>
</section>
<section xml:id="_white_box_stavební_blok_x_2">
<title>white-box &lt;_stavební blok x.2_&gt;</title>
<simpara><emphasis>&lt;šablona white-box&gt;</emphasis></simpara>
</section>
<section xml:id="_white_box_stavební_blok_y_1">
<title>white-box &lt;_stavební blok y.1_&gt;</title>
<simpara><emphasis>&lt;šablona white-box&gt;</emphasis></simpara>
<simpara><?asciidoc-pagebreak?></simpara>
</section>
</section>
</chapter>
<chapter xml:id="section-runtime-view">
<title>Perspektiva chování za běhu (runtime)</title>
<sidebar role="arc42help">
<formalpara>
<title>Obsah</title>
<para>Perspektiva runtime popisuje konkrétní chování a interakce stavebních bloků systému ve formě scénářů v následujících oblastech:</para>
</formalpara>
<itemizedlist>
<listitem>
<simpara>důležité procesy nebo funkce: jak je stavební bloky systému provádějí?</simpara>
</listitem>
<listitem>
<simpara>interakce na kritických externích rozhraních: jak spolupracují stavební bloky s uživateli a sousedními systémy?</simpara>
</listitem>
<listitem>
<simpara>provoz a administrace: prvotní konfigurace, spuštění, zastavení</simpara>
</listitem>
<listitem>
<simpara>scénáře pro chyby a výjimky</simpara>
</listitem>
</itemizedlist>
<simpara>Poznámka: Hlavním kritériem pro výběr dokumentovaných scénářů (sekvencí, pracovních postupů) je jejich <emphasis role="strong">význam pro architekturu</emphasis>. Není cílem popisovat velké množství scénářů, ale raději <emphasis role="strong">reprezentativní</emphasis> výběr.</simpara>
<formalpara>
<title>Motivace</title>
<para>Je důležité rozumět tomu, jak stavební bloky systému (nebo jejich instance) vykonávají svoji práci a jak spolu komunikují za běhu.
Ve této části dokumentace popište především scénáře, kterými architekturu vysvětlíte těm stranám zainteresovaným na systému, které jsou méně ochotné nebo schopné číst a chápat statické modely (perspektivu stavebních bloků, perspektivu nasazení softwaru).</para>
</formalpara>
<formalpara>
<title>Forma</title>
<para>Existuje mnoho notací pro popis scénářů, například</para>
</formalpara>
<itemizedlist>
<listitem>
<simpara>očíslovaný seznam jednotlivých kroků (jako text)</simpara>
</listitem>
<listitem>
<simpara>diagramy aktivit nebo vývojové diagramy (flow chart)</simpara>
</listitem>
<listitem>
<simpara>sekvenční diagramy</simpara>
</listitem>
<listitem>
<simpara>Business Process Model and Notation (BPMN) nebo Event-driven Process Chain (EPC)</simpara>
</listitem>
<listitem>
<simpara>konečné automaty nebo přechodové systémy</simpara>
</listitem>
<listitem>
<simpara>&#8230;&#8203;</simpara>
</listitem>
</itemizedlist>
<formalpara>
<title>Další informace</title>
<para>Anglická dokumentace arc42: <link xl:href="https://docs.arc42.org/section-6/">Runtime View</link>.</para>
</formalpara>
</sidebar>
<section xml:id="_scénář_runtime_1">
<title>&lt;Scénář runtime 1&gt;</title>
<itemizedlist>
<listitem>
<simpara><emphasis>&lt;vložte runtime diagram nebo textový popis scénáře&gt;</emphasis></simpara>
</listitem>
<listitem>
<simpara><emphasis>&lt;vložte popis důležitých interakcí mezi
instancemi stavebních bloků zobrazených v tomto diagramu&gt;</emphasis></simpara>
</listitem>
</itemizedlist>
</section>
<section xml:id="_scénář_runtime_2">
<title>&lt;Scénář runtime 2&gt;</title>

</section>
<section xml:id="">
<title>&#8230;&#8203;</title>

</section>
<section xml:id="_scénář_runtime_n">
<title>&lt;Scénář runtime n&gt;</title>
<simpara><?asciidoc-pagebreak?></simpara>
</section>
</chapter>
<chapter xml:id="section-deployment-view">
<title>Perspektiva nasazení softwaru (deployment)</title>
<sidebar role="arc42help">
<formalpara>
<title>Obsah</title>
<para>Perspektiva nasazení softwaru popisuje:</para>
</formalpara>
<orderedlist numeration="arabic">
<listitem>
<simpara>technickou infrastrukturu, na které systém poběží, s jednotlivými prvky infrastruktury, jako jsou například geografická poloha, prostředí, počítače, procesory, kanály a topologie sítí a další, jakož i</simpara>
</listitem>
<listitem>
<simpara>mapování (softwarových) stavebních bloků na jednotlivé prvky této infrastruktury.</simpara>
</listitem>
</orderedlist>
<simpara>Systémy bývají často spouštěny v různých prostředích, například vývojovém prostředí, testovacím prostředí, produkčním prostředí. V takových případech by měla být zdokumentována všechna relevantní prostředí.</simpara>
<simpara>Zejména dokumentujte perspektivu nasazení softwaru, pokud je software provozován jako distribuovaný systém s více než jedním počítačem, procesorem, serverem nebo kontejnerem nebo když jsou navrhovány a konstruovány vlastní hardwarové procesory a čipy.</simpara>
<simpara>Z hlediska softwaru stačí zachytit pouze ty prvky infrastruktury, které jsou potřebné k ukázce nasazení jednotlivých stavebních bloků. Hardwaroví architekti mohou jít dále a popsat infrastrukturu do té úrovně detailů, kterou je potřeba zachytit.</simpara>
<formalpara>
<title>Motivace</title>
<para>Software neběží bez hardwaru.
Tato infrastruktura může a bude ovlivňovat systém a/nebo některé
průřezové koncepty. Proto je potřeba ji znát.</para>
</formalpara>
<formalpara>
<title>Forma</title>
<para>Možná je diagram nasazení softwaru na nejvyšší úrovni již obsažen v části 3.2. jako
technický kontext s vlastní infrastrukturou jako JEDEN black-box. V této sekci lze
tento black-box přiblížit pomocí dalších diagramů nasazení:</para>
</formalpara>
<itemizedlist>
<listitem>
<simpara>UML nabízí diagramy nasazení k vyjádření této perspektivy. Použijte je, pravděpodobně s vnořenými diagramy,
když je infrastruktura složitější.</simpara>
</listitem>
<listitem>
<simpara>Když strany zainteresované na hardwaru preferují jiné druhy diagramů než diagram nasazení, nechte je použít jakýkoli druh, který je schopen zobrazit uzly a kanály infrastruktury.</simpara>
</listitem>
</itemizedlist>
<formalpara>
<title>Další informace</title>
<para>Anglická dokumentace arc42: <link xl:href="https://docs.arc42.org/section-7/">Deployment View</link>.</para>
</formalpara>
</sidebar>
<section xml:id="_úroveň_infrastruktury_1">
<title>Úroveň infrastruktury 1</title>
<sidebar role="arc42help">
<simpara>Popište (obvykle kombinací diagramů, tabulek a textu):</simpara>
<itemizedlist>
<listitem>
<simpara>distribuci systému na více míst, prostředí, počítačů, procesorů,.., jakož i fyzická propojení mezi nimi</simpara>
</listitem>
<listitem>
<simpara>důležité důvody nebo motivaci pro tuto strukturu nasazení</simpara>
</listitem>
<listitem>
<simpara>kvalitativní a/nebo výkonnostní vlastnosti této infrastruktury</simpara>
</listitem>
<listitem>
<simpara>mapování softwarových artefaktů na prvky této infrastruktury</simpara>
</listitem>
</itemizedlist>
<simpara>Pro více prostředí nebo alternativní nasazení zkopírujte a upravte tuto část arc42 pro všechna relevantní prostředí.</simpara>
</sidebar>
<simpara><emphasis><emphasis role="strong">&lt;Přehledový diagram&gt;</emphasis></emphasis></simpara>
<variablelist>
<varlistentry>
<term>Motivace</term>
<listitem>
<simpara><emphasis>&lt;vysvětlení v textové podobě&gt;</emphasis></simpara>
</listitem>
</varlistentry>
<varlistentry>
<term>Kvalitativní a/nebo výkonnostní vlastnosti</term>
<listitem>
<simpara><emphasis>&lt;vysvětlení v textové podobě&gt;</emphasis></simpara>
</listitem>
</varlistentry>
<varlistentry>
<term>Mapování softwarových artefaktů na prvky infrastruktury</term>
<listitem>
<simpara><emphasis>&lt;popis mapování&gt;</emphasis></simpara>
</listitem>
</varlistentry>
</variablelist>
</section>
<section xml:id="_úroveň_infrastruktury_2">
<title>Úroveň infrastruktury 2</title>
<sidebar role="arc42help">
<simpara>Zde můžete zahrnout vnitřní strukturu (některých) prvků infrastruktury z úrovně 1.</simpara>
<simpara>Zkopírujte prosím strukturu z úrovně 1 pro každý vybraný prvek.</simpara>
</sidebar>
<section xml:id="_prvek_infrastruktury_1">
<title><emphasis>&lt;prvek infrastruktury 1&gt;</emphasis></title>
<simpara><emphasis>&lt;diagram + vysvětlení&gt;</emphasis></simpara>
</section>
<section xml:id="_prvek_infrastruktury_2">
<title><emphasis>&lt;prvek infrastruktury 2&gt;</emphasis></title>
<simpara><emphasis>&lt;diagram + vysvětlení&gt;</emphasis></simpara>
<simpara>&#8230;&#8203;</simpara>
</section>
<section xml:id="_prvek_infrastruktury_n">
<title><emphasis>&lt;prvek infrastruktury n&gt;</emphasis></title>
<simpara><emphasis>&lt;diagram + vysvětlení&gt;</emphasis></simpara>
<simpara><?asciidoc-pagebreak?></simpara>
</section>
</section>
</chapter>
<chapter xml:id="section-concepts">
<title>Průřezové (cross-cutting) koncepty</title>
<sidebar role="arc42help">
<formalpara>
<title>Obsah</title>
<para>Tato část dokumentace popisuje přesahující principy, předpisy a řešení, které jsou relevantní pro více částí systému (= průřezové).
Takové koncepty se často týkají více stavebních bloků.</para>
</formalpara>
<simpara>Může zahrnovat mnoho různých témat, jako například</simpara>
<itemizedlist>
<listitem>
<simpara>modely, zejména doménové modely</simpara>
</listitem>
<listitem>
<simpara>architekturu nebo designové vzory</simpara>
</listitem>
<listitem>
<simpara>pravidla pro použití konkrétních technologií</simpara>
</listitem>
<listitem>
<simpara>zásadní, často technická rozhodnutí zastřešujícího (= průřezového) charakteru</simpara>
</listitem>
<listitem>
<simpara>pravidla implementace</simpara>
</listitem>
</itemizedlist>
<formalpara>
<title>Motivace</title>
<para>Koncepty tvoří základ <emphasis>konceptuální integrity</emphasis> (konzistence, homogenity) softwarové architektury.
Jsou tedy důležitým příspěvkem k dosažení vnitřní kvality vyvíjeného systému.</para>
</formalpara>
<simpara>Některé z těchto konceptů nelze přiřadit k jednotlivým stavebním blokům, například zabezpečení.</simpara>
<formalpara>
<title>Forma</title>
<para>Forma může být různá:</para>
</formalpara>
<itemizedlist>
<listitem>
<simpara>koncepční dokumenty s jakoukoliv strukturou</simpara>
</listitem>
<listitem>
<simpara>průřezové modely nebo scénáře, které jsou již využity v jednotlivých perspektivách architektury</simpara>
</listitem>
<listitem>
<simpara>vzorové implementace, zejména pro technické koncepty</simpara>
</listitem>
<listitem>
<simpara>odkaz na "typické" používání standardních frameworků (například používání Hibernate pro objektové/relační mapování)</simpara>
</listitem>
</itemizedlist>
<formalpara>
<title>Struktura</title>
<para>Potenciální (nikoli však povinná) struktura pro tento oddíl dokumentace může být:</para>
</formalpara>
<itemizedlist>
<listitem>
<simpara>Koncepty domén</simpara>
</listitem>
<listitem>
<simpara>Koncepty uživatelské zkušenosti (UX)</simpara>
</listitem>
<listitem>
<simpara>Koncepty bezpečnosti a zabezpečení</simpara>
</listitem>
<listitem>
<simpara>Architektura a designové vzory</simpara>
</listitem>
<listitem>
<simpara>"pod kapotou"</simpara>
</listitem>
<listitem>
<simpara>Vývojové koncepty</simpara>
</listitem>
<listitem>
<simpara>Provozní koncepty</simpara>
</listitem>
</itemizedlist>
<simpara>Poznámka: Může být obtížné přiřadit jednotlivé koncepty k jednomu konkrétnímu tématu
z tohoto seznamu.</simpara>
<informalfigure>
<mediaobject>
<imageobject>
<imagedata fileref="images/08-concepts-EN.drawio.png"/>
</imageobject>
<textobject><phrase>Témata pro průřezové koncepty</phrase></textobject>
</mediaobject>
</informalfigure>
<formalpara>
<title>Další informace</title>
<para>Anglická dokumentace arc42: <link xl:href="https://docs.arc42.org/section-8/">Concepts</link>.</para>
</formalpara>
</sidebar>
<section xml:id="_koncept_1">
<title><emphasis>&lt;Koncept 1&gt;</emphasis></title>
<simpara><emphasis>&lt;vysvětlení&gt;</emphasis></simpara>
</section>
<section xml:id="_koncept_2">
<title><emphasis>&lt;Koncept 2&gt;</emphasis></title>
<simpara><emphasis>&lt;vysvětlení&gt;</emphasis></simpara>
<simpara>&#8230;&#8203;</simpara>
</section>
<section xml:id="_koncept_n">
<title><emphasis>&lt;Koncept n&gt;</emphasis></title>
<simpara><emphasis>&lt;vysvětlení&gt;</emphasis></simpara>
<simpara><?asciidoc-pagebreak?></simpara>
</section>
</chapter>
<chapter xml:id="section-design-decisions">
<title>Rozhodnutí o architektuře</title>
<sidebar role="arc42help">
<formalpara>
<title>Obsah</title>
<para>Důležitá, drahá, rozsáhlá nebo riskantní rozhodnutí o architektuře včetně příslušných zdůvodnění.
„Rozhodnutím“ rozumíme výběr jedné nebo více alternativ na základě daných kritérií.</para>
</formalpara>
<simpara>Uvažte, zda má být architektonické rozhodnutí zdokumentována zde v této centrální sekci, nebo zda je lepší je zdokumentovat lokálně
(například v šabloně white-box konkrétního stavebního bloku).</simpara>
<simpara>Vyvarujte se opakovaní.
Odkažte na 4. kapitolu, kde jste již zachytili nejdůležitější architektonická rozhodnutí.</simpara>
<formalpara>
<title>Motivace</title>
<para>Strany zainteresované na systému by měly být schopny přijatým rozhodnutím porozumět a pochopit důvody k ním vedoucí.</para>
</formalpara>
<formalpara>
<title>Forma</title>
<para>Různé možnosti:</para>
</formalpara>
<itemizedlist>
<listitem>
<simpara><emphasis role="strong">ADR</emphasis> <indexterm>
<primary><link xl:href="https://thinkrelevance.com/blog/2011/11/15/documenting-architecture-decisions">Architecture Decision Record</link></primary>
</indexterm><link xl:href="https://thinkrelevance.com/blog/2011/11/15/documenting-architecture-decisions">Architecture Decision Record</link> pro každé důležité rozhodnutí</simpara>
</listitem>
<listitem>
<simpara>seznam nebo tabulka, seřazené podle důležitosti a důsledků</simpara>
</listitem>
<listitem>
<simpara>podrobněji ve formě samostatných podkapitol pro jednotlivá rozhodnutí</simpara>
</listitem>
</itemizedlist>
<formalpara>
<title>Další informace</title>
<para>Anglická dokumentace arc42: <link xl:href="https://docs.arc42.org/section-9/">Architecture Decisions</link>.
Zde najdete odkazy a příklady k tématu <emphasis role="strong">ADR</emphasis>.</para>
</formalpara>
</sidebar>
<simpara><?asciidoc-pagebreak?></simpara>
</chapter>
<chapter xml:id="section-quality-scenarios">
<title>Požadavky na kvalitu</title>
<sidebar role="arc42help">
<formalpara>
<title>Obsah</title>
<para>Tato kapitola shrnuje všechny relevantní požadavky na kvalitu.</para>
</formalpara>
<simpara>Nejdůležitější z těchto požadavků již byly popsány v kapitole 1.2 (kvalitativní cíle), a proto by zde měly být pouze odkázány.
V této kapitole (10) je vhodné zaznamenat i méně důležité požadavky na kvalitu, jejichž nesplnění nepředstavuje zásadní riziko, ale které mohou být užitečné či žádoucí (<emphasis>nice-to-have</emphasis>).</simpara>
<formalpara>
<title>Motivace</title>
<para>Požadavky na kvalitu mají výrazný vliv na architektonická rozhodnutí. Je proto důležité znát kvalitativní očekávání zainteresovaných stran, a to konkrétně a měřitelně.</para>
</formalpara>
<itemizedlist>
<title>Další informace</title>
<listitem>
<simpara>Dokumentace arc42: <link xl:href="https://docs.arc42.org/section-10/">Quality Requirements</link></simpara>
</listitem>
<listitem>
<simpara>Model kvality Q42: <link xl:href="https://quality.arc42.org">Q42 quality model na https://quality.arc42.org</link>.</simpara>
</listitem>
</itemizedlist>
</sidebar>
<section xml:id="_přehled_požadavků_na_kvalitu">
<title>Přehled požadavků na kvalitu</title>
<sidebar role="arc42help">
<formalpara>
<title>Obsah</title>
<para>Stručný přehled požadavků na kvalitu.</para>
</formalpara>
<formalpara>
<title>Motivace</title>
<para>V praxi se často setkáváme s desítkami či stovkami požadavků na kvalitu.
Tento přehled by měl nabídnout jejich kategorizaci či shrnutí – například dle standardu <link xl:href="https://www.iso.org/obp/ui/#iso:std:iso-iec:25010:ed-2:v1:en">ISO 25010:2023</link> nebo podle <link xl:href="https://quality.arc42.org">modelu Q42</link>.</para>
</formalpara>
<simpara>Pokud je tento přehled dostatečně konkrétní, specifický a měřitelný, může být část 10.2 vynechána.</simpara>
<formalpara>
<title>Forma</title>
<para>Použijte jednoduchou tabulku, kde každý řádek reprezentuje kategorii nebo typ požadavku na kvalitu spolu s krátkým popisem.
Alternativně lze využít mind map pro vizuální strukturování požadavků.
V literatuře se také vyskytuje pojem <emphasis>strom kvalitativních atributů</emphasis> (<emphasis>Quality Attribute Utility Tree</emphasis>), který rozvíjí pojem „kvalita“ jako kořenový uzel stromu s větvemi představujícími konkrétní požadavky.</para>
</formalpara>
</sidebar>
</section>
<section xml:id="_scénáře_kvality">
<title>Scénáře kvality</title>
<sidebar role="arc42help">
<formalpara>
<title>Obsah</title>
<para>Scénáře kvality konkretizují požadavky na kvalitu a umožňují ověřit, zda byly splněny (například pomocí akceptačních kritérií).
Scénáře by měly být jednoznačné a měřitelné.</para>
</formalpara>
<simpara>Dva typy scénářů jsou obzvláště užitečné:</simpara>
<itemizedlist>
<listitem>
<simpara><emphasis>Scénáře použití</emphasis> (též aplikační nebo provozní scénáře) popisují chování systému v reakci na určitý podnět v runtime – včetně výkonnosti, odezvy apod.
Příklad: Systém odpoví na požadavek uživatele do jedné sekundy.</simpara>
</listitem>
<listitem>
<simpara><emphasis>Scénáře změn</emphasis> popisují chování systému při jeho úpravách nebo rozšiřování, případně změnách okolního prostředí.
Příklad: Do systému je doplněna nová funkce, mění se požadavek na kvalitu a měří se náročnost změny.</simpara>
</listitem>
</itemizedlist>
<formalpara>
<title>Forma</title>
<para>Typická struktura scénáře může mít dvě podoby:</para>
</formalpara>
<itemizedlist>
<listitem>
<simpara><emphasis role="strong">Krátká forma</emphasis> (upřednostňuje ji model Q42):</simpara>
</listitem>
<listitem>
<simpara><emphasis role="strong">Kontext</emphasis>: O jaký systém nebo komponentu se jedná? Jaké je okolí nebo situace?</simpara>
</listitem>
<listitem>
<simpara><emphasis role="strong">Zdroj/Podnět</emphasis>: Kdo nebo co spouští chování nebo reakci systému?</simpara>
</listitem>
<listitem>
<simpara><emphasis role="strong">Kritérium/Metoda ověření</emphasis>: Jak poznáme, že je požadavek splněn? (metrika, měřitelný výstup)</simpara>
</listitem>
<listitem>
<simpara><emphasis role="strong">Dlouhá forma</emphasis> (používaná v SEI, např. [Bass+21]):</simpara>
</listitem>
<listitem>
<simpara><emphasis role="strong">ID scénáře</emphasis></simpara>
</listitem>
<listitem>
<simpara><emphasis role="strong">Název scénáře</emphasis></simpara>
</listitem>
<listitem>
<simpara><emphasis role="strong">Zdroj</emphasis> (uživatel, systém, událost)</simpara>
</listitem>
<listitem>
<simpara><emphasis role="strong">Podnět</emphasis></simpara>
</listitem>
<listitem>
<simpara><emphasis role="strong">Provozní prostředí</emphasis></simpara>
</listitem>
<listitem>
<simpara><emphasis role="strong">Artefakt</emphasis> (část systému, která je podnětem ovlivněna)</simpara>
</listitem>
<listitem>
<simpara><emphasis role="strong">Odezva</emphasis></simpara>
</listitem>
<listitem>
<simpara><emphasis role="strong">Metrika odezvy</emphasis> (kritérium pro hodnocení odezvy systému)</simpara>
</listitem>
</itemizedlist>
<formalpara>
<title>Příklady</title>
<para>Viz <link xl:href="https://quality.arc42.org">model kvality Q42</link> pro detailní ukázky scénářů.</para>
</formalpara>
<itemizedlist>
<title>Další informace</title>
<listitem>
<simpara>Len Bass, Paul Clements, Rick Kazman: <emphasis>Software Architecture in Practice</emphasis>, 4. vydání, Addison-Wesley, 2021.</simpara>
</listitem>
</itemizedlist>
</sidebar>
<simpara><?asciidoc-pagebreak?></simpara>
</section>
</chapter>
<chapter xml:id="section-technical-risks">
<title>Rizika a technické dluhy</title>
<sidebar role="arc42help">
<formalpara>
<title>Obsah</title>
<para>Seznam známých technických rizik nebo technických dluhů seřazený podle jejich priority.</para>
</formalpara>
<formalpara>
<title>Motivace</title>
<para>„Řízení rizik je řízení projektu pro dospělé.“&#8201;&#8212;&#8201;Tim Lister, Atlantic Systems Guild</para>
</formalpara>
<simpara>Tak by mělo znít motto pro systematické zjišťování a hodnocení rizik a technických dluhů v architektuře, které potřebují znát zainteresované strany z oblasti managementu (například projektoví manažeři, vlastníci produktu - (Product Owner)) jako součást celkové analýzy rizik.</simpara>
<formalpara>
<title>Forma</title>
<para>Seznam rizik a/nebo technických dluhů, pravděpodobně včetně navrhovaných opatření k jejich minimalizaci, zmírnění nebo vyloučení.</para>
</formalpara>
<formalpara>
<title>Další informace</title>
<para>Anglická dokumentace arc42: <link xl:href="https://docs.arc42.org/section-11/">Risks and Technical Debt</link>.</para>
</formalpara>
</sidebar>
<simpara><?asciidoc-pagebreak?></simpara>
</chapter>
<chapter xml:id="section-glossary">
<title>Slovník pojmů</title>
<sidebar role="arc42help">
<formalpara>
<title>Obsah</title>
<para>Nejdůležitější doménové a technické termíny, které zainteresované strany používají při diskuzi o systému.</para>
</formalpara>
<simpara>Pokud pracujete ve vícejazyčných týmech, můžete glosář používat jako zdroj překladů.</simpara>
<formalpara>
<title>Motivace</title>
<para>Je důležité jasně definovat klíčové pojmy, aby všechny zainteresované strany</para>
</formalpara>
<itemizedlist>
<listitem>
<simpara>chápaly tyto pojmy stejně</simpara>
</listitem>
<listitem>
<simpara>a aby neexistovalo pro jednu a stejnou věc více variant</simpara>
</listitem>
</itemizedlist>
<itemizedlist>
<title>Forma</title>
<listitem>
<simpara>Tabulka se sloupci &lt;Termín&gt; a &lt;Definice&gt;.</simpara>
</listitem>
<listitem>
<simpara>Potenciálně více sloupců v případě, že potřebujete překlady.</simpara>
</listitem>
</itemizedlist>
<formalpara>
<title>Další informace</title>
<para>Anglická dokumentace arc42: <link xl:href="https://docs.arc42.org/section-12/">Glossary</link>.</para>
</formalpara>
</sidebar>
<informaltable frame="all" rowsep="1" colsep="1">
<tgroup cols="2">
<colspec colname="col_1" colwidth="33.3333*"/>
<colspec colname="col_2" colwidth="66.6667*"/>
<thead>
<row>
<entry align="left" valign="top">Termín</entry>
<entry align="left" valign="top">Definice</entry>
</row>
</thead>
<tbody>
<row>
<entry align="left" valign="top"><simpara><emphasis>&lt;termín-1&gt;</emphasis></simpara></entry>
<entry align="left" valign="top"><simpara><emphasis>&lt;definice-1&gt;</emphasis></simpara></entry>
</row>
<row>
<entry align="left" valign="top"><simpara><emphasis>&lt;termín-2&gt;</emphasis></simpara></entry>
<entry align="left" valign="top"><simpara><emphasis>&lt;definice-2&gt;</emphasis></simpara></entry>
</row>
</tbody>
</tgroup>
</informaltable>
</chapter>
</book>