<?xml version="1.0" encoding="UTF-8"?>
<!DOCTYPE book PUBLIC "-//OASIS//DTD DocBook XML V4.5//EN" "http://www.oasis-open.org/docbook/xml/4.5/docbookx.dtd">
<?asciidoc-toc?>
<?asciidoc-numbered?>
<book xmlns="http://docbook.org/ns/docbook" lang="en">
<bookinfo>
<title><inlinemediaobject>
  <imageobject>
    <imagedata fileref="images/arc42-logo.png"/>
  </imageobject>
  <textobject><phrase>arc42</phrase></textobject>
</inlinemediaobject> Template</title>
<date>Leden 2023</date>
<revhistory>
<revision>
<revnumber>8.2 CZ</revnumber>
<date>Leden 2023</date>

<revremark>(na základě AsciiDoc verze)</revremark>
</revision>
</revhistory>



</bookinfo>
<preface>
<title></title>
<simpara><emphasis role="strong">O arc42</emphasis></simpara>
<simpara role="lead">arc42, šablona pro dokumentaci softwaru a architekturu systému.</simpara>
<simpara>Verze šablony 8.2 CZ. (na základě AsciiDoc verze), Leden 2023</simpara>
<simpara>Created, maintained and &#169; by Dr. Peter Hruschka, Dr. Gernot Starke and contributors.
Viz <ulink url="https://arc42.org">https://arc42.org</ulink>.</simpara>
<simpara><?asciidoc-hr?></simpara>

<sidebar role="arc42help">
<informalexample>
<simpara>Tato verze arc42 šablony obsahuje nápovědu a vysvětlivky a slouží proto k seznámení s arc42 a pochopení pojmů.
Pro dokumentaci vašeho vlastního systému použijte raději <emphasis>plain</emphasis> verzi.</simpara>
</informalexample>

</sidebar>

<simpara><?asciidoc-pagebreak?></simpara>

</preface>

<chapter id="section-introduction-and-goals">
<title>Úvod a cíle</title>
<sidebar role="arc42help">
<simpara>Popisuje nejdůležitější požadavky a omezení, které musí softwaroví architekti a vývojový tým zvážit.
Tyto zahrnují</simpara>
<itemizedlist>
<listitem>
<simpara>základní podnikatelské cíle,</simpara>
</listitem>
<listitem>
<simpara>základní vlastnosti systému,</simpara>
</listitem>
<listitem>
<simpara>funkční požadavky na systém,</simpara>
</listitem>
<listitem>
<simpara>kvalitativní cíle pro architekturu,</simpara>
</listitem>
<listitem>
<simpara>strany zainteresované na systému (Stakeholder) a jejich potřeby</simpara>
</listitem>
</itemizedlist>

</sidebar>

<section id="_p_ehled_po_adavk">
<title>Přehled požadavků</title>
<sidebar role="arc42help">
<formalpara>
<title>Obsah</title>
<para>Krátký popis (shrnutí nebo abstrakt) funkčních i kvalitativních požadavků.
Odkaz na (doufejme existující) dokumentaci požadavků (s číslem verze a informacemi, kde ji najít).</para>
</formalpara>
<formalpara>
<title>Motivace</title>
<para>Z hlediska koncových uživatelů je cílem vývoje nebo změny systému zlepšení jeho funkcí k naplňovaní podnikatelské činnosti a/nebo zlepšení jeho kvality.</para>
</formalpara>
<formalpara>
<title>Forma</title>
<para>Krátký popis, pravděpodobně ve formátu tabulkového přehledu funkcí (use-case).
Pokud existují dokumenty požadavků, měl by na ně tento přehled odkazovat.</para>
</formalpara>
<simpara>Udržujte tento popis co nejkratší (z hlediska čitelnosti), ale tak aby nebyly zbytečně opakovány informace z dokumentace požadavků.</simpara>
<simpara>Anglická dokumentace arc42: <ulink url="https://docs.arc42.org/section-1/">Introduction and Goals</ulink>.</simpara>
</sidebar>

</section>
<section id="_kvalitativn_c_le">
<title>Kvalitativní cíle</title>
<sidebar role="arc42help">
<formalpara>
<title>Obsah</title>
<para>Tři (maximálně pět) nejdůležitějších kvalitativních cílů pro architekturu, jejichž splnění je pro hlavní zainteresované strany nejdůležitější. Opravdu máme na mysli kvalitativní cíle pro architekturu.
Nepleťte si je s cíli projektu, ty nemusí být nutně totožné.</para>
</formalpara>
<simpara>Norma ISO 25010 poskytuje přehled jednotlivých oblastí:</simpara>
<figure>
  <mediaobject>
    <imageobject>
      <imagedata fileref="images/01_2_iso-25010-topics-EN.drawio.png"/>
    </imageobject>
    <textobject><phrase>Kategorie kvalitativních cílů</phrase></textobject>
  </mediaobject>
</figure>

<formalpara>
<title>Motivace</title>
<para>Měli byste znát kvalitativní cíle nejdůležitějších stran zainteresovaných na systému, protože ty ovlivní zásadní architektonická rozhodnutí.
Ujistěte se, že jsou tyto požadavky na systém jednoznačné (nebo měřitelné), vyhněte se obecným frázím.</para>
</formalpara>
<formalpara>
<title>Forma</title>
<para>Tabulka s nejdůležitějšími kvalitativními cíli a konkrétními scénáři, seřazená podle priorit.</para>
</formalpara>
</sidebar>

</section>
<section id="_strany_zainteresovan_na_syst_mu_stakeholder">
<title>Strany zainteresované na systému (Stakeholder)</title>
<sidebar role="arc42help">
<formalpara>
<title>Obsah</title>
<para>Explicitní přehled všech stran zainteresovaných na systému, tedy všech osob, rolí nebo organizací, které</para>
</formalpara>
<itemizedlist>
<listitem>
<simpara>by měli architekturu znát,</simpara>
</listitem>
<listitem>
<simpara>by měli s architekturou souhlasit,</simpara>
</listitem>
<listitem>
<simpara>budou s architekturou nebo s kódem pracovat,</simpara>
</listitem>
<listitem>
<simpara>ke své práci potřebují dokumentaci architektury,</simpara>
</listitem>
<listitem>
<simpara>rozhodují o vývoji a designu systému.</simpara>
</listitem>
</itemizedlist>

<formalpara>
<title>Motivace</title>
<para>Měli byste znát všechny strany zapojené do vývoje systému (nebo systémem ovlivněné). V opačném případě se můžete později v procesu vývoje dočkat nepříjemných překvapení.
Tyto zainteresované strany určují rozsah a úroveň detailu vaší práce a jejích výsledků.</para>
</formalpara>
<formalpara>
<title>Forma</title>
<para>Tabulka s názvy rolí, jmény osob a jejich očekáváním na architekturu a její dokumentaci.</para>
</formalpara>
</sidebar>

<informaltable frame="all"
    rowsep="1" colsep="1">
  
  <tgroup cols="3">
    
    <colspec colname="col_1" colwidth="20*"/>
    
    <colspec colname="col_2" colwidth="40*"/>
    
    <colspec colname="col_3" colwidth="40*"/>
    
    
    <thead>
      
      <row>
        
        <entry align="left" valign="top">Role/Jméno</entry>
        
        <entry align="left" valign="top">Kontakt</entry>
        
        <entry align="left" valign="top">Očekávání</entry>
        
      </row>
      
    </thead>
    
    <tbody>
      
      <row>
        
        <entry align="left" valign="top"><simpara><emphasis>&lt;Role-1&gt;</emphasis></simpara></entry>
        
        <entry align="left" valign="top"><simpara><emphasis>&lt;Kontakt-1&gt;</emphasis></simpara></entry>
        
        <entry align="left" valign="top"><simpara><emphasis>&lt;Očekávání-1&gt;</emphasis></simpara></entry>
        
      </row>
      
      <row>
        
        <entry align="left" valign="top"><simpara><emphasis>&lt;Role-2&gt;</emphasis></simpara></entry>
        
        <entry align="left" valign="top"><simpara><emphasis>&lt;Kontakt-2&gt;</emphasis></simpara></entry>
        
        <entry align="left" valign="top"><simpara><emphasis>&lt;Očekávání-2&gt;</emphasis></simpara></entry>
        
      </row>
      
    </tbody>
    
  </tgroup>
</informaltable>

<simpara><?asciidoc-pagebreak?></simpara>

</section>
</chapter>
<chapter id="section-architecture-constraints">
<title>Omezení na realizaci systému</title>
<sidebar role="arc42help">
<formalpara>
<title>Obsah</title>
<para>Jakýkoli požadavek, který softwarové architekty omezuje v jejich svobodě rozhodování o návrhu a implementaci nebo v rozhodování o procesu vývoje.
Tato omezení někdy přesahují jednotlivé systémy a platí pro celé organizace a společnosti.</para>
</formalpara>
<formalpara>
<title>Motivace</title>
<para>Softwarový Architekt by měl přesně vědět, které části systému může určovat a kde musí dodržovat vnější omezení.
S omezeními je třeba se vždy vypořádat; mohou být ale předmětem vyjednávaní.</para>
</formalpara>
<formalpara>
<title>Forma</title>
<para>Tabulka se (všemi) omezeními, včetně jejich vysvětlení.
V případě potřeby rozdělená na technická, organizační nebo politická omezení či konvence
(např. co se týče programovaní, verzí systému, dokumentace nebo pojmenování)</para>
</formalpara>
<simpara>Anglická dokumentace arc42: <ulink url="https://docs.arc42.org/section-2/">Architecture Constraints</ulink>.</simpara>
</sidebar>

<simpara><?asciidoc-pagebreak?></simpara>

</chapter>
<chapter id="section-system-scope-and-context">
<title>Vymezení a rozsah systému</title>
<sidebar role="arc42help">
<formalpara>
<title>Obsah</title>
<para>Rozsah a kontext systému vymezují – jak název napovídá – systém od všech jeho komunikačních partnerů (sousední systémy a uživatelé).
Tím se specifikují externí rozhraní (interface) systému a určí zodpovědnost: Které funkce patří do našeho systému a které do systémů sousedních.</para>
</formalpara>
<simpara>V případě potřeby odlište firemní kontext (doménově specifické vstupy a výstupy) od technického kontextu (kanály, protokoly, hardware).</simpara>
<formalpara>
<title>Motivace</title>
<para>Doménová a technická komunikační rozhraní patří mezi nejdůležitější aspekty systému.
Ujistěte se, že jim zcela rozumíte.</para>
</formalpara>
<formalpara>
<title>Forma</title>
<para>Různé možnosti:</para>
</formalpara>
<itemizedlist>
<listitem>
<simpara>Kontextové diagramy</simpara>
</listitem>
<listitem>
<simpara>Seznam komunikačních partnerů a příslušné rozhraní</simpara>
</listitem>
</itemizedlist>

<simpara>Anglická dokumentace arc42: <ulink url="https://docs.arc42.org/section-3/">Context and Scope</ulink>.</simpara>
</sidebar>

<section id="_firemn_kontext">
<title>Firemní kontext</title>
<sidebar role="arc42help">
<formalpara>
<title>Obsah</title>
<para>Specifikace <emphasis role="strong">všech</emphasis> komunikačních partnerů systému (uživatelů, IT systémů, …) s vysvětlením doménově specifických vstupů a výstupů nebo rozhraní.
Podle potřeby můžete přidat doménově specifické datové formáty nebo komunikační protokoly.</para>
</formalpara>
<formalpara>
<title>Motivace</title>
<para>Všechny zainteresované strany by měly rozumět tomu, jaké doménové informace si systém vyměňuje s okolím.</para>
</formalpara>
<formalpara>
<title>Forma</title>
<para>Různé druhy diagramů, které ukazují systém jako černou skříňku (black box) a popisují doménová rozhraní pro komunikaci s partnery.</para>
</formalpara>
<simpara>Alternativně (nebo jako doplnění) můžete použít tabulku.
Titulek tabulky je název systému, tři sloupce obsahují: jméno komunikačního partnera, vstupy a výstupy.</simpara>
</sidebar>

<simpara><emphasis role="strong">&lt;vložte diagram nebo tabulku&gt;</emphasis></simpara>
<simpara><emphasis role="strong">&lt;(volitelně:) vložte vysvětlení externích doménových rozhraní&gt;</emphasis></simpara>
</section>
<section id="_technick_kontext">
<title>Technický kontext</title>
<sidebar role="arc42help">
<formalpara>
<title>Obsah</title>
<para>Technická rozhraní (kanály a přenosová média) propojující váš systém s jeho okolím. Navíc mapování doménově specifického vstupu/výstupu na tyto kanály, tj. vysvětlení, která doménová data používají který kanál.</para>
</formalpara>
<formalpara>
<title>Motivace</title>
<para>Mnoho zainteresovaných stran činí architektonická rozhodnutí na základě technických rozhraní mezi systémem a jeho okolím.
Zejména při výběru infrastruktury nebo hardwaru jsou tato technická rozhraní rozhodující.</para>
</formalpara>
<formalpara>
<title>Forma</title>
<para>Např. UML Diagram popisující technické napojení sousedních systémů spolu s tabulkou ukazující vztahy mezi technickými kanály a doménovým vstupem/výstupem.</para>
</formalpara>
</sidebar>

<simpara><emphasis role="strong">&lt;vložte diagram nebo tabulku&gt;</emphasis></simpara>
<simpara><emphasis role="strong">&lt;(volitelně:) vložte vysvětlení externích technických rozhraní&gt;</emphasis></simpara>
<simpara><emphasis role="strong">&lt;mapování doménových vstupu/výstupu na technické kanály&gt;</emphasis></simpara>
<simpara><?asciidoc-pagebreak?></simpara>

</section>
</chapter>
<chapter id="section-solution-strategy">
<title>Strategie řešení</title>
<sidebar role="arc42help">
<formalpara>
<title>Obsah</title>
<para>Krátké shrnutí a vysvětlení zásadních rozhodnutí a strategií řešení, které utvářejí architekturu systému. Tyto zahrnují</para>
</formalpara>
<itemizedlist>
<listitem>
<simpara>technologická rozhodnutí</simpara>
</listitem>
<listitem>
<simpara>rozhodnutí o dekompozici systému na nejvyšší úrovni (top-level), např. o použití vzoru (pattern) pro architekturu nebo návrh</simpara>
</listitem>
<listitem>
<simpara>rozhodnutí o tom, jak dosáhnout klíčových kvalitativních cílů</simpara>
</listitem>
<listitem>
<simpara>příslušná organizační rozhodnutí, např. výběr procesu vývoje nebo delegování určitých úkolů na třetí strany.</simpara>
</listitem>
</itemizedlist>

<formalpara>
<title>Motivace</title>
<para>Tato rozhodnutí tvoří pilíře softwarové architektury. Jsou základem pro mnoho dalších detailních rozhodnutí nebo pravidel implementace.</para>
</formalpara>
<formalpara>
<title>Forma</title>
<para>Vysvětlení těchto klíčových rozhodnutí ponechte <emphasis role="strong">krátké</emphasis>.</para>
</formalpara>
<simpara>Popište, jak jste se rozhodli a proč jste se tak rozhodli, s ohledem na řešení problému, cíle kvality a klíčová omezení.
Pro podrobnosti odkažte na následující části.</simpara>
<simpara>Anglická dokumentace arc42: <ulink url="https://docs.arc42.org/section-4/">Solution Strategy</ulink>.</simpara>
</sidebar>

<simpara><?asciidoc-pagebreak?></simpara>

</chapter>
<chapter id="section-building-block-view">
<title>Perspektiva stavebních bloků</title>
<sidebar role="arc42help">
<formalpara>
<title>Obsah</title>
<para>Perspektiva stavebních bloků ukazuje statický rozklad systému na stavební bloky (moduly, komponenty, subsystémy, třídy, rozhraní, balíčky, knihovny, framework, oddíly, vrstvy, funkce, makra, operace, datové struktury, …) stejně jako jejich vzájemné závislosti (vztahy, asociace, …).</para>
</formalpara>
<simpara>Toto perspektiva je povinná pro každou dokumentaci architektury, stejně jako je to u domu jeho <emphasis>půdorys</emphasis>.</simpara>
<formalpara>
<title>Motivace</title>
<para>Udržujte si přehled o zdrojovém kódu tím, že jeho strukturu učiníte srozumitelnou prostřednictvím abstrakce.</para>
</formalpara>
<simpara>To vám umožní komunikovat se zainteresovanými stranami na abstraktní úrovni, aniž byste prozradili podrobnosti o implementaci.</simpara>
<formalpara>
<title>Forma</title>
<para>Perspektiva stavebních bloků je hierarchický přehled "černých" a "bílých" skříněk (black-box, white-box, viz obrázek níže) a jejich popisů.</para>
</formalpara>
<figure>
  <mediaobject>
    <imageobject>
      <imagedata fileref="images/05_building_blocks-EN.png"/>
    </imageobject>
    <textobject><phrase>Hierarchie stavebních bloků</phrase></textobject>
  </mediaobject>
</figure>

<simpara><emphasis role="strong">Úroveň 1</emphasis> je popis celého systému jako white-box spolu s popisem všech obsažených stavebních bloků ve formátu black-box.</simpara>
<simpara><emphasis role="strong">Úroveň 2</emphasis> přibližuje některé stavební bloky úrovně 1.
Obsahuje tedy popis vybraných stavebních bloků úrovně 1 jako white-box spolu s popisy jejich vnitřních stavebních bloků jako black-box.</simpara>
<simpara><emphasis role="strong">Úroveň 3</emphasis> přiblíží vybrané stavební bloky úrovně 2 a tak dále.</simpara>
<simpara>Anglická dokumentace arc42: <ulink url="https://docs.arc42.org/section-5/">Building Block View</ulink>.</simpara>
</sidebar>

<section id="_cel_syst_m_jako_white_box">
<title>Celý systém jako white-box</title>
<sidebar role="arc42help">
<simpara>Zde popisujete rozklad celého systému pomocí následující white-box šablony. Obsahuje</simpara>
<itemizedlist>
<listitem>
<simpara>přehledový diagram</simpara>
</listitem>
<listitem>
<simpara>motivaci k rozkladu</simpara>
</listitem>
<listitem>
<simpara>popis jednotlivých stavebních bloků jako black-box. K tomu jsou k dispozici různé alternativy:</simpara>
<itemizedlist>
<listitem>
<simpara>použijte <emphasis>jednu</emphasis> tabulku pro krátký a pragmatický přehled všech obsažených stavebních bloků a jejich rozhraní.</simpara>
</listitem>
<listitem>
<simpara>použijte seznam stavebních bloků popsaných podle black-box šablony (viz níže).
V závislosti na výběru konkrétního nástroje může tento seznam obsahovat podkapitoly (v textových souborech), podstránky (ve Wiki) nebo vnořené prvky (v modelovacím nástroji).</simpara>
</listitem>
</itemizedlist>

</listitem>
<listitem>
<simpara>(Volitelně:) důležitá rozhraní, která nejsou vysvětlena v black-box šablonách stavebního bloku, ale jsou velmi důležitá pro pochopení popisovaného white-boxu.
Protože existuje mnoho způsobů, jak specifikovat rozhraní, neposkytujeme žádnou konkrétní šablonu.
V nejhorším případě musíte specifikovat a popsat syntax, sémantiku, protokoly, zpracování chyb, různá omezení, verze, nároky na kvalitu, potřebnou kompatibilitu a mnoho dalších věcí.
V lepším případě vám stačí příklady nebo jednoduché podpisy.</simpara>
</listitem>
</itemizedlist>

</sidebar>

<simpara><emphasis><emphasis role="strong">&lt;vložte přehledový diagram celého systému&gt;</emphasis></emphasis></simpara>
<variablelist>
<varlistentry>
<term>Motivace</term>
<listitem>
<simpara><emphasis>&lt;popište motivaci&gt;</emphasis></simpara>
</listitem>
</varlistentry>
<varlistentry>
<term>Obsažené stavební bloky </term>
<listitem>
<simpara><emphasis>&lt;popište obsažené stavební bloky (jako black-box)&gt;</emphasis></simpara>
</listitem>
</varlistentry>
<varlistentry>
<term>Důležitá rozhraní</term>
<listitem>
<simpara><emphasis>&lt;popište důležitá rozhraní&gt;</emphasis></simpara>
</listitem>
</varlistentry>
</variablelist>

<sidebar role="arc42help">
<simpara>Vložte vysvětlení black-boxů z úrovně 1:</simpara>
<simpara>Pokud použijete tabulkovou formu, popište black-boxy pouze jménem a odpovědností podle následujícího schématu:</simpara>
<informaltable frame="all"
    rowsep="1" colsep="1">
  
  <tgroup cols="2">
    
    <colspec colname="col_1" colwidth="33*"/>
    
    <colspec colname="col_2" colwidth="66*"/>
    
    
    <thead>
      
      <row>
        
        <entry align="left" valign="top"><emphasis role="strong">Jméno</emphasis></entry>
        
        <entry align="left" valign="top"><emphasis role="strong">Odpovědnost</emphasis></entry>
        
      </row>
      
    </thead>
    
    <tbody>
      
      <row>
        
        <entry align="left" valign="top"><simpara><emphasis>&lt;black-box 1&gt;</emphasis></simpara></entry>
        
        <entry align="left" valign="top"><simpara> <emphasis>&lt;Text&gt;</emphasis></simpara></entry>
        
      </row>
      
      <row>
        
        <entry align="left" valign="top"><simpara><emphasis>&lt;black-box 2&gt;</emphasis></simpara></entry>
        
        <entry align="left" valign="top"><simpara> <emphasis>&lt;Text&gt;</emphasis></simpara></entry>
        
      </row>
      
    </tbody>
    
  </tgroup>
</informaltable>

<simpara>Pokud použijete seznam popisů jednotlivých black-boxů, vyplňte samostatnou black-box šablonu pro každý důležitý stavební blok.
Její titulek je název black-boxu.</simpara>
</sidebar>

<section id="__jm_no_black_boxu_1">
<title>&lt;Jméno black-boxu 1&gt;</title>
<sidebar role="arc42help">
<simpara>Popište &lt;black-box 1&gt; podle následující black-box šablony:</simpara>
<itemizedlist>
<listitem>
<simpara>Účel/Odpovědnost</simpara>
</listitem>
<listitem>
<simpara>Rozhraní, pokud nejsou vyjmuta jako samostatné odstavce. Případně sem patří nároky na kvalitu a výkonnostní rozhraní.</simpara>
</listitem>
<listitem>
<simpara>(Volitelně) Popis požadavků na kvalitu/výkon black-boxu, např. dostupnost, runtime vlastnosti, ….</simpara>
</listitem>
<listitem>
<simpara>(Volitelně) Umístění/složky a soubory</simpara>
</listitem>
<listitem>
<simpara>(Volitelně) Splněné požadavky (pokud potřebujete dohledat vztah k požadavkům).</simpara>
</listitem>
<listitem>
<simpara>(Volitelně) Nevyřešené body/problémy/rizika</simpara>
</listitem>
</itemizedlist>

</sidebar>

<simpara><emphasis>&lt;Účel/Odpovědnost&gt;</emphasis></simpara>
<simpara><emphasis>&lt;Rozhraní&gt;</emphasis></simpara>
<simpara><emphasis>&lt;(Volitelně) Požadavky na kvalitu/výkon&gt;</emphasis></simpara>
<simpara><emphasis>&lt;(Volitelně) Umístění/složky a soubory&gt;</emphasis></simpara>
<simpara><emphasis>&lt;(Volitelně) Splněné požadavky&gt;</emphasis></simpara>
<simpara><emphasis>&lt;(Volitelně) Nevyřešené body/problémy/rizika&gt;</emphasis></simpara>
</section>
<section id="__jm_no_black_boxu_2">
<title>&lt;Jméno black-boxu 2&gt;</title>
<simpara><emphasis>&lt;šablona black-box&gt;</emphasis></simpara>
</section>
<section id="__jm_no_black_boxu_n">
<title>&lt;Jméno black-boxu n&gt;</title>
<simpara><emphasis>&lt;šablona black-box&gt;</emphasis></simpara>
</section>
<section id="__jm_no_rozhran_1">
<title>&lt;Jméno rozhraní 1&gt;</title>
<simpara>&#8230;</simpara>
</section>
<section id="__jm_no_rozhran_m">
<title>&lt;Jméno rozhraní m&gt;</title>

</section>
</section>
<section id="__rove_2">
<title>Úroveň 2</title>
<sidebar role="arc42help">
<simpara>Zde popište vnitřní strukturu (některých) stavebních bloků z úrovně 1 jako white-box.</simpara>
<simpara>Musíte rozhodnout, které stavební bloky systému jsou natolik důležité, aby ospravedlnily tak podrobný popis. Upřednostněte relevanci před úplností. Uveďte důležité, překvapivé, riskantní, komplexní nebo volatilní stavební bloky. Vynechejte normální, jednoduché nebo standardizované části systému.</simpara>
</sidebar>

<section id="_white_box_emphasis_stavebn_blok_1_emphasis">
<title>white-box <emphasis>&lt;stavební blok 1&gt;</emphasis></title>
<sidebar role="arc42help">
<simpara>&#8230;popisuje vnitřní strukturu <emphasis>stavebního bloku 1</emphasis>.</simpara>
</sidebar>

<simpara><emphasis>&lt;šablona white-box&gt;</emphasis></simpara>
</section>
<section id="_white_box_emphasis_stavebn_blok_2_emphasis">
<title>white-box <emphasis>&lt;stavební blok 2&gt;</emphasis></title>
<simpara><emphasis>&lt;šablona white-box&gt;</emphasis></simpara>
<simpara>&#8230;</simpara>
</section>
<section id="_white_box_emphasis_stavebn_blok_m_emphasis">
<title>white-box <emphasis>&lt;stavební blok m&gt;</emphasis></title>
<simpara><emphasis>&lt;šablona white-box&gt;</emphasis></simpara>
</section>
</section>
<section id="__rove_3">
<title>Úroveň 3</title>
<sidebar role="arc42help">
<simpara>Zde můžete popsat vnitřní strukturu (některých) stavebních bloků z úrovně 2 jako white-box.</simpara>
<simpara>Pokud potřebujete podrobnější úrovně architektury, zkopírujte si pro ně tuto část arc42.</simpara>
</sidebar>

<section id="_white_box_stavebn_blok_x_1">
<title>white-box &lt;_stavební blok x.1_&gt;</title>
<sidebar role="arc42help">
<simpara>&#8230;popisuje vnitřní strukturu <emphasis>stavebního bloku x.1</emphasis>.</simpara>
</sidebar>

<simpara><emphasis>&lt;šablona white-box&gt;</emphasis></simpara>
</section>
<section id="_white_box_stavebn_blok_x_2">
<title>white-box &lt;_stavební blok x.2_&gt;</title>
<simpara><emphasis>&lt;šablona white-box&gt;</emphasis></simpara>
</section>
<section id="_white_box_stavebn_blok_y_1">
<title>white-box &lt;_stavební blok y.1_&gt;</title>
<simpara><emphasis>&lt;šablona white-box&gt;</emphasis></simpara>
<simpara><?asciidoc-pagebreak?></simpara>

</section>
</section>
</chapter>
<chapter id="section-runtime-view">
<title>Perspektiva chování za běhu (runtime)</title>
<sidebar role="arc42help">
<formalpara>
<title>Obsah</title>
<para>Perspektiva runtime popisuje konkrétní chování a interakce stavebních bloků systému ve formě scénářů v následujících oblastech:</para>
</formalpara>
<itemizedlist>
<listitem>
<simpara>důležité procesy nebo funkce: jak je stavební bloky systému provádějí?</simpara>
</listitem>
<listitem>
<simpara>interakce na kritických externích rozhraních: jak spolupracují stavební bloky s uživateli a sousedními systémy?</simpara>
</listitem>
<listitem>
<simpara>provoz a administrace: prvotní konfigurace, spuštění, zastavení</simpara>
</listitem>
<listitem>
<simpara>scénáře pro chyby a výjimky</simpara>
</listitem>
</itemizedlist>

<simpara>Poznámka: Hlavním kritériem pro výběr dokumentovaných scénářů (sekvencí, pracovních postupů) je jejich <emphasis role="strong">význam pro architekturu</emphasis>. Není cílem popisovat velké množství scénářů, ale raději <emphasis role="strong">reprezentativní</emphasis> výběr.</simpara>
<formalpara>
<title>Motivace</title>
<para>Měli byste rozumět tomu, jak stavební bloky systému (nebo jejich instance) vykonávají svoji práci a jak spolu komunikují za běhu.
Ve této části dokumentace popište především scénáře, kterými architekturu vysvětlíte těm stranám zainteresovaným na systému, které jsou méně ochotné nebo schopné číst a chápat statické modely (perspektivu stavebních bloků, perspektivu nasazení softwaru).</para>
</formalpara>
<formalpara>
<title>Forma</title>
<para>Existuje mnoho notací pro popis scénářů, např.</para>
</formalpara>
<itemizedlist>
<listitem>
<simpara>očíslovaný seznam jednotlivých kroků (jako text)</simpara>
</listitem>
<listitem>
<simpara>diagramy aktivit nebo vývojové diagramy (flow chart)</simpara>
</listitem>
<listitem>
<simpara>sekvenční diagramy</simpara>
</listitem>
<listitem>
<simpara>Business Process Model and Notation (BPMN) nebo Event-driven Process Chain (EPC)</simpara>
</listitem>
<listitem>
<simpara>konečné automaty nebo přechodové systémy</simpara>
</listitem>
<listitem>
<simpara>&#8230;</simpara>
</listitem>
</itemizedlist>

<simpara>Anglická dokumentace arc42: <ulink url="https://docs.arc42.org/section-6/">Runtime View</ulink>.</simpara>
</sidebar>

<section id="__sc_n_runtime_1">
<title>&lt;Scénář runtime 1&gt;</title>
<itemizedlist>
<listitem>
<simpara><emphasis>&lt;vložte runtime diagram nebo textový popis scénáře&gt;</emphasis></simpara>
</listitem>
<listitem>
<simpara><emphasis>&lt;vložte popis důležitých interakcí mezi
instancemi stavebních bloků zobrazených v tomto diagramu&gt;</emphasis></simpara>
</listitem>
</itemizedlist>

</section>
<section id="__sc_n_runtime_2">
<title>&lt;Scénář runtime 2&gt;</title>

</section>
<section id="_">
<title>&#8230;</title>

</section>
<section id="__sc_n_runtime_n">
<title>&lt;Scénář runtime n&gt;</title>
<simpara><?asciidoc-pagebreak?></simpara>

</section>
</chapter>
<chapter id="section-deployment-view">
<title>Perspektiva nasazení softwaru (deployment)</title>
<sidebar role="arc42help">
<formalpara>
<title>Obsah</title>
<para>Perspektiva nasazení softwaru popisuje:</para>
</formalpara>
<orderedlist numeration="arabic">
<listitem>
<simpara>technickou infrastrukturu, na které systém poběží, s jednotlivými prvky infrastruktury, jako jsou např. geografická poloha, prostředí, počítače, procesory, kanály a topologie sítí a další, jakož i</simpara>
</listitem>
<listitem>
<simpara>mapování (softwarových) stavebních bloků na jednotlivé prvky této infrastruktury.</simpara>
</listitem>
</orderedlist>

<simpara>Systémy bývají často spouštěny v různých prostředích, např. vývojovém prostředí, testovacím prostředí, produkčním prostředí. V takových případech by měla být zdokumentována všechna relevantní prostředí.</simpara>
<simpara>Zejména dokumentujte perspektivu nasazení softwaru, pokud je software provozován jako distribuovaný systém s více než jedním počítačem, procesorem, serverem nebo kontejnerem nebo když jsou navrhovány a konstruovány vlastní hardwarové procesory a čipy.</simpara>
<simpara>Z hlediska softwaru stačí zachytit pouze ty prvky infrastruktury, které jsou potřebné k ukázce nasazení jednotlivých stavebních bloků. Hardwaroví architekti mohou jít dále a popsat infrastrukturu do té úrovně detailů, kterou je potřeba zachytit.</simpara>
<formalpara>
<title>Motivace</title>
<para>Software neběží bez hardwaru.
Tato infrastruktura může a bude ovlivňovat systém a/nebo některé
průřezové koncepty. Proto je potřeba ji znát.</para>
</formalpara>
<simpara>Možná je diagram nasazení softwaru na nejvyšší úrovni již obsažen v části 3.2. jako
technický kontext s vlastní infrastrukturou jako JEDEN black-box. V této sekci lze
tento black-box přiblížit pomocí dalších diagramů nasazení:</simpara>
<itemizedlist>
<listitem>
<simpara>UML nabízí diagramy nasazení k vyjádření této perspektivy. Použijte je, pravděpodobně s vnořenými diagramy,
když je infrastruktura složitější.</simpara>
</listitem>
<listitem>
<simpara>Když strany zainteresované na hardwaru preferují jiné druhy diagramů než diagram nasazení, nechte je použít jakýkoli druh, který je schopen zobrazit uzly a kanály infrastruktury.</simpara>
</listitem>
</itemizedlist>

<simpara>Anglická dokumentace arc42: <ulink url="https://docs.arc42.org/section-7/">Deployment View</ulink>.</simpara>
</sidebar>

<section id="__rove_infrastruktury_1">
<title>Úroveň infrastruktury 1</title>
<sidebar role="arc42help">
<simpara>Popište (obvykle kombinací diagramů, tabulek a textu):</simpara>
<itemizedlist>
<listitem>
<simpara>distribuci systému na více míst, prostředí, počítačů, procesorů, .., jakož i fyzická propojení mezi nimi</simpara>
</listitem>
<listitem>
<simpara>důležité důvody nebo motivaci pro tuto strukturu nasazení</simpara>
</listitem>
<listitem>
<simpara>kvalitativní a/nebo výkonnostní vlastnosti této infrastruktury</simpara>
</listitem>
<listitem>
<simpara>mapování softwarových artefaktů na prvky této infrastruktury</simpara>
</listitem>
</itemizedlist>

<simpara>Pro více prostředí nebo alternativní nasazení zkopírujte a upravte tuto část arc42 pro všechna relevantní prostředí.</simpara>
</sidebar>

<simpara><emphasis><emphasis role="strong">&lt;Přehledový diagram&gt;</emphasis></emphasis></simpara>
<variablelist>
<varlistentry>
<term>Motivace</term>
<listitem>
<simpara><emphasis>&lt;vysvětlení v textové podobě&gt;</emphasis></simpara>
</listitem>
</varlistentry>
<varlistentry>
<term>Kvalitativní a/nebo výkonnostní vlastnosti</term>
<listitem>
<simpara><emphasis>&lt;vysvětlení v textové podobě&gt;</emphasis></simpara>
</listitem>
</varlistentry>
<varlistentry>
<term>Mapování softwarových artefaktů na prvky infrastruktury</term>
<listitem>
<simpara><emphasis>&lt;popis mapování&gt;</emphasis></simpara>
</listitem>
</varlistentry>
</variablelist>

</section>
<section id="__rove_infrastruktury_2">
<title>Úroveň infrastruktury 2</title>
<sidebar role="arc42help">
<simpara>Zde můžete zahrnout vnitřní strukturu (některých) prvků infrastruktury z úrovně 1.</simpara>
<simpara>Zkopírujte prosím strukturu z úrovně 1 pro každý vybraný prvek.</simpara>
</sidebar>

<section id="__emphasis_prvek_infrastruktury_1_emphasis">
<title><emphasis>&lt;prvek infrastruktury 1&gt;</emphasis></title>
<simpara><emphasis>&lt;diagram + vysvětlení&gt;</emphasis></simpara>
</section>
<section id="__emphasis_prvek_infrastruktury_2_emphasis">
<title><emphasis>&lt;prvek infrastruktury 2&gt;</emphasis></title>
<simpara><emphasis>&lt;diagram + vysvětlení&gt;</emphasis></simpara>
<simpara>&#8230;</simpara>
</section>
<section id="__emphasis_prvek_infrastruktury_n_emphasis">
<title><emphasis>&lt;prvek infrastruktury n&gt;</emphasis></title>
<simpara><emphasis>&lt;diagram + vysvětlení&gt;</emphasis></simpara>
<simpara><?asciidoc-pagebreak?></simpara>

</section>
</section>
</chapter>
<chapter id="section-concepts">
<title>Průřezové (cross-cutting) koncepty</title>
<sidebar role="arc42help">
<formalpara>
<title>Obsah</title>
<para>Tato část dokumentace popisuje přesahující principy, předpisy a řešení, které jsou relevantní pro více částí systému (= průřezové).
Takové koncepty se často týkají více stavebních bloků.</para>
</formalpara>
<simpara>Může zahrnovat mnoho různých témat, jako např.</simpara>
<itemizedlist>
<listitem>
<simpara>modely, zejména doménové modely</simpara>
</listitem>
<listitem>
<simpara>architekturu nebo designové vzory</simpara>
</listitem>
<listitem>
<simpara>pravidla pro použití konkrétních technologií</simpara>
</listitem>
<listitem>
<simpara>zásadní, často technická rozhodnutí zastřešujícího (= průřezového) charakteru</simpara>
</listitem>
<listitem>
<simpara>pravidla implementace</simpara>
</listitem>
</itemizedlist>

<formalpara>
<title>Motivace</title>
<para>Koncepty tvoří základ <emphasis>konceptuální integrity</emphasis> (konzistence, homogenity) softwarové architektury.
Jsou tedy důležitým příspěvkem k dosažení vnitřní kvality vyvíjeného systému.</para>
</formalpara>
<simpara>Některé z těchto konceptů nelze přiřadit k jednotlivým stavebním blokům, např. zabezpečení.</simpara>
<formalpara>
<title>Forma</title>
<para>Forma může být různá:</para>
</formalpara>
<itemizedlist>
<listitem>
<simpara>koncepční dokumenty s jakoukoliv strukturou</simpara>
</listitem>
<listitem>
<simpara>průřezové modely nebo scénáře, které jsou již využity v jednotlivých perspektivách architektury</simpara>
</listitem>
<listitem>
<simpara>vzorové implementace, zejména pro technické koncepty</simpara>
</listitem>
<listitem>
<simpara>odkaz na "typické" používání standardních frameworků (např. používání Hibernate pro objektové/relační mapování)</simpara>
</listitem>
</itemizedlist>

<formalpara>
<title>Struktura</title>
<para>Potenciální (nikoli však povinná) struktura pro tento oddíl dokumentace může být:</para>
</formalpara>
<itemizedlist>
<listitem>
<simpara>Koncepty domén</simpara>
</listitem>
<listitem>
<simpara>Koncepty uživatelské zkušenosti (UX)</simpara>
</listitem>
<listitem>
<simpara>Koncepty bezpečnosti a zabezpečení</simpara>
</listitem>
<listitem>
<simpara>Architektura a designové vzory</simpara>
</listitem>
<listitem>
<simpara>"pod kapotou"</simpara>
</listitem>
<listitem>
<simpara>Vývojové koncepty</simpara>
</listitem>
<listitem>
<simpara>Provozní koncepty</simpara>
</listitem>
</itemizedlist>

<simpara>Poznámka: Může být obtížné přiřadit jednotlivé koncepty k jednomu konkrétnímu tématu
z tohoto seznamu.</simpara>
<figure>
  <mediaobject>
    <imageobject>
      <imagedata fileref="images/08-Crosscutting-Concepts-Structure-EN.png"/>
    </imageobject>
    <textobject><phrase>Témata pro průřezové koncepty</phrase></textobject>
  </mediaobject>
</figure>

<simpara>Anglická dokumentace arc42: <ulink url="https://docs.arc42.org/section-8/">Concepts</ulink>.</simpara>
</sidebar>

<section id="__emphasis_koncept_1_emphasis">
<title><emphasis>&lt;Koncept 1&gt;</emphasis></title>
<simpara><emphasis>&lt;vysvětlení&gt;</emphasis></simpara>
</section>
<section id="__emphasis_koncept_2_emphasis">
<title><emphasis>&lt;Koncept 2&gt;</emphasis></title>
<simpara><emphasis>&lt;vysvětlení&gt;</emphasis></simpara>
<simpara>&#8230;</simpara>
</section>
<section id="__emphasis_koncept_n_emphasis">
<title><emphasis>&lt;Koncept n&gt;</emphasis></title>
<simpara><emphasis>&lt;vysvětlení&gt;</emphasis></simpara>
<simpara><?asciidoc-pagebreak?></simpara>

</section>
</chapter>
<chapter id="section-design-decisions">
<title>Rozhodnutí o architektuře</title>
<sidebar role="arc42help">
<formalpara>
<title>Obsah</title>
<para>Důležitá, drahá, rozsáhlá nebo riskantní rozhodnutí o architektuře včetně příslušných zdůvodnění.
„Rozhodnutím“ rozumíme výběr jedné nebo více alternativ na základě daných kritérií.</para>
</formalpara>
<simpara>Uvažte, zda má být architektonické rozhodnutí zdokumentována zde v této centrální sekci, nebo zda je lepší je zdokumentovat lokálně
(např. v šabloně white-box konkrétního stavebního bloku).</simpara>
<simpara>Vyvarujte se opakovaní.
Odkažte na 4. kapitolu, kde jste již zachytili nejdůležitější architektonická rozhodnutí.</simpara>
<formalpara>
<title>Motivace</title>
<para>Strany zainteresované na systému by měly být schopny přijatým rozhodnutím porozumět a pochopit důvody k ním vedoucí.</para>
</formalpara>
<formalpara>
<title>Forma</title>
<para>Různé možnosti:</para>
</formalpara>
<itemizedlist>
<listitem>
<simpara><emphasis role="strong">ADR</emphasis> <indexterm><primary><ulink url="https://thinkrelevance.com/blog/2011/11/15/documenting-architecture-decisions">Architecture Decision Record</ulink></primary></indexterm><ulink url="https://thinkrelevance.com/blog/2011/11/15/documenting-architecture-decisions">Architecture Decision Record</ulink> pro každé důležité rozhodnutí</simpara>
</listitem>
<listitem>
<simpara>seznam nebo tabulka, seřazené podle důležitosti a důsledků</simpara>
</listitem>
<listitem>
<simpara>podrobněji ve formě samostatných podkapitol pro jednotlivá rozhodnutí</simpara>
</listitem>
</itemizedlist>

<simpara>Anglická dokumentace arc42: <ulink url="https://docs.arc42.org/section-9/">Architecture Decisions</ulink>.
Zde najdete odkazy a příklady k tématu <emphasis role="strong">ADR</emphasis>.</simpara>
</sidebar>

<simpara><?asciidoc-pagebreak?></simpara>

</chapter>
<chapter id="section-quality-scenarios">
<title>Požadavky na kvalitu</title>
<sidebar role="arc42help">
<formalpara>
<title>Obsah</title>
<para>Tato část obsahuje všechny požadavky na kvalitu jako strom kvality se scénáři. Ty nejdůležitější již byly popsány v části 1.2. (kvalitativní cíle pro architekturu)</para>
</formalpara>
<simpara>Zde můžete také zachytit požadavky na kvalitu s nižší prioritou, jejichž neúplné dosažení nevytvoří pro systém vysoká rizika.</simpara>
<formalpara>
<title>Motivace</title>
<para>Protože požadavky na kvalitu mají na architekturu velký vliv, je důležité vědět, co je pro strany zainteresované na systému skutečně důležité, a to v konkrétní a měřitelné podobě.</para>
</formalpara>
<simpara>Anglická dokumentace arc42: <ulink url="https://docs.arc42.org/section-10/">Quality Requirements</ulink>.</simpara>
</sidebar>

<section id="_strom_kvality">
<title>Strom kvality</title>
<sidebar role="arc42help">
<formalpara>
<title>Obsah</title>
<para>Strom kvality (jak je definován v ATAM – Architecture Tradeoff Analysis Method) se scénáři kvality/hodnocení jako jednotlivými listy.
(Dle Carnegie Mellon University: <ulink url="https://resources.sei.cmu.edu/library/asset-view.cfm?assetid=513908">ATAM</ulink>).</para>
</formalpara>
<formalpara>
<title>Motivace</title>
<para>Stromová struktura s prioritami poskytuje přehled o někdy velkém množství požadavků na kvalitu.</para>
</formalpara>
<itemizedlist>
<title>Forma</title>
<listitem>
<simpara>stromovité rozvinutí pojmu "kvalita". Jako kořen (základ) použijte "kvalitu" nebo "užitečnost".</simpara>
</listitem>
<listitem>
<simpara>"mind map" s kategoriemi kvality jako hlavními větvemi</simpara>
</listitem>
</itemizedlist>

<simpara>V každém případě by strom měl obsahovat odkazy na scénáře popsané v následující části dokumentace.</simpara>
</sidebar>

</section>
<section id="_sc_n_e_kvality">
<title>Scénáře kvality</title>
<sidebar role="arc42help">
<formalpara>
<title>Obsah</title>
<para>Konkretizace (někdy vágních nebo implicitních) požadavků na kvalitu pomocí scénářů kvality.</para>
</formalpara>
<simpara>Tyto scénáře popisují, co by se mělo stát, když do systému dorazí vnější podnět.</simpara>
<simpara>Pro architekty jsou důležité zejména dva druhy scénářů:</simpara>
<itemizedlist>
<listitem>
<simpara>Scénáře použití (také nazývané aplikační scénáře) popisují reakci systému na určitý podnět. Patří sem také scénáře, které popisují efektivitu nebo výkon systému.
Příklad: Systém zareaguje na požadavek uživatele do jedné sekundy.</simpara>
</listitem>
<listitem>
<simpara>Scénáře změn popisují úpravy systému nebo jeho bezprostředního okolí. Příklad: Je implementována další funkce nebo se mění požadavky na kvalitu.</simpara>
</listitem>
</itemizedlist>

<formalpara>
<title>Motivace</title>
<para>Scénáře konkretizují požadavky na kvalitu a umožňují je snadněji měřit nebo rozhodovat, zda jsou splněny.</para>
</formalpara>
<simpara>Zejména pokud je potřeba architekturu posoudit pomocí metod jako je ATAM, je nutné popsat kvalitativní cíle (z kapitoly 1.2)
přesněji až na úroveň jednotlivých scénářů, které lze diskutovat a vyhodnocovat.</simpara>
<formalpara>
<title>Forma</title>
<para>Tabulka nebo text.</para>
</formalpara>
</sidebar>

<simpara><?asciidoc-pagebreak?></simpara>

</section>
</chapter>
<chapter id="section-technical-risks">
<title>Rizika a technické dluhy</title>
<sidebar role="arc42help">
<formalpara>
<title>Obsah</title>
<para>Seznam známých technických rizik nebo technických dluhů seřazený podle jejich priority.</para>
</formalpara>
<formalpara>
<title>Motivace</title>
<para>„Řízení rizik je řízení projektu pro dospělé.“&#8201;&#8212;&#8201;Tim Lister, Atlantic Systems Guild</para>
</formalpara>
<simpara>Tak by mělo znít motto pro systematické zjišťování a hodnocení rizik a technických dluhů v architektuře, které potřebují znát zainteresované strany z oblasti managementu (např. projektoví manažeři, vlastníci produktu - (Product Owner)) jako součást celkové analýzy rizik.</simpara>
<formalpara>
<title>Forma</title>
<para>Seznam rizik a/nebo technických dluhů, pravděpodobně včetně navrhovaných opatření k jejich minimalizaci, zmírnění nebo vyloučení.</para>
</formalpara>
<simpara>Anglická dokumentace arc42: <ulink url="https://docs.arc42.org/section-11/">Risks and Technical Debt</ulink>.</simpara>
</sidebar>

<simpara><?asciidoc-pagebreak?></simpara>

</chapter>
<chapter id="section-glossary">
<title>Slovník pojmů</title>
<sidebar role="arc42help">
<formalpara>
<title>Obsah</title>
<para>Nejdůležitější doménové a technické termíny, které zainteresované strany používají při diskuzi o systému.</para>
</formalpara>
<simpara>Pokud pracujete ve vícejazyčných týmech, můžete glosář používat jako zdroj překladů.</simpara>
<formalpara>
<title>Motivace</title>
<para>Měli byste jasně definovat důležité pojmy, aby všechny zainteresované strany</para>
</formalpara>
<itemizedlist>
<listitem>
<simpara>chápaly tyto pojmy stejně</simpara>
</listitem>
<listitem>
<simpara>a aby neexistovalo pro jednu a stejnou věc více variant</simpara>
</listitem>
</itemizedlist>

<itemizedlist>
<title>Forma</title>
<listitem>
<simpara>Tabulka se sloupci &lt;Termín&gt; a &lt;Definice&gt;.</simpara>
</listitem>
<listitem>
<simpara>Potenciálně více sloupců v případě, že potřebujete překlady.</simpara>
</listitem>
</itemizedlist>

<simpara>Anglická dokumentace arc42: <ulink url="https://docs.arc42.org/section-12/">Glossary</ulink>.</simpara>
</sidebar>

<informaltable frame="all"
    rowsep="1" colsep="1">
  
  <tgroup cols="2">
    
    <colspec colname="col_1" colwidth="33*"/>
    
    <colspec colname="col_2" colwidth="66*"/>
    
    
    <thead>
      
      <row>
        
        <entry align="left" valign="top">Termín</entry>
        
        <entry align="left" valign="top">Definice</entry>
        
      </row>
      
    </thead>
    
    <tbody>
      
      <row>
        
        <entry align="left" valign="top"><simpara><emphasis>&lt;termín-1&gt;</emphasis></simpara></entry>
        
        <entry align="left" valign="top"><simpara><emphasis>&lt;definice-1&gt;</emphasis></simpara></entry>
        
      </row>
      
      <row>
        
        <entry align="left" valign="top"><simpara><emphasis>&lt;termín-2&gt;</emphasis></simpara></entry>
        
        <entry align="left" valign="top"><simpara><emphasis>&lt;definice-2&gt;</emphasis></simpara></entry>
        
      </row>
      
    </tbody>
    
  </tgroup>
</informaltable>

</chapter>
</book>