<?xml version="1.0" encoding="UTF-8"?>
<?asciidoc-toc?>
<?asciidoc-numbered?>
<book xmlns="http://docbook.org/ns/docbook" xmlns:xl="http://www.w3.org/1999/xlink" version="5.0" xml:lang="en">
<info>
<title><inlinemediaobject>
<imageobject>
<imagedata fileref="images/arc42-logo.png"/>
</imageobject>
<textobject><phrase>arc42</phrase></textobject>
</inlinemediaobject> Шаблон</title>
<date>Январь 2023</date>
<revhistory>
<revision>
<revnumber>8.2-RU</revnumber>
<date>Январь 2023</date>
<revremark>(основана на версии AsciiDoc)</revremark>
</revision>
</revhistory>
</info>
<preface>
<title></title>
<simpara><emphasis role="strong">Об arc42</emphasis></simpara>
<simpara role="lead">arc42, шаблон для документации программного обеспечения и системной архитектуры.</simpara>
<simpara>Версия шаблона 8.2-RU. (основана на версии AsciiDoc), Январь 2023</simpara>
<simpara>Создано и поддерживается &#169; доктором Петером Хрушкой, доктором Гернотом Старке и другими участниками.
Смотри <link xl:href="https://arc42.org">https://arc42.org</link>.</simpara>
<simpara><?asciidoc-hr?></simpara>
<sidebar role="arc42help">
<note>
<simpara>Эта версия шаблона содержит подсказки и пояснения.
Используйте для ознакомления с arc42 и понимания концепций.
Для документирования собственной системы лучше использовать <emphasis>простую(plain)</emphasis> версию.</simpara>
</note>
</sidebar>
<simpara><?asciidoc-pagebreak?></simpara>
</preface>
<chapter xml:id="section-introduction-and-goals">
<title>Введение и цели</title>
<sidebar role="arc42help">
<simpara>Описывает соответствующие требования и движущие силы, которые должны учитывать архитекторы программного обеспечения и команда разработчиков.
К ним относятся</simpara>
<itemizedlist>
<listitem>
<simpara>основные бизнес-цели,</simpara>
</listitem>
<listitem>
<simpara>важные особенности,</simpara>
</listitem>
<listitem>
<simpara>основные функциональные требования,</simpara>
</listitem>
<listitem>
<simpara>цели в области качества архитектуры и</simpara>
</listitem>
<listitem>
<simpara>соответствующие заинтересованные стороны и их ожидания</simpara>
</listitem>
</itemizedlist>
</sidebar>
<section xml:id="_обзор_требований">
<title>Обзор требований</title>
<sidebar role="arc42help">
<formalpara>
<title>Содержание</title>
<para>Краткое описание функциональных требований, движущих сил, выжимка требований. Ссылка на (возможно, уже существующие) документы с требованиями
(с номером версии и информацией, где ее найти).</para>
</formalpara>
<formalpara>
<title>Мотивация</title>
<para>С точки зрения конечных пользователей система создается или модифицируется, чтобы
улучшить поддержку деловой активности и/или улучшить качество.</para>
</formalpara>
<formalpara>
<title>Форма</title>
<para>Краткое текстовое описание, вероятно, в табличном формате варианта использования.
Если существуют документы с требованиями, этот обзор должен ссылаться на эти документы.</para>
</formalpara>
<simpara>Сделайте эти выдержки как можно короче. Соблюдайте баланс читабельности этого документа с потенциальной избыточностью по отношению к документам с требованиями</simpara>
<formalpara>
<title>Дальнейшая информация</title>
<para>Смотрите <link xl:href="https://docs.arc42.org/section-1/">Введение и цели</link> в документации arc42.</para>
</formalpara>
</sidebar>
</section>
<section xml:id="_цели_по_качеству">
<title>Цели по качеству</title>
<sidebar role="arc42help">
<formalpara>
<title>Содержание</title>
<para>Три (максимум пять) главных целей в области качества для архитектуры, выполнение которых имеет первостепенное значение для основных заинтересованных сторон.
Здесь действительно имеются в виду цели качества для архитектуры. Не путайте их с целями проекта.
Они необязательно совпадают.</para>
</formalpara>
<simpara>Рассмотрите этот обзор потенциальных тем (на основе стандарта ISO 25010):</simpara>
<informalfigure>
<mediaobject>
<imageobject>
<imagedata fileref="images/01_2_iso-25010-topics-EN-2023.drawio.png"/>
</imageobject>
<textobject><phrase>Категории требований по качеству</phrase></textobject>
</mediaobject>
</informalfigure>
<formalpara>
<title>Мотивация</title>
<para>Вы должны знать цели в области качества наиболее важных заинтересованных сторон, поскольку они будут влиять на фундаментальные архитектурные решения.
Убедитесь, что вы очень конкретно говорите об этих качествах, избегайте модных словечек.
Если вы как архитектор не знаете, как будет оцениваться качество вашей работы&#8230;&#8203;</para>
</formalpara>
<formalpara>
<title>Форма</title>
<para>Таблица с целями по качеству и конкретными сценариями, упорядоченными по приоритетам</para>
</formalpara>
</sidebar>
</section>
<section xml:id="_заинтересованные_стороны">
<title>Заинтересованные стороны</title>
<sidebar role="arc42help">
<formalpara>
<title>Содержание</title>
<para>Подробный обзор заинтересованных сторон системы, т. е. всех лиц, ролей или организаций, которые</para>
</formalpara>
<itemizedlist>
<listitem>
<simpara>должны знать архитектуру</simpara>
</listitem>
<listitem>
<simpara>должны быть уверены в архитектуре</simpara>
</listitem>
<listitem>
<simpara>работать с архитектурой или с кодом</simpara>
</listitem>
<listitem>
<simpara>нуждаются в архитектурной документации для своей работы</simpara>
</listitem>
<listitem>
<simpara>должны принимать решения о системе или ее развитии</simpara>
</listitem>
</itemizedlist>
<formalpara>
<title>Мотивация</title>
<para>Вы должны знать все стороны, участвующие в разработке системы или затронутые системой.
В противном случае вы можете получить неприятные сюрпризы позже в процессе разработки.
Эти заинтересованные стороны определяют степень и уровень детализации вашей работы и ее результатов.</para>
</formalpara>
<formalpara>
<title>Форма</title>
<para>Таблица именами людей, их ролями и ожиданиями в отношении архитектуры и ее документации.</para>
</formalpara>
</sidebar>
<informaltable frame="all" rowsep="1" colsep="1">
<tgroup cols="3">
<colspec colname="col_1" colwidth="20*"/>
<colspec colname="col_2" colwidth="40*"/>
<colspec colname="col_3" colwidth="40*"/>
<thead>
<row>
<entry align="left" valign="top">Роль/Имя</entry>
<entry align="left" valign="top">Контактные данные</entry>
<entry align="left" valign="top">Ожидания</entry>
</row>
</thead>
<tbody>
<row>
<entry align="left" valign="top"><simpara><emphasis>&lt;Роль-1&gt;</emphasis></simpara></entry>
<entry align="left" valign="top"><simpara><emphasis>&lt;Контактные-данные-1&gt;</emphasis></simpara></entry>
<entry align="left" valign="top"><simpara><emphasis>&lt;Ожидания-1&gt;</emphasis></simpara></entry>
</row>
<row>
<entry align="left" valign="top"><simpara><emphasis>&lt;Роль-2&gt;</emphasis></simpara></entry>
<entry align="left" valign="top"><simpara><emphasis>&lt;Контактные-данные-2&gt;</emphasis></simpara></entry>
<entry align="left" valign="top"><simpara><emphasis>&lt;Ожидания-2&gt;</emphasis></simpara></entry>
</row>
</tbody>
</tgroup>
</informaltable>
<simpara><?asciidoc-pagebreak?></simpara>
</section>
</chapter>
<chapter xml:id="section-architecture-constraints">
<title>Архитектурные ограничения</title>
<sidebar role="arc42help">
<formalpara>
<title>Содержание</title>
<para>Любое требование, ограничивающее архитекторов программного обеспечения в их свободе проектирования и решений по реализации или в принятии решений о процессе разработки. Эти ограничения иногда выходят за рамки отдельных систем и действительны для целых организаций и компаний.</para>
</formalpara>
<formalpara>
<title>Мотивация</title>
<para>Архитекторы должны точно знать, где они свободны в своих проектных решениях, а где должны придерживаться ограничений.
С ограничениями всегда нужно иметь дело; хотя они могут быть предметом переговоров.</para>
</formalpara>
<formalpara>
<title>Форма</title>
<para>Простые таблицы ограничений с пояснениями.
При необходимости вы можете разделить их на
технические ограничения, организационные и политические ограничения и
соглашения (например, рекомендации по программированию или управлению версиями, документация или соглашения о наименованиях)</para>
</formalpara>
<formalpara>
<title>Дальнейшая информация</title>
<para>Смотрите <link xl:href="https://docs.arc42.org/section-2/">Архитектурные ограничения</link> в документации arc42.</para>
</formalpara>
</sidebar>
<simpara><?asciidoc-pagebreak?></simpara>
</chapter>
<chapter xml:id="section-context-and-scope">
<title>Контекст и рамки</title>
<sidebar role="arc42help">
<formalpara>
<title>Содержание</title>
<para>Контекст и область действия — как следует из названия — разграничивают вашу систему (ее рамки) от всех партнеров с которыми она коммуницирует (соседние системы и пользователи, т.е. контекст вашей системы). Таким образом, он определяет внешние интерфейсы.</para>
</formalpara>
<simpara>При необходимости различайте бизнес-контекст (специфические для предметной области входы и выходы) и технический контекст (каналы, протоколы, аппаратное обеспечение).</simpara>
<formalpara>
<title>Мотивация</title>
<para>Интерфейсы домена и технические интерфейсы для коммуникационных партнеров являются одними из наиболее важных аспектов вашей системы. Убедитесь, что вы их полностью понимаете.</para>
</formalpara>
<formalpara>
<title>Форма</title>
<para>Различные варианты:</para>
</formalpara>
<itemizedlist>
<listitem>
<simpara>Контекстные диаграммы</simpara>
</listitem>
<listitem>
<simpara>Списки коммуникационных партнеров и их интерфейсов.</simpara>
</listitem>
</itemizedlist>
<formalpara>
<title>Дальнейшая информация</title>
<para>Смотрите <link xl:href="https://docs.arc42.org/section-3/">Context and Scope</link> в документации arc42.</para>
</formalpara>
</sidebar>
<section xml:id="_бизнес_контекст">
<title>Бизнес контекст</title>
<sidebar role="arc42help">
<formalpara>
<title>Содержание</title>
<para>Спецификация <emphasis role="strong">всех</emphasis> коммуникационных партнеров (пользователи, ИТ-системы, &#8230;&#8203;) с пояснениями входных и выходных данных или интерфейсов, специфичных для предметной области.
При желании вы можете добавить специфичные для домена форматы или протоколы связи.</para>
</formalpara>
<formalpara>
<title>Мотивация</title>
<para>Все заинтересованные стороны должны понимать, какими данными система обменивается со средой.</para>
</formalpara>
<formalpara>
<title>Форма</title>
<para>Все виды диаграмм, изображающих систему в виде черного ящика и определяющих интерфейсы домена для коммуникационных партнеров.</para>
</formalpara>
<simpara>В качестве альтернативы (или дополнительно) можно использовать таблицу.
Заголовок таблицы — это имя вашей системы, три столбца содержат имя партнера, с которым происходит коммуникация, входы и выходы.</simpara>
</sidebar>
<simpara><emphasis role="strong">&lt;Диаграмма или таблица&gt;</emphasis></simpara>
<simpara><emphasis role="strong">&lt;необязательно: объяснение внешних доменных интерфейсов&gt;</emphasis></simpara>
</section>
<section xml:id="_технический_контекст">
<title>Технический контекст</title>
<sidebar role="arc42help">
<formalpara>
<title>Содержание</title>
<para>Технические интерфейсы (каналы и среды передачи), связывающие вашу систему с окружающей средой. Кроме того, сопоставление ввода/вывода, специфичного для предметной области, с каналами, то есть объяснение, какой ввод/вывод использует какой канал.</para>
</formalpara>
<formalpara>
<title>Мотивация</title>
<para>Многие заинтересованные стороны принимают архитектурные решения на основе технических интерфейсов между системой и ее контекстом. Зачастую разработчики инфраструктуры или оборудования выбирают эти технические интерфейсы.</para>
</formalpara>
<formalpara>
<title>Форма</title>
<para>Например, диаграмма развертывания UML, описывающая каналы к соседним системам,
вместе с таблицей сопоставления, показывающей взаимосвязь между каналами и вводом/выводом.</para>
</formalpara>
</sidebar>
<simpara><emphasis role="strong">&lt;Диаграмма или таблица&gt;</emphasis></simpara>
<simpara><emphasis role="strong">&lt;необязательно: Пояснения к техническим интерфейсам&gt;</emphasis></simpara>
<simpara><emphasis role="strong">&lt;Сопоставление ввода/вывода с каналами&gt;</emphasis></simpara>
<simpara><?asciidoc-pagebreak?></simpara>
</section>
</chapter>
<chapter xml:id="section-solution-strategy">
<title>Стратегия решения</title>
<sidebar role="arc42help">
<formalpara>
<title>Содержание</title>
<para>Краткое изложение и объяснение основных решений и стратегии, формирующих архитектуру системы. Они включают</para>
</formalpara>
<itemizedlist>
<listitem>
<simpara>технологические решения</simpara>
</listitem>
<listitem>
<simpara>решения о декомпозиции системы на верхнем уровне, т.е. использование архитектурного шаблона или шаблона проектирования</simpara>
</listitem>
<listitem>
<simpara>решения о том, как достичь ключевых целей в области качества</simpara>
</listitem>
<listitem>
<simpara>соответствующие организационные решения, т.е. выбор процесса разработки или делегирование определенных задач третьим лицам.</simpara>
</listitem>
</itemizedlist>
<formalpara>
<title>Мотивация</title>
<para>Эти решения ложатся в основу вашей архитектуры. На них опираются многие другие более специфические решения или правила реализации.</para>
</formalpara>
<formalpara>
<title>Форма</title>
<para>Объяснения таких ключевых решений должны быть короткими.</para>
</formalpara>
<simpara>Мотивируйте решение (и почему было решено именно так)
на основе постановки задачи, целей в области качества и ключевых ограничений.
Подробности см. в следующих разделах.</simpara>
<formalpara>
<title>Дальнейшая информация</title>
<para>Смотрите <link xl:href="https://docs.arc42.org/section-4/">Стратегия решения</link> в документации arc42.</para>
</formalpara>
</sidebar>
<simpara><?asciidoc-pagebreak?></simpara>
</chapter>
<chapter xml:id="section-building-block-view">
<title>Представление строительных блоков</title>
<sidebar role="arc42help">
<formalpara>
<title>Содержание</title>
<para>Представление строительных блоков показывает статическую декомпозицию системы на строительные блоки (модули, компоненты, подсистемы, классы, интерфейсы, пакеты, библиотеки, фреймворки, слои, партиции, уровни, функции, макросы, операции, структуры данных, &#8230;&#8203;) а также их зависимости (отношения, ассоциации, &#8230;&#8203;)</para>
</formalpara>
<simpara>Это представление является обязательным для любой архитектурной документации.
По аналогии с домом это <emphasis>план этажа</emphasis>.</simpara>
<formalpara>
<title>Мотивация</title>
<para>Поддерживайте структуру исходного кода понятной с помощью абстракций.</para>
</formalpara>
<simpara>Это позволит вам общаться с заинтересованными лицами на абстрактном уровне, не раскрывая деталей реализации.</simpara>
<formalpara>
<title>Форма</title>
<para>Представление стандартных блоков представляет собой иерархическую коллекцию черных и белых ящиков.
(см. рисунок ниже) и их описания.</para>
</formalpara>
<informalfigure>
<mediaobject>
<imageobject>
<imagedata fileref="images/05_building_blocks-EN.png"/>
</imageobject>
<textobject><phrase>Иерархия строительных блоков</phrase></textobject>
</mediaobject>
</informalfigure>
<simpara><emphasis role="strong">Уровень 1</emphasis> представляет собой описание всей системы в виде «белого ящика» вместе с описаниями всех содержащихся строительных блоков в виде «черных ящиков».</simpara>
<simpara><emphasis role="strong">Уровень 2</emphasis> раскрывает детали некоторых строительных блоков уровня 1.
Таким образом, он содержит описание «белого ящика» выбранных строительных блоков уровня 1 вместе с описанием их внутренних строительных блоков как «черных ящиков».</simpara>
<simpara><emphasis role="strong">Уровень 3</emphasis> увеличивает масштаб выбранных строительных блоков уровня 2 и так далее.</simpara>
<formalpara>
<title>Дальнейшая информация</title>
<para>Смотрите <link xl:href="https://docs.arc42.org/section-5/">Представление строительных блоков</link> в документации arc42.</para>
</formalpara>
</sidebar>
<section xml:id="_система_в_общем_белый_ящик">
<title>Система в общем («белый ящик»)</title>
<sidebar role="arc42help">
<simpara>Здесь вы описываете декомпозицию всей системы, используя следующий шаблон белого ящика. Описание содержит</simpara>
<itemizedlist>
<listitem>
<simpara>обзорную схему</simpara>
</listitem>
<listitem>
<simpara>мотивацию декомпозиции</simpara>
</listitem>
<listitem>
<simpara>описания содержащихся строительных блоков («черный ящик»). Для них мы предлагаем альтернативы:</simpara>
<itemizedlist>
<listitem>
<simpara>используйте <emphasis>одну</emphasis> таблицу для краткого и практичного обзора всех содержащихся строительных блоков и их интерфейсов</simpara>
</listitem>
<listitem>
<simpara>используйте список описаний составных частей «черного ящика» в соответствии с шаблоном «черного ящика» (см. ниже).</simpara>
</listitem>
</itemizedlist>
</listitem>
</itemizedlist>
<simpara>В зависимости от выбранного вами инструмента этот список может состоять из подглав (в текстовых файлах), подстраниц (в Wiki) или вложенных элементов (в инструменте моделирования).</simpara>
<itemizedlist>
<listitem>
<simpara>(необязательно:) важные интерфейсы, которые не объясняются в шаблонах «черного ящика» строительных блоков, но очень важны для понимания белого «ящика».
Поскольку существует так много способов указать интерфейсы, почему бы не предоставить для них специальный шаблон.
В худшем случае вам придется указать и описать синтаксис, семантику, протоколы, обработку ошибок,
ограничения, версии, качества, необходимые совместимости и многое другое.
В лучшем случае вам сойдут с рук примеры или простые подписи.</simpara>
</listitem>
</itemizedlist>
</sidebar>
<simpara><emphasis><emphasis role="strong">&lt;Обзорная диаграмма&gt;</emphasis></emphasis></simpara>
<variablelist>
<varlistentry>
<term>Мотивация</term>
<listitem>
<simpara><emphasis>&lt;текстовое объяснение&gt;</emphasis></simpara>
</listitem>
</varlistentry>
<varlistentry>
<term>Содержащиеся строительные блоки</term>
<listitem>
<simpara><emphasis>&lt;Описание строительных блоков (черные ящики)&gt;</emphasis></simpara>
</listitem>
</varlistentry>
<varlistentry>
<term>Важные интерфейсы</term>
<listitem>
<simpara><emphasis>&lt;Описание важных интерфейсов&gt;</emphasis></simpara>
</listitem>
</varlistentry>
</variablelist>
<sidebar role="arc42help">
<simpara>Вставьте свои объяснения черных «ящиков» из уровня 1:</simpara>
<simpara>Если вы используете табличную форму, вы будете описывать только свои черные ящики с именем и
ответственности по следующей схеме:</simpara>
<informaltable frame="all" rowsep="1" colsep="1">
<tgroup cols="2">
<colspec colname="col_1" colwidth="33.3333*"/>
<colspec colname="col_2" colwidth="66.6667*"/>
<thead>
<row>
<entry align="left" valign="top"><emphasis role="strong">Название</emphasis></entry>
<entry align="left" valign="top"><emphasis role="strong">Ответственность</emphasis></entry>
</row>
</thead>
<tbody>
<row>
<entry align="left" valign="top"><simpara><emphasis>&lt;Черный ящик 1&gt;</emphasis></simpara></entry>
<entry align="left" valign="top"><simpara> <emphasis>&lt;Текст&gt;</emphasis></simpara></entry>
</row>
<row>
<entry align="left" valign="top"><simpara><emphasis>&lt;Черный ящик 2&gt;</emphasis></simpara></entry>
<entry align="left" valign="top"><simpara> <emphasis>&lt;Текст&gt;</emphasis></simpara></entry>
</row>
</tbody>
</tgroup>
</informaltable>
<simpara>Если вы используете список описаний «черного ящика», то вы заполняете отдельный шаблон «черного ящика» для каждого важного стандартного блока.
Его заголовок — название черного ящика.</simpara>
</sidebar>
<section xml:id="_название_черного_ящика_1">
<title>&lt;Название черного ящика 1&gt;</title>
<sidebar role="arc42help">
<simpara>Здесь вы описываете &lt;черный ящик 1&gt;
в соответствии со следующим шаблоном:</simpara>
<itemizedlist>
<listitem>
<simpara>Цель/ответственность</simpara>
</listitem>
<listitem>
<simpara>Интерфейс(ы), если они не описаны отдельными абзацами. Эти интерфейсы могут включать качества и характеристики производительности.</simpara>
</listitem>
<listitem>
<simpara>(Необязательно) Характеристики качества/производительности «черного ящика», например, доступность, поведение во время выполнения, &#8230;&#8203;.</simpara>
</listitem>
<listitem>
<simpara>(Необязательно) расположение каталога/файла</simpara>
</listitem>
<listitem>
<simpara>(Необязательно) Выполненные требования (если вам нужна прослеживаемость к требованиям).</simpara>
</listitem>
<listitem>
<simpara>(Необязательно) Открытые вопросы/проблемы/риски</simpara>
</listitem>
</itemizedlist>
</sidebar>
<simpara><emphasis>&lt;Цель/обязанности&gt;</emphasis></simpara>
<simpara><emphasis>&lt;Интерфейс(ы)&gt;</emphasis></simpara>
<simpara><emphasis>&lt;(Необязательно) Характеристики качества/производительности&gt;</emphasis></simpara>
<simpara><emphasis>&lt;(Необязательно) Папка/Расположение файла&gt;</emphasis></simpara>
<simpara><emphasis>&lt;(Необязательно) Выполненные требования&gt;</emphasis></simpara>
<simpara><emphasis>&lt;(необязательно) Открытые проблемы/проблемы/риски&gt;</emphasis></simpara>
</section>
<section xml:id="_название_черного_ящика_2">
<title>&lt;Название черного ящика 2&gt;</title>
<simpara><emphasis>&lt;шаблон черного ящика&gt;</emphasis></simpara>
</section>
<section xml:id="_название_черного_ящика_n">
<title>&lt;Название черного ящика n&gt;</title>
<simpara><emphasis>&lt;шаблон черного ящика&gt;</emphasis></simpara>
</section>
<section xml:id="_название_интерфейса_1">
<title>&lt;Название интерфейса 1&gt;</title>
<simpara>&#8230;&#8203;</simpara>
</section>
<section xml:id="_название_интерфейса_m">
<title>&lt;Название интерфейса m&gt;</title>

</section>
</section>
<section xml:id="_уровень_2">
<title>Уровень 2</title>
<sidebar role="arc42help">
<simpara>Здесь вы можете указать внутреннюю структуру (некоторых) строительных блоков первого уровня в виде «белого ящика».</simpara>
<simpara>Вы должны решить, какие строительные блоки вашей системы достаточно важны, чтобы оправдать такое подробное описание.
Пожалуйста, предпочтите релевантность полноте. Укажите важные, неожиданные, рискованные, сложные или изменчивые строительные блоки.
Исключите нормальные, простые, скучные или стандартизированные части вашей системы.</simpara>
</sidebar>
<section xml:id="_белый_ящик_строительный_блок_1">
<title>Белый ящик <emphasis>&lt;строительный блок 1&gt;</emphasis></title>
<sidebar role="arc42help">
<simpara>&#8230;&#8203;описывает внутреннюю структуру <emphasis>строительного блока 1</emphasis>.</simpara>
</sidebar>
<simpara><emphasis>&lt;шаблон белого ящика&gt;</emphasis></simpara>
</section>
<section xml:id="_белый_ящик_строительный_блок_2">
<title>Белый ящик <emphasis>&lt;строительный блок 2&gt;</emphasis></title>
<simpara><emphasis>&lt;шаблон белого ящика&gt;</emphasis></simpara>
<simpara>&#8230;&#8203;</simpara>
</section>
<section xml:id="_белый_ящик_строительный_блок_m">
<title>Белый ящик <emphasis>&lt;строительный блок m&gt;</emphasis></title>
<simpara><emphasis>&lt;шаблон белого ящика&gt;</emphasis></simpara>
</section>
</section>
<section xml:id="_уровень_3">
<title>Уровень 3</title>
<sidebar role="arc42help">
<simpara>Если вам нужны более подробные уровни вашей архитектуры, скопируйте эту
часть arc42 для дополнительных уровней.</simpara>
</sidebar>
<section xml:id="_белый_ящик_строительный_блок_x_1">
<title>Белый ящик &lt;_строительный блок x.1_&gt;</title>
<sidebar role="arc42help">
<simpara>Описывает внутреннюю структуру <emphasis>строительного блока x.1</emphasis>.</simpara>
</sidebar>
<simpara><emphasis>&lt;шаблон белого ящика&gt;</emphasis></simpara>
</section>
<section xml:id="_белый_ящик_строительный_блок_x_2">
<title>Белый ящик &lt;_строительный блок x.2_&gt;</title>
<simpara><emphasis>&lt;шаблон белого ящика&gt;</emphasis></simpara>
</section>
<section xml:id="_белый_ящик_строительный_блок_y_1">
<title>Белый ящик &lt;_строительный блок y.1_&gt;</title>
<simpara><emphasis>&lt;шаблон белого ящика&gt;</emphasis></simpara>
<simpara><?asciidoc-pagebreak?></simpara>
</section>
</section>
</chapter>
<chapter xml:id="section-runtime-view">
<title>Представление времени выполнения</title>
<sidebar role="arc42help">
<formalpara>
<title>Содержание</title>
<para>Представление времени выполнения описывает конкретное поведение и взаимодействие строительных блоков системы в виде сценариев из следующих областей:</para>
</formalpara>
<itemizedlist>
<listitem>
<simpara>важные варианты использования или функции: как строительные блоки их выполняют?</simpara>
</listitem>
<listitem>
<simpara>взаимодействия на критических внешних интерфейсах: как строительные блоки взаимодействуют с пользователями и соседними системами?</simpara>
</listitem>
<listitem>
<simpara>эксплуатация и администрирование: запуск, запуск, остановка</simpara>
</listitem>
<listitem>
<simpara>сценарии ошибок и исключений</simpara>
</listitem>
</itemizedlist>
<simpara>Примечание: Основным критерием выбора возможных сценариев (последовательностей, рабочих процессов) является их <emphasis role="strong">архитектурная релевантность</emphasis>.
<emphasis role="strong">Не</emphasis> нужно без надобности описывать большое количество сценариев.
Вам лучше задокументировать репрезентативный выбор.</simpara>
<formalpara>
<title>Мотивация</title>
<para>Вы должны понимать, как (экземпляры) строительных блоков вашей системы выполняют свою работу и взаимодействуют во время выполнения.
В основном вы будете фиксировать сценарии в своей документации, чтобы сообщить о своей архитектуре заинтересованным сторонам, которые менее склонны или не способны читать и понимать статические модели (представление стандартных блоков, представление развертывания).</para>
</formalpara>
<formalpara>
<title>Форма</title>
<para>Существует множество обозначений для описания сценариев, например.</para>
</formalpara>
<itemizedlist>
<listitem>
<simpara>пронумерованный список шагов (на естественном языке)</simpara>
</listitem>
<listitem>
<simpara>диаграммы деятельности (activity diagrams) или блок-схемы</simpara>
</listitem>
<listitem>
<simpara>диаграммы последовательности (sequence diagrams)</simpara>
</listitem>
<listitem>
<simpara>BPMN или EPC (цепочки обработки событий)</simpara>
</listitem>
<listitem>
<simpara>конечные автоматы</simpara>
</listitem>
<listitem>
<simpara>&#8230;&#8203;</simpara>
</listitem>
</itemizedlist>
<formalpara>
<title>Дальнейшая информация</title>
<para>Смотри <link xl:href="https://docs.arc42.org/section-6/">Представление времени выполнения</link> в документации arc42.</para>
</formalpara>
</sidebar>
<section xml:id="_сценарий_времени_выполнения_1">
<title>&lt;Сценарий времени выполнения 1&gt;</title>
<itemizedlist>
<listitem>
<simpara><emphasis>&lt;вставьте диаграмму выполнения или текстовое описание сценария&gt;</emphasis></simpara>
</listitem>
<listitem>
<simpara><emphasis>&lt;вставьте описание важных аспектов взаимодействия между экземплярами стандартных блоков, изображенных на этой диаграмме.&gt;</emphasis></simpara>
</listitem>
</itemizedlist>
</section>
<section xml:id="_сценарий_времени_выполнения_2">
<title>&lt;Сценарий времени выполнения 2&gt;</title>

</section>
<section xml:id="">
<title>&#8230;&#8203;</title>

</section>
<section xml:id="_сценарий_времени_выполнения_n">
<title>&lt;Сценарий времени выполнения n&gt;</title>
<simpara><?asciidoc-pagebreak?></simpara>
</section>
</chapter>
<chapter xml:id="section-deployment-view">
<title>Представления развертывания</title>
<sidebar role="arc42help">
<simpara>Представление развертывания описывает:</simpara>
<orderedlist numeration="arabic">
<listitem>
<simpara>техническую инфраструктуру, используемую для работы вашей системы, с элементами инфраструктуры, такими как географические местоположения, среды, компьютеры, процессоры, каналы и сетевые топологии, а также другие элементы инфраструктуры и</simpara>
</listitem>
<listitem>
<simpara>сопоставление строительных блоков (программного обеспечения) с этими элементами инфраструктуры.</simpara>
</listitem>
</orderedlist>
<simpara>Часто системы выполняются в разных средах, например. среда разработки, тестовая среда, продакшн.
В таких случаях вы должны задокументировать все соответствующие среды.</simpara>
<simpara>Особенно важно задокументировать представление развертывания, если ваше программное обеспечение выполняется в виде распределенной системы с более чем одним компьютером, процессором, сервером или контейнером; или когда вы проектируете и создаете свои собственные аппаратные процессоры и микросхемы.</simpara>
<simpara>С точки зрения программного обеспечения достаточно зафиксировать только те элементы инфраструктуры, которые необходимы для демонстрации развертывания ваших строительных блоков.
Архитекторы аппаратного обеспечения могут пойти дальше и описать инфраструктуру с любым уровнем детализации, который им необходим.</simpara>
<formalpara>
<title>Мотивация</title>
<para>Программное обеспечение не работает без аппаратного обеспечения.
Эта базовая инфраструктура может и будет влиять на систему и/или некоторые сквозные (сквозные) концепции.
Поэтому необходимо знать инфраструктуру.</para>
</formalpara>
<formalpara>
<title>Форма</title>
<para>Возможно, схема развертывания самого высокого уровня уже содержится в разделе 3.2. в виде технического контекста с собственной инфраструктурой, описанного ОДНИМ черным ящиком.
В этом разделе можно раскрыть этот черный ящик, используя дополнительные диаграммы развертывания:</para>
</formalpara>
<itemizedlist>
<listitem>
<simpara>UML предлагает диаграммы развертывания, чтобы выразить это представление.
Используйте его, возможно, с вложенными диаграммами, в случае если ваша инфраструктура более сложна.</simpara>
</listitem>
<listitem>
<simpara>Если заинтересованные стороны (связанные с аппаратным обеспечением) предпочитают другие виды диаграмм, а не диаграмму развертывания, позвольте им использовать любой вид, способный отображать узлы и каналы инфраструктуры.</simpara>
</listitem>
</itemizedlist>
<formalpara>
<title>Дальнейшая информация</title>
<para>Смотри <link xl:href="https://docs.arc42.org/section-7/">Представление развертывания</link> в документации arc42.</para>
</formalpara>
</sidebar>
<section xml:id="_инфраструктурный_уровень_1">
<title>Инфраструктурный уровень 1</title>
<sidebar role="arc42help">
<simpara>Опишите (обычно в комбинации диаграмм, таблиц и текста):</simpara>
<itemizedlist>
<listitem>
<simpara>распределение системы по нескольким местоположениям, средам, компьютерам, процессорам и т. д., а также физическим соединениям между ними</simpara>
</listitem>
<listitem>
<simpara>важные обоснования или мотивы для этой структуры развертывания</simpara>
</listitem>
<listitem>
<simpara>характеристики качества и/или производительности этой инфраструктуры</simpara>
</listitem>
<listitem>
<simpara>сопоставление программных артефактов с элементами этой инфраструктуры</simpara>
</listitem>
</itemizedlist>
<simpara>Для нескольких сред или альтернативных развертываний скопируйте и адаптируйте этот раздел arc42 для всех соответствующих сред.</simpara>
</sidebar>
<simpara><emphasis><emphasis role="strong">&lt;Обзорная диаграмма&gt;</emphasis></emphasis></simpara>
<variablelist>
<varlistentry>
<term>Мотивация</term>
<listitem>
<simpara><emphasis>&lt;объяснение в текстовом виде&gt;</emphasis></simpara>
</listitem>
</varlistentry>
<varlistentry>
<term>Характеристики качества и/или производительности</term>
<listitem>
<simpara><emphasis>&lt;объяснение в текстовом виде&gt;</emphasis></simpara>
</listitem>
</varlistentry>
<varlistentry>
<term>Сопоставление строительных блоков с инфраструктурой</term>
<listitem>
<simpara><emphasis>&lt;описание сопоставления&gt;</emphasis></simpara>
</listitem>
</varlistentry>
</variablelist>
</section>
<section xml:id="_инфраструктурный_уровень_2">
<title>Инфраструктурный уровень 2</title>
<sidebar role="arc42help">
<simpara>Сюда можно включить внутреннюю структуру (некоторых) Инфраструктурных элементов уровня 1.</simpara>
<simpara>Пожалуйста, скопируйте структуру уровня 1 для каждого выбранного элемента.</simpara>
</sidebar>
<section xml:id="_инфраструктурный_элемент_1">
<title><emphasis>&lt;Инфраструктурный элемент 1&gt;</emphasis></title>
<simpara><emphasis>&lt;диаграмма + объяснение&gt;</emphasis></simpara>
</section>
<section xml:id="_инфраструктурный_элемент_2">
<title><emphasis>&lt;Инфраструктурный элемент 2&gt;</emphasis></title>
<simpara><emphasis>&lt;диаграмма + объяснение&gt;</emphasis></simpara>
<simpara>&#8230;&#8203;</simpara>
</section>
<section xml:id="_инфраструктурный_элемент_n">
<title><emphasis>&lt;Инфраструктурный элемент n&gt;</emphasis></title>
<simpara><emphasis>&lt;диаграмма + объяснение&gt;</emphasis></simpara>
<simpara><?asciidoc-pagebreak?></simpara>
</section>
</section>
</chapter>
<chapter xml:id="section-concepts">
<title>Сквозные концепции</title>
<sidebar role="arc42help">
<formalpara>
<title>Содержание</title>
<para>В этом разделе описываются главные правила и идеи решений, которые применимы к нескольким частям (= сквозные) вашей системы.
Такие концепции часто связаны с несколькими строительными блоками.
Они могут включать множество различных тем, таких как</para>
</formalpara>
<itemizedlist>
<listitem>
<simpara>модели, особенно модели предметной области</simpara>
</listitem>
<listitem>
<simpara>архитектура или шаблоны дизайна</simpara>
</listitem>
<listitem>
<simpara>правила использования конкретных технологий</simpara>
</listitem>
<listitem>
<simpara>принципиальные, часто технические решения всеобъемлющего (= сквозного) характера</simpara>
</listitem>
<listitem>
<simpara>правила реализации</simpara>
</listitem>
</itemizedlist>
<formalpara>
<title>Мотивация</title>
<para>Концепции составляют основу <emphasis>концептуальной целостности</emphasis> (непротиворечивости, однородности) архитектуры.
Таким образом, они являются важным вкладом в достижение внутренних качеств вашей системы.</para>
</formalpara>
<simpara>Некоторые из этих концепций не могут быть отнесены к отдельным строительным блокам, например к безопасности или производительности.</simpara>
<formalpara>
<title>Форма</title>
<para>Форма может быть разнообразной:</para>
</formalpara>
<itemizedlist>
<listitem>
<simpara>концептуальные документы любой структуры</simpara>
</listitem>
<listitem>
<simpara>сквозные фрагменты моделей или сценарии с использованием обозначений архитектурных представлений</simpara>
</listitem>
<listitem>
<simpara>примеры реализации, особенно для технических концепций</simpara>
</listitem>
<listitem>
<simpara>ссылка на типичное использование стандартных фреймворков (например, использование Hibernate для объектно-реляционного сопоставления)</simpara>
</listitem>
</itemizedlist>
<formalpara>
<title>Структура</title>
<para>Потенциальная (но не обязательная) структура этого раздела может быть следующей:</para>
</formalpara>
<itemizedlist>
<listitem>
<simpara>Концепции домена</simpara>
</listitem>
<listitem>
<simpara>Концепции взаимодействия с пользователем (UX)</simpara>
</listitem>
<listitem>
<simpara>Концепции безопасности и защиты</simpara>
</listitem>
<listitem>
<simpara>Архитектура и шаблоны проектирования</simpara>
</listitem>
<listitem>
<simpara>"Под капотом"</simpara>
</listitem>
<listitem>
<simpara>концепции развития</simpara>
</listitem>
<listitem>
<simpara>операционные концепции</simpara>
</listitem>
</itemizedlist>
<simpara>Примечание: может быть сложно отнести отдельные концепции к одной конкретной теме в этом списке.</simpara>
<informalfigure>
<mediaobject>
<imageobject>
<imagedata fileref="images/08-concepts-EN.drawio.png"/>
</imageobject>
<textobject><phrase>Возможные темы для сквозных концепций</phrase></textobject>
</mediaobject>
</informalfigure>
<formalpara>
<title>Дальнейшая информация</title>
<para>Смотри <link xl:href="https://docs.arc42.org/section-8/">Концепции</link> в документации arc42.</para>
</formalpara>
</sidebar>
<section xml:id="_концепция_1">
<title><emphasis>&lt;Концепция 1&gt;</emphasis></title>
<simpara><emphasis>&lt;объяснение&gt;</emphasis></simpara>
</section>
<section xml:id="_концепция_2">
<title><emphasis>&lt;Концепция 2&gt;</emphasis></title>
<simpara><emphasis>&lt;объяснение&gt;</emphasis></simpara>
<simpara>&#8230;&#8203;</simpara>
</section>
<section xml:id="_концепция_n">
<title><emphasis>&lt;Концепция n&gt;</emphasis></title>
<simpara><emphasis>&lt;объяснение&gt;</emphasis></simpara>
<simpara><?asciidoc-pagebreak?></simpara>
</section>
</chapter>
<chapter xml:id="section-design-decisions">
<title>Архитектурные решения</title>
<sidebar role="arc42help">
<formalpara>
<title>Содержание</title>
<para>Важные, дорогие, крупномасштабные или рискованные архитектурные решения, включая их обоснование.
Под «решениями» мы подразумеваем выбор одной альтернативы на основе заданных критериев.</para>
</formalpara>
<simpara>Решите сами, следует ли документировать архитектурное решение в этом центральном разделе, или лучше документировать это локально (например, в шаблоне белого ящика одного стандартного блока).</simpara>
<simpara>Избегайте избыточности.
Обратитесь к разделу 4, где вы уже зафиксировали наиболее важные решения вашей архитектуры.</simpara>
<formalpara>
<title>Мотивация</title>
<para>Заинтересованные лица вашей системы должны иметь возможность понять и проследить ваши решения.</para>
</formalpara>
<formalpara>
<title>Форма</title>
<para>Различные варианты:</para>
</formalpara>
<itemizedlist>
<listitem>
<simpara>ADR (<link xl:href="https://cognitect.com/blog/2011/11/15/documenting-architecture-decisions">Документирование архитектурных решений</link>) для каждого важного решения</simpara>
</listitem>
<listitem>
<simpara>Список или таблица, упорядоченные по важности и последствиям или:</simpara>
</listitem>
<listitem>
<simpara>подробнее в виде отдельных разделов по решению</simpara>
</listitem>
</itemizedlist>
<formalpara>
<title>Дальнейшая информация</title>
<para>Смотри <link xl:href="https://docs.arc42.org/section-9/">Архитектурные решения</link> в документации arc42.
Там вы найдете ссылки и примеры по ADR.</para>
</formalpara>
</sidebar>
<simpara><?asciidoc-pagebreak?></simpara>
</chapter>
<chapter xml:id="section-quality-scenarios">
<title>Требования к качеству</title>
<sidebar role="arc42help">
<formalpara>
<title>Содержание</title>
<para>Этот раздел содержит все требования к качеству в виде дерева качества со сценариями. Наиболее важные из них уже были описаны в разделе 1.2. (цели качества)</para>
</formalpara>
<simpara>Здесь вы также можете зафиксировать требования к качеству с меньшим приоритетом,
не создающие высоких рисков будучи не полностью достигнутыми.</simpara>
<formalpara>
<title>Мотивация</title>
<para>Поскольку требования к качеству будут иметь большое влияние на архитектурные
решения, вы должны знать что действительно важно для каждой из заинтересованных сторон (конкретно и измеримо).</para>
</formalpara>
<formalpara>
<title>Дальнейшая информация</title>
<para>Смотри <link xl:href="https://docs.arc42.org/section-10/">Требования к качеству</link> в документации arc42.</para>
</formalpara>
</sidebar>
<section xml:id="_дерево_качества">
<title>Дерево качества</title>
<sidebar role="arc42help">
<formalpara>
<title>Содержание</title>
<para>Дерево качества (как определено в ATAM — Architecture Tradeoff Analysis Method) со сценариями качества/оценки в виде листьев.</para>
</formalpara>
<formalpara>
<title>Мотивация</title>
<para>Древовидная структура с приоритетами обеспечивает обзор большого количества требований к качеству.</para>
</formalpara>
<formalpara>
<title>Форма</title>
<para>Дерево качества представляет собой высокоуровневый обзор целей и требований в области качества:</para>
</formalpara>
<itemizedlist>
<listitem>
<simpara>древовидное уточнение термина «качество». Используйте «качество» или «полезность» в качестве корня</simpara>
</listitem>
<listitem>
<simpara>майндмпеп с категориями качества в качестве основных ветвей</simpara>
</listitem>
</itemizedlist>
<simpara>В любом случае дерево должно включать ссылки на сценарии следующего раздела.</simpara>
</sidebar>
</section>
<section xml:id="_сценарии_качества">
<title>Сценарии качества</title>
<sidebar role="arc42help">
<formalpara>
<title>Содержание</title>
<para>Конкретизация (иногда расплывчатых или неявных) требований к качеству с использованием сценариев (качества).</para>
</formalpara>
<simpara>Эти сценарии описывают, что должно произойти, когда в систему поступает стимул.</simpara>
<simpara>Для архитекторов важны два вида сценариев:</simpara>
<itemizedlist>
<listitem>
<simpara>Сценарии использования (также называемые сценариями приложений или сценариями вариантов использования) описывают реакцию системы во время выполнения на определенный стимул. Сюда также входят сценарии, описывающие эффективность или производительность системы. Пример: Система реагирует на запрос пользователя в течение одной секунды.</simpara>
</listitem>
<listitem>
<simpara>Сценарии изменений описывают модификацию системы или ее ближайшего окружения. Пример: Реализована дополнительная функциональность или изменены требования к атрибуту качества.</simpara>
</listitem>
</itemizedlist>
<formalpara>
<title>Мотивация</title>
<para>Сценарии конкретизируют требования к качеству и позволяют
легче измерить или решить, выполнены ли они.</para>
</formalpara>
<simpara>Особенно, когда вы хотите оценить свою архитектуру, используя такие методы, как
ATAM вам необходимо описать ваши цели в области качества (из раздела 1.2)
точнее до уровня сценариев, которые можно обсуждать и оценивать.</simpara>
<formalpara>
<title>Форма</title>
<para>Табличный или произвольный текст.</para>
</formalpara>
</sidebar>
<simpara><?asciidoc-pagebreak?></simpara>
</section>
</chapter>
<chapter xml:id="section-technical-risks">
<title>Риски и технический долг</title>
<sidebar role="arc42help">
<formalpara>
<title>Содержание</title>
<para>Список выявленных технических рисков или технических долгов, упорядоченный по приоритету</para>
</formalpara>
<formalpara>
<title>Мотивация</title>
<para>«Управление рисками — это управление проектами для взрослых» (Тим Листер, Atlantic Systems Guild).</para>
</formalpara>
<simpara>Это должно быть вашим девизом для систематического обнаружения и оценки рисков и технических задолженностей в архитектуре, которые потребуются управляющим заинтересованным сторонам (например, руководителям проектов, владельцам продуктов) в рамках общего анализа рисков и планирования измерений.</simpara>
<formalpara>
<title>Форма</title>
<para>Список рисков и/или технических долгов, возможно, включая предлагаемые меры по минимизации, смягчению или предотвращению рисков или сокращению технических долгов.</para>
</formalpara>
<formalpara>
<title>Дальнейшая информация</title>
<para>Смотри <link xl:href="https://docs.arc42.org/section-11/">Риски и технический долг</link> в документации arc42.</para>
</formalpara>
</sidebar>
<simpara><?asciidoc-pagebreak?></simpara>
</chapter>
<chapter xml:id="section-glossary">
<title>Глоссарий</title>
<sidebar role="arc42help">
<formalpara>
<title>Содержание</title>
<para>Наиболее важные доменные и технические термины, которые ваши заинтересованные стороны используют при обсуждении системы.</para>
</formalpara>
<simpara>Вы также можете использовать глоссарий в качестве источника переводов, если вы работаете в многоязычной команде.</simpara>
<formalpara>
<title>Мотивация</title>
<para>Вы должны четко определить свои условия, чтобы все заинтересованные стороны</para>
</formalpara>
<itemizedlist>
<listitem>
<simpara>имели одинаковое понимание этих терминов</simpara>
</listitem>
<listitem>
<simpara>не использовали синонимы и омонимы</simpara>
</listitem>
</itemizedlist>
<formalpara>
<title>Форма</title>
<para>Таблица со столбцами &lt;Термин&gt; и &lt;Определение&gt;.</para>
</formalpara>
<simpara>Потенциально больше столбцов на случай, если вам понадобятся переводы.</simpara>
<formalpara>
<title>Дальнейшая информация</title>
<para>Смотри <link xl:href="https://docs.arc42.org/section-12/">Глоссарий</link> в документации arc42.</para>
</formalpara>
</sidebar>
<informaltable frame="all" rowsep="1" colsep="1">
<tgroup cols="2">
<colspec colname="col_1" colwidth="33.3333*"/>
<colspec colname="col_2" colwidth="66.6667*"/>
<thead>
<row>
<entry align="left" valign="top">Термин</entry>
<entry align="left" valign="top">Определение</entry>
</row>
</thead>
<tbody>
<row>
<entry align="left" valign="top"><simpara><emphasis>&lt;Термин-1&gt;</emphasis></simpara></entry>
<entry align="left" valign="top"><simpara><emphasis>&lt;определение-1&gt;</emphasis></simpara></entry>
</row>
<row>
<entry align="left" valign="top"><simpara><emphasis>&lt;Термин-2&gt;</emphasis></simpara></entry>
<entry align="left" valign="top"><simpara><emphasis>&lt;определение-2&gt;</emphasis></simpara></entry>
</row>
</tbody>
</tgroup>
</informaltable>
</chapter>
</book>