<?xml version="1.0" encoding="UTF-8"?>
<!DOCTYPE book PUBLIC "-//OASIS//DTD DocBook XML V4.5//EN" "http://www.oasis-open.org/docbook/xml/4.5/docbookx.dtd">
<?asciidoc-toc?>
<?asciidoc-numbered?>
<book xmlns="http://docbook.org/ns/docbook" lang="en">
<bookinfo>
<title><inlinemediaobject>
  <imageobject>
    <imagedata fileref="images/arc42-logo.png"/>
  </imageobject>
  <textobject><phrase>arc42</phrase></textobject>
</inlinemediaobject> Шаблон</title>
<date>2021-02-22</date>



</bookinfo>
<preface>
<title></title>
<simpara><emphasis role="strong">Об arc42</emphasis></simpara>
<simpara role="lead">arc2, Шаблон для документирования системной
архитектуры и архитектуры решений.</simpara>
<simpara>Создатели: Dr. Gernot Starke, Dr. Peter Hruschka и контрибьюторы</simpara>
<simpara>Версия Шаблона: 7.0 RU (основан на asciidoc), Декабрь 2018</simpara>
<simpara>&#169;
Мы признаём, что в данном документе используются материалы
архитектурного шаблона arc42, <ulink url="http://www.arc42.de">http://www.arc42.de</ulink>.
Создатели: Dr. Peter Hruschka &amp; Dr. Gernot Starke</simpara>
<simpara><?asciidoc-hr?></simpara>

<sidebar role="arc42help">
<note>
<simpara>Данная версия шаблона содержит немного вспомогательной информации и разъяснений.
Она используется для ознакомления с arc42 и понимания его концепций.
Для документирования вашей системы лучше использовать <emphasis>простую версию без комментариев</emphasis>.</simpara>
</note>

</sidebar>

<simpara><?asciidoc-pagebreak?></simpara>

</preface>

<chapter id="section-introduction-and-goals">
<title>Введение и цели</title>
<sidebar role="arc42help">
<simpara>Опишите релевантные требования и движущие факторы, которые должны быть приняты во внимание командой разработки. Они включают в себя</simpara>
<itemizedlist>
<listitem>
<simpara>основные бизнес-цели, основные возможности системы и функциональные требования к системе</simpara>
</listitem>
<listitem>
<simpara>качественные цели для архитектуры</simpara>
</listitem>
<listitem>
<simpara>основных стейкхолдеров и их ожидания от системы</simpara>
</listitem>
</itemizedlist>

</sidebar>

<section id="_">
<title>Обзор требований</title>
<sidebar role="arc42help">
<formalpara>
<title>Содержание</title>
<para>Краткое описание функциональных требований, движущих сил, выжимка (или обобщенное описание) общих
требований к системе. Ссылки на документы с требованиями с указанием версии и расположения документов (если, конечно, они у вас есть).</para>
</formalpara>
<formalpara>
<title>Мотивация</title>
<para>С точки зрения конечных пользователей, система создается или дорабатывается, чтобы
улучшить поддержку бизнес-активностей и/или для улучшения качества системы в целом.</para>
</formalpara>
<formalpara>
<title>Форма</title>
<para>Краткое текстовое описание, возможно, в формате таблицы со сценариями использования.
Старайтесь быть лаконичными. Необходимо соблюсти баланс читабельности и избыточности,
не надо переписывать здесь весь список требований из связанных документов.</para>
</formalpara>
</sidebar>

</section>
<section id="__2">
<title>Качественные цели архитектуры</title>
<sidebar role="arc42help">
<formalpara>
<title>Содержание</title>
<para>Важнейшие три (максимум пять) характеристик качества архитектуры, достижение которых имеет первостепенное значение для основных стейкхолдеров.
В данном контексте имеются в виду именно целевые атрибуты качества архитектуры, а не проекта в целом&#8201;&#8212;&#8201;они не обязательно идентичны друг другу.</para>
</formalpara>
<formalpara>
<title>Мотивация</title>
<para>Вы должны знать о качественных целях, которые наиболее важны для ваших стейкхолдеров, так как они будут оказывать влияние
на фундаметальные архитектурные решения. Убедитесь, что вы точно описали ожидаемые результаты, старайтесь избегать жаргонизмов и баззвордов.
Если вы как архитектор не знаете, как будет оцениваться качество вашей работы, то как вы будете её выполнять?</para>
</formalpara>
<formalpara>
<title>Форма</title>
<para>Таблица с атрибутами качества и сценариями описания их характеристик, в порядке приоритета достижения.</para>
</formalpara>
</sidebar>

</section>
<section id="__3">
<title>Ключевые участники (стейкхолдеры)</title>
<sidebar role="arc42help">
<formalpara>
<title>Содержание</title>
<para>Явное описание стейкхолдеров системы, в том числе всех людей, ролей или организаций, которые:</para>
</formalpara>
<itemizedlist>
<listitem>
<simpara>должны знать итоговую архитектуру решения</simpara>
</listitem>
<listitem>
<simpara>должны быть уверены в её качестве</simpara>
</listitem>
<listitem>
<simpara>должны работать с архитектурой системы или с её кодом</simpara>
</listitem>
<listitem>
<simpara>должны использовать архитектурную документацию в своей работе</simpara>
</listitem>
<listitem>
<simpara>должны принимать решения о разработке системы или её развитии</simpara>
</listitem>
</itemizedlist>

<formalpara>
<title>Мотивация</title>
<para>Вы должны знать знать всех, кто вовлечен в процесс разработки системы или будет каким-то образом затронут её функционированием.
Иначе, вы можете столкнуться с неприятными сюрпризами в процессе дальнейшей разработки системы.
Именно эти стейкхолдеры определяют степень и уровень детализации вашей работы и её результатов.</para>
</formalpara>
<formalpara>
<title>Форма</title>
<para>Таблица с названиями ролей/именами участников вместе с их ожиданиями от системы, её архитектуры и документации.</para>
</formalpara>
</sidebar>

<informaltable frame="all"
    rowsep="1" colsep="1">
  
  <tgroup cols="3">
    
    <colspec colname="col_1" colwidth="20*"/>
    
    <colspec colname="col_2" colwidth="40*"/>
    
    <colspec colname="col_3" colwidth="40*"/>
    
    
    <thead>
      
      <row>
        
        <entry align="left" valign="top">Роль/Имя</entry>
        
        <entry align="left" valign="top">Контактные данные</entry>
        
        <entry align="left" valign="top">Ожидания</entry>
        
      </row>
      
    </thead>
    
    <tbody>
      
      <row>
        
        <entry align="left" valign="top"><simpara><emphasis>&lt;Роль-1&gt;</emphasis></simpara></entry>
        
        <entry align="left" valign="top"><simpara><emphasis>&lt;Контактные данные-1</emphasis>&gt;</simpara></entry>
        
        <entry align="left" valign="top"><simpara><emphasis>&lt;Ожидание-1&gt;</emphasis></simpara></entry>
        
      </row>
      
      <row>
        
        <entry align="left" valign="top"><simpara><emphasis>&lt;Роль-2&gt;</emphasis></simpara></entry>
        
        <entry align="left" valign="top"><simpara><emphasis>&lt;Контактные данные-2&gt;</emphasis></simpara></entry>
        
        <entry align="left" valign="top"><simpara><emphasis>&lt;Ожидание-2&gt;</emphasis></simpara></entry>
        
      </row>
      
    </tbody>
    
  </tgroup>
</informaltable>

<simpara><?asciidoc-pagebreak?></simpara>

</section>
</chapter>
<chapter id="section-architecture-constraints">
<title>Архитектурные ограничения</title>
<sidebar role="arc42help">
<formalpara>
<title>Содержание</title>
<para>В этом разделе должны быть описаны любые требования к системе, которые ограничивают свободу принятия решений по разработке архитектуры
системы и/или процесса её реализации. Иногда эти ограничения выходят за рамки отдельных систем и распространяются на целые компании и организации.</para>
</formalpara>
<formalpara>
<title>Мотивация</title>
<para>Архитекторы должны точно знать, в каких пределах они могут принимать решения по архитектуре или процессу разработки системы.
Ограничения есть всегда, тем не менее, часть из них может быть предметом обсуждений и переговоров.</para>
</formalpara>
<formalpara>
<title>Форма</title>
<para>Простая таблица с ограничениями и их описанием.
При необходимости, можно ввести разделению на технологические, орагнизационные и политические ограничения
и соглашения (в том числе, гайдлайны организации кода, соглашения о наименовании объектов или форматах документации).</para>
</formalpara>
</sidebar>

<simpara><?asciidoc-pagebreak?></simpara>

</chapter>
<chapter id="section-system-scope-and-context">
<title>Границы и окружение системы</title>
<sidebar role="arc42help">
<formalpara>
<title>Содержание</title>
<para>Границы и окружение по определению отделяют вашу систему от всех взаимодействующих с ней партнёров
(соседних систем и пользователей). Именно через них определяются внешние интерфейсы.</para>
</formalpara>
<simpara>При необходимости, разделите окружение системы на бизнес контекст (специфичные доменные входы/выходы системы) и технический контекст (каналы связи,протоколы, техническое обеспечение).</simpara>
<formalpara>
<title>Мотивация</title>
<para>Доменные и технические интерфейсы для взаимодействия с партнёрами входят в число наиболее критических аспектов вашей системы. Убедитесь,
что вы полностью их проработали.</para>
</formalpara>
<formalpara>
<title>Форма</title>
<para>Можно использовать различные варианты:</para>
</formalpara>
<itemizedlist>
<listitem>
<simpara>Контекстные диаграммы</simpara>
</listitem>
<listitem>
<simpara>Список взаимодействующих партнёров и их интерфейсы</simpara>
</listitem>
</itemizedlist>

</sidebar>

<section id="__4">
<title>Бизнес контекст</title>
<sidebar role="arc42help">
<formalpara>
<title>Содержание</title>
<para>Спецификация <emphasis role="strong">всех</emphasis> участников взаимодействия с системой (пользователи, другие IT-системы, &#8230;) с описание специфических для вашего домена входных и
выходных данных или интерфейсов.
Опционально вы можете добавить доменные форматы или протоколы взаимодействия.</para>
</formalpara>
<formalpara>
<title>Мотивация</title>
<para>Все стейкхолдеры должны понимать, какими данными производится обмен на границе системы с её окружением.</para>
</formalpara>
<formalpara>
<title>Форма</title>
<para>Любые виды диаграмм, которые показывают систему в виде черного ящика и специфицируют доменные интерфейсы для участников взаимодействий.</para>
</formalpara>
<simpara>Альтернативно (или дополнительно) можно использовать таблицу.
Заголовок&#8201;&#8212;&#8201;название системы, три столбца отображают название участника взаимодействия, входные и выходные данные, соответственно.</simpara>
</sidebar>

<simpara><emphasis role="strong">&lt;Диаграмма или таблица&gt;</emphasis></simpara>
<simpara><emphasis role="strong">&lt;Опционально: Описание внешних доменных интерфейсов&gt;</emphasis></simpara>
</section>
<section id="__5">
<title>Технический контекст</title>
<sidebar role="arc42help">
<formalpara>
<title>Содержание</title>
<para>Технические интерфейсы (каналы и средства передачи данных), свзяывающие вашу систему с её окружением. Дополнительно стоит включить отображение
входных и выходных доменных данных на указанные каналы, то есть описание, по каким каналам передаются конкретные данные.</para>
</formalpara>
<formalpara>
<title>Мотивация</title>
<para>Многие стейкхолдеры принимают свои архитектурные решения, основываясь на технических интерфейсах между системой и её окружением.
В особенности, данная информация важна для дизайна инфраструктуры или организации аппаратного обеспечения системы.</para>
</formalpara>
<formalpara>
<title>Форма</title>
<para>Например, UML диаграмма развёртывания, описывающая каналы к соседним системам. В дополнение к диаграмме необходима таблица с описанием
отображения каналов на входные и выходные данные системы</para>
</formalpara>
</sidebar>

<simpara><emphasis role="strong">&lt;Диаграмма или таблица&gt;</emphasis></simpara>
<simpara><emphasis role="strong">&lt;Опционально: Подробное объяснение технических интерфейсов&gt;</emphasis></simpara>
<simpara><emphasis role="strong">&lt;Отображение входных и выходных данных на каналы передачи данных&gt;</emphasis></simpara>
<simpara><?asciidoc-pagebreak?></simpara>

</section>
</chapter>
<chapter id="section-solution-strategy">
<title>Стратегия решения</title>
<sidebar role="arc42help">
<formalpara>
<title>Содержание</title>
<para>Краткий обзор и объяснение фундаментальных решений и стратегий, которые формируют архитектуру системы. Включает в себя</para>
</formalpara>
<itemizedlist>
<listitem>
<simpara>технологические решения</simpara>
</listitem>
<listitem>
<simpara>решения о высокоуровневой декомпозиции системы, например, использование архитектурных или дизайн паттернов</simpara>
</listitem>
<listitem>
<simpara>решения, позволяющие достичь целевых качественных характеристик</simpara>
</listitem>
<listitem>
<simpara>соответствующие организационные решения, например, выбор методологии процесса разработки или делегирование части работы сторонним командам/компаниям</simpara>
</listitem>
</itemizedlist>

<formalpara>
<title>Мотивация</title>
<para>Эти решения являются краеугольными камнями вашей архитектуры. Они&#8201;&#8212;&#8201;основа для многих других более частных решений или правил реализации системы.</para>
</formalpara>
<formalpara>
<title>Форма</title>
<para>Вы должны кратко объяснить, какие решения вы приняли и почему, основываясь на постановке задачи, качественных целях и ключевых ограничениях.
Детальные описания будут приведены в дальнейших разделах документа.</para>
</formalpara>
</sidebar>

<simpara><?asciidoc-pagebreak?></simpara>

</chapter>
<chapter id="section-building-block-view">
<title>Компонентное представление</title>
<sidebar role="arc42help">
<formalpara>
<title>Содержание</title>
<para>Компонентное представление показывает статическую декомпозицию системы на составляющие её элементы (модули, компоненты, подсистемы,
классы, интерфейсы, пакеты, библиотеки, фреймворки, слои, партиции, звенья, функции, макросы, операции, структуры данных, &#8230;) и зависимости
этих элементов между собой (связи, ассоциации, &#8230;)</para>
</formalpara>
<simpara>Это представление обязательно для любого формата архитектурной документации.
Если проводить аналогию со строительством, то это поэтажный план дома.</simpara>
<formalpara>
<title>Мотивация</title>
<para>Такие абстракции делают структуру исходного кода системы более обозримой и понятной, что ведёт к упрощению его дальнейшей поддержки и развития.</para>
</formalpara>
<simpara>Также подобное представление позволит вам общаться со всеми стейкхолдерами, оперируя достаточно абстрактными понятиями, не углубляясь
в детали реализации.</simpara>
<formalpara>
<title>Форма</title>
<para>Компонентное представление это иерархический набор "черных" (закрытых компонентов) и "белых" (детализируемых компонентов) ящиков и их описаний (как показано на рисунке ниже)</para>
</formalpara>
<simpara><inlinemediaobject>
  <imageobject>
    <imagedata fileref="images/05_building_blocks-RU.png"/>
  </imageobject>
  <textobject><phrase>Иерархия компонентов</phrase></textobject>
</inlinemediaobject></simpara>
<simpara><emphasis role="strong">Уровень 1</emphasis> отображет всю разрабатываемую систему в виде одного "белого" ящика в окружении "черных" ящиков,
представляющих из себя все соседние системы и пользователей.</simpara>
<simpara><emphasis role="strong">Уровень 2</emphasis> рассматривает уже более детализированное представление системы в виде очередного набора "белых" ящиков. Таким образом он содержит
описание верхнеуровневых компонент системы, но скрывает их нижележащую реализацию.</simpara>
<simpara><emphasis role="strong">Уровень 3</emphasis> раскрывает детали реалзиации каждого из блоков уровня два, и так далее.</simpara>
</sidebar>

<section id="__6">
<title>Верхнеуровневая компонентная схема системы</title>
<sidebar>
<simpara>В этом разделе вы описывается верхнеуровневую декомпозицию системы на компоненты. Описание включает в себя</simpara>
<itemizedlist>
<listitem>
<simpara>обзорную диаграмму</simpara>
</listitem>
<listitem>
<simpara>мотивацию декомпозиции</simpara>
</listitem>
<listitem>
<simpara>краткое описание компонентов, содержащихся на диаграмме. Варианты реализации:</simpara>
<itemizedlist>
<listitem>
<simpara>использовать <emphasis>одну</emphasis> таблицу, в которой кратко и прагматично описать все компоненты в виде черных ящиков и их интерфейсы</simpara>
</listitem>
<listitem>
<simpara>изложить описание компонентов в виде списка, соответствующего шаблону описания компонентов (см. ниже).
В зависимости от выбранного инструментария, этот список может быть подглавами (для текстовых файлов), отдельными вложенными страницами (Wiki) или просто вложенными элементами (в терминах инструмента моделирования).</simpara>
</listitem>
</itemizedlist>

</listitem>
<listitem>
<simpara>(опционально): описание основных интерфейсов, которые не указаны в шаблоне описания компонента, но крайне важны для понимания общей компонентной схемы.
Так как существует огромное количество возможных способов описания интерфейсов, мы не приводим для них какого-то определённого шаблона.
В худшем случае вам придётся описать синтаксис, семантику, протоколы, обработку ошибок, ограничения, версии, атрибуты качества, требования совместимости и многое многое другое.
В лучшем же случае можно ограничиться примерами или простыми описаниями сигнатур.</simpara>
</listitem>
</itemizedlist>

</sidebar>

<simpara><emphasis><emphasis role="strong">&lt;Обзорная диаграмма&gt;</emphasis></emphasis></simpara>
<simpara>Мотивация декомпозиции:
<emphasis>&lt;Текстовое описание&gt;</emphasis></simpara>
<variablelist>
<varlistentry>
<term>Компоненты</term>
<listitem>
<simpara><emphasis>&lt;Описание содержащихся на схеме "черных ящиков"&gt;</emphasis></simpara>
</listitem>
</varlistentry>
<varlistentry>
<term>Основные интерфейсы</term>
<listitem>
<simpara><emphasis>&lt;писание основных интерфейсов&gt;</emphasis></simpara>
</listitem>
</varlistentry>
</variablelist>

<sidebar role="arc42help">
<simpara>Добавьте описание черных ящиков с первого уровня представления:</simpara>
<simpara>Если вы используете табличное представление, то достаточно для каждого элемента указать в строке его название и область
ответственности, по следующей схеме:</simpara>
<informaltable frame="all"
    rowsep="1" colsep="1">
  
  <tgroup cols="2">
    
    <colspec colname="col_1" colwidth="33*"/>
    
    <colspec colname="col_2" colwidth="66*"/>
    
    
    <thead>
      
      <row>
        
        <entry align="left" valign="top"><emphasis role="strong">Название</emphasis></entry>
        
        <entry align="left" valign="top"><emphasis role="strong">Ответственность</emphasis></entry>
        
      </row>
      
    </thead>
    
    <tbody>
      
      <row>
        
        <entry align="left" valign="top"><simpara><emphasis>&lt;Черный ящик 1&gt;</emphasis></simpara></entry>
        
        <entry align="left" valign="top"><simpara> <emphasis>&lt;Текст&gt;</emphasis></simpara></entry>
        
      </row>
      
      <row>
        
        <entry align="left" valign="top"><simpara><emphasis>&lt;Черный ящик 2&gt;</emphasis></simpara></entry>
        
        <entry align="left" valign="top"><simpara> <emphasis>&lt;Текст&gt;</emphasis></simpara></entry>
        
      </row>
      
    </tbody>
    
  </tgroup>
</informaltable>

<simpara>Если вы предпочитаете описывать компоненты в виде списка, то необходимо заполнить следующий шаблон для каждого
черного ящика.</simpara>
</sidebar>

<section id="__1">
<title>&lt;Черный ящик 1&gt;</title>
<sidebar role="arc42help">
<simpara>Опишите &lt;Черный ящик 1&gt;
в соответствии со следующим шаблоном описания:</simpara>
<itemizedlist>
<listitem>
<simpara>Назначение/область ответственности</simpara>
</listitem>
<listitem>
<simpara>Интерфейс(ы), если они не описаны в отдельных подразделах. В описание интерфейсов можно также включить характеристи производительности или иные качественные свойства</simpara>
</listitem>
<listitem>
<simpara>(Опционально) Характеристики качества/производительности, например доступность, отзывчивость, поведение во время исполнения, &#8230;.</simpara>
</listitem>
<listitem>
<simpara>(Опционально) Каталог/пакет/репозиторий/местоположение файла компонента.</simpara>
</listitem>
<listitem>
<simpara>(Опционально) Требования, закрываемые компонентом (если необходимо).</simpara>
</listitem>
<listitem>
<simpara>(Опционально) Открытые вопросы/проблемы/риски</simpara>
</listitem>
</itemizedlist>

</sidebar>

<simpara><emphasis>&lt;Назначение/область ответственности&gt;</emphasis></simpara>
<simpara><emphasis>&lt;Интерфейс(ы)&gt;</emphasis></simpara>
<simpara><emphasis>&lt;(Опционально) Характеристики качества/производительности&gt;</emphasis></simpara>
<simpara><emphasis>&lt;(Опционально) Каталог/пакет/репозиторий/местоположение файла компонента&gt;</emphasis></simpara>
<simpara><emphasis>&lt;(Опционально) Закрытые требования&gt;</emphasis></simpara>
<simpara><emphasis>&lt;(Опционально) Открытые вопросы/проблемы/риски&gt;</emphasis></simpara>
</section>
<section id="__2_2">
<title>&lt;Черный ящик 2&gt;</title>
<simpara><emphasis>&lt;Шаблон описания черного ящика&gt;</emphasis></simpara>
</section>
<section id="__n">
<title>&lt;Черный ящик n&gt;</title>
<simpara><emphasis>&lt;Шаблон описания черного ящика&gt;</emphasis></simpara>
</section>
<section id="__1_2">
<title>&lt;Название интерфейса 1&gt;</title>
<simpara>&#8230;</simpara>
</section>
<section id="__m">
<title>&lt;Название интерфейса m&gt;</title>

</section>
</section>
<section id="__2_3">
<title>Уровень 2</title>
<sidebar role="arc42help">
<simpara>На этом уровне необходимо описать внутреннюю структуру (некоторых) компонентов уровня 1 в виде белых ящиков ("открытых" компонентов).</simpara>
<simpara>Вам нужно принять решение, какие из компонент вашей системы достаточно важны для такого детального описания.
Старайтесь придерживаться актуальности/интересности, а не стопроцентного покрытия. Опишите важные, неочевидные, рискованные или изменчивые компоненты.
Не стоит детально специфицировать обычные, простые, скучные и стандартизированные части вашей системы.</simpara>
</sidebar>

<section id="__1_3">
<title>Детализация компонента 1</title>
<sidebar role="arc42help">
<simpara>&#8230;детализированное описание внутренней структуры <emphasis>компонента 1</emphasis></simpara>
</sidebar>

</section>
<section id="__2_4">
<title>Детализация компонента 2</title>
<sidebar>
<simpara>&#8230;детализированное описание внутренней структуры <emphasis>компонента 2</emphasis></simpara>
</sidebar>

<simpara>&#8230;</simpara>
</section>
<section id="__m_2">
<title>Детализация компонента m</title>
<sidebar>
<simpara>&#8230;детализированное описание внутренней структуры <emphasis>компонента m</emphasis></simpara>
</sidebar>

</section>
</section>
<section id="__3_2">
<title>Уровень 3</title>
<sidebar role="arc42help">
<simpara>На этом уровне вы можете спуститься глубже и описать внутреннюю структуру (некоторых) компонентов, представленных на уровне 2
в качестве черных ящиков.</simpara>
<simpara>И когда вам потребуется всё более глубокая детализация уровней вашей архитектуры, просто распространите
эту часть arc42 шаблона на следующие уровни.</simpara>
</sidebar>

<section id="__x_1">
<title>Детализация элемента &lt;_компонент x.1_&gt;</title>
<sidebar role="arc42help">
<simpara>Опишите внутреннюю структуру элемента &lt;_компонент x.1_&gt;</simpara>
</sidebar>

<simpara><emphasis>&lt;Шаблон описания компонента&gt;</emphasis></simpara>
</section>
<section id="__x_2">
<title>Детализация элемента &lt;_компонент x.2_&gt;</title>
<simpara><emphasis>&lt;Шаблон описания компонента&gt;</emphasis></simpara>
</section>
<section id="__x_2_2">
<title>Детализация элемента &lt;_компонент x.2_&gt;</title>
<simpara><emphasis>&lt;Шаблон описания компонента&gt;</emphasis></simpara>
<simpara><?asciidoc-pagebreak?></simpara>

</section>
</section>
</chapter>
<chapter id="section-runtime-view">
<title>Динамическое представление</title>
<sidebar role="arc42help">
<formalpara>
<title>Содержание</title>
<para>Динамическое представление показывает конкретное поведение и взаимодействия компонентов системы друг с другом и с окружением. Сценарии
должны включать в себя:</para>
</formalpara>
<itemizedlist>
<listitem>
<simpara>важные способы использования и функции: как компоненты системы их реализуют?</simpara>
</listitem>
<listitem>
<simpara>реализация критичных внешних интерфейсов: как компоненты системы взаимодействуют с пользователями и другими системами?</simpara>
</listitem>
<listitem>
<simpara>обслуживание и администрирование: установка, запуск, останов, важные сценарии сопровождения</simpara>
</listitem>
<listitem>
<simpara>сценарии исключительных ситуаций и обработки ошибок</simpara>
</listitem>
</itemizedlist>

<simpara>Замечание: Важнейшим критерием для выбора сценариев (последовательностей, процессов) для описания является их <emphasis role="strong">архитектурная значимость</emphasis>. Важно не описать <emphasis role="strong">максимально</emphasis> возможное коилчество сценариев, а зафиксировать наиболее значимые среди них.</simpara>
<formalpara>
<title>Мотивация</title>
<para>Вы должны понимать, как экземпляры компонентов вашей системы выполняют свою работу и взаимодействуют с окружением во время исполнения.
В основном, документирование этих сценариев необходимо для объяснения вашей архитектуры стейкхолдерам, которые не хотят или не очень хорошо понимают статические модели (компонентная модель, схема развёртывания).</para>
</formalpara>
<formalpara>
<title>Форма</title>
<para>Существует несколько нотаций для описания сценариев, например:</para>
</formalpara>
<itemizedlist>
<listitem>
<simpara>нумерованный список шагов (на естественном языке)</simpara>
</listitem>
<listitem>
<simpara>диаграммы деятельности или блок-схемы</simpara>
</listitem>
<listitem>
<simpara>диаграммы последовательности</simpara>
</listitem>
<listitem>
<simpara>BPMN или EPC (событийные цепочки)</simpara>
</listitem>
<listitem>
<simpara>машины состояний</simpara>
</listitem>
<listitem>
<simpara>&#8230;</simpara>
</listitem>
</itemizedlist>

</sidebar>

<section id="__1_4">
<title>Сценарий 1</title>
<itemizedlist>
<listitem>
<simpara><emphasis>&lt;вставьте диаграмму или текстовое описание сценария&gt;</emphasis></simpara>
</listitem>
<listitem>
<simpara><emphasis>&lt;вставье описание важных аспектов взаимодействия экзепляров компонент, представленных на этой схеме&gt;</emphasis></simpara>
</listitem>
</itemizedlist>

</section>
<section id="__2_5">
<title>Сценарий 2</title>

</section>
<section id="__7">
<title>&#8230;</title>

</section>
<section id="__n_2">
<title>Сценарий n</title>
<simpara><?asciidoc-pagebreak?></simpara>

</section>
</chapter>
<chapter id="section-deployment-view">
<title>Схема развёртывания</title>
<sidebar role="arc42help">
<formalpara>
<title>Содержание</title>
<para>Схема развёртывания описывает:</para>
</formalpara>
<orderedlist numeration="arabic">
<listitem>
<simpara>Техническую инфраструктуру, используемую для работы системы с такими инфраструктурными компонентами, как географические зоны, среды, компьютеры, процессоры, каналы и сетевые топологии наряду с другими инфраструктурными элементами;</simpara>
</listitem>
<listitem>
<simpara>Отображение структурных компонентов системы на эти инфраструктурные элементы.</simpara>
</listitem>
</orderedlist>

<simpara>Часто системы работают в различных средах, например, среда разработки, среда тестирования, промышленная среда. В этом случае необходимо описать все важные среды.</simpara>
<simpara>В особенности, документирование схемы развёртывания необходимо, когда ваша система является распределённой и функционирует более чем на одном сервере или в одном контейнере, или же когда вы разрабатываете и конструируете свои собственные хардварные решения.</simpara>
<simpara>С точки зрения программного обеспечения достаточно отразить те элементы инфраструктуры, которые вам необходимы, чтобы описать развёртывание основных компонент вашего приложение. Архитекторы аппаратного обеспечения же могут пойти дальше и описывать инфраструктуру на любом уровне детализации, который они посчитают нужым.</simpara>
<formalpara>
<title>Мотивация</title>
<para>Программное обеспечение не может работать без соответствующих аппаратных ресурсов.
Эта инфраструктура может и будет влиять на вашу систему и/или какие-либо сопутствующие концепции. Следовательно, вы обязаны знать свою инфраструктуру.</para>
</formalpara>
<formalpara>
<title>Форма</title>
<para>Возможно, самый верхнеуровневый вариант схемы развёртывания уже приведен в разделе 3.2 в качестве технического контекста системы,
и изображает все инфраструктурные компоненты системы в виде одного черного ящика. В этой секции документа вы должны
детально рассмотреть этот черный ящик с помощью дополнительных схем и диаграмм:</para>
</formalpara>
<itemizedlist>
<listitem>
<simpara>UML предлагает собственные представления диаграмм развёртывания. Используйте этот формат, возможно, с использованием вложенных
диаграмм для более детального описания сложных инфраструктурных компонентов.</simpara>
</listitem>
<listitem>
<simpara>Если (технические) стейкхолдеры проекта предпочитают другие виды/нотации диаграмм, используйте их.</simpara>
</listitem>
</itemizedlist>

</sidebar>

<section id="__1_5">
<title>Инфраструктурный уровень 1</title>
<sidebar role="arc42help">
<simpara>Опишите, используя различные вариации диаграмм, таблиц и простого текста:</simpara>
<itemizedlist>
<listitem>
<simpara>распределение системы по географическим зонам, средам исполнения, серверам, процессорам&#8230; И также опишите физические каналы взаимодействия между ними</simpara>
</listitem>
<listitem>
<simpara>обоснование и мотивацию такой схемы развёртывания</simpara>
</listitem>
<listitem>
<simpara>характеристики качества и/или производительности, которые обеспечивает инфраструктура</simpara>
</listitem>
<listitem>
<simpara>отображение компонентов системы на элементы инфраструктуры</simpara>
</listitem>
</itemizedlist>

<simpara>В случае наличия нескольких сильно различающихся сред или альтернативных вариантов развёртывания, скопируйте и заполните для них эту
секцию шаблона</simpara>
</sidebar>

<simpara><emphasis><emphasis role="strong">&lt;Обзорная диаграмма&gt;</emphasis></emphasis></simpara>
<variablelist>
<varlistentry>
<term>Мотивация</term>
<listitem>
<simpara><emphasis>&lt;Разъяснения в текстовой форме&gt;</emphasis></simpara>
</listitem>
</varlistentry>
<varlistentry>
<term>Характеристики качества и/или производительности</term>
<listitem>
<simpara><emphasis>&lt;Разъяснения в текстовой форме&gt;</emphasis></simpara>
</listitem>
</varlistentry>
<varlistentry>
<term>Отображение компонентов системы на инфраструктуру</term>
<listitem>
<simpara><emphasis>&lt;Описание отображения&gt;</emphasis></simpara>
</listitem>
</varlistentry>
</variablelist>

</section>
<section id="__2_6">
<title>Инфраструктурный уровень 2</title>
<sidebar role="arc42help">
<simpara>Включите в этот раздел описание внутренней структуры (некоторых) инфраструктурных элементов уровня 1, если это необходимо</simpara>
</sidebar>

<section id="__emphasis_1_emphasis">
<title><emphasis>&lt;Инфраструктурный элемент 1&gt;</emphasis></title>
<simpara><emphasis>&lt;Диаграмма и описание&gt;</emphasis></simpara>
</section>
<section id="__emphasis_2_emphasis">
<title><emphasis>&lt;Инфраструктурный элемент 2&gt;</emphasis></title>
<simpara><emphasis>&lt;Диаграмма и описание&gt;</emphasis></simpara>
<simpara>&#8230;</simpara>
</section>
<section id="__emphasis_n_emphasis">
<title><emphasis>&lt;Инфраструктурный элемент n&gt;</emphasis></title>
<simpara><emphasis>&lt;Диаграмма и описание&gt;</emphasis></simpara>
<simpara><?asciidoc-pagebreak?></simpara>

</section>
</section>
</chapter>
<chapter id="section-concepts">
<title>Перекрёстные концепции</title>
<sidebar role="arc42help">
<formalpara>
<title>Содержание</title>
<para>Данный раздел описывает общие (перекрёстные) важные положения и идеи решений, которые относятся и применяются к различным частям системы.
Эти концепции чаще всего связаны с множеством компонентов системы. Они могут описывать различные тематики, такие как:</para>
</formalpara>
<itemizedlist>
<listitem>
<simpara>доменные модели</simpara>
</listitem>
<listitem>
<simpara>архитектурные и дизайн шаблоны</simpara>
</listitem>
<listitem>
<simpara>правила использования некоторых технологий</simpara>
</listitem>
<listitem>
<simpara>принципиальные технические решения, применимые ко всей системе</simpara>
</listitem>
<listitem>
<simpara>правила реализации</simpara>
</listitem>
</itemizedlist>

<formalpara>
<title>Мотивация</title>
<para>Эти концепции формируют базис <emphasis>концепцтуальной целостности</emphasis> архитектуры. Поэтому сами по себе они являются важным вкладом
для достижения внутренних характеристик качества системы.</para>
</formalpara>
<simpara>Некоторые из этих концепций не могут быть индивидуально привязаны к конкретным компоненто (например, обеспечение безопасности).
И этот раздел документа предназначен для детального и полного описания этих концепций.</simpara>
<formalpara>
<title>Форма</title>
<para>Вариантов изложения концепций много:</para>
</formalpara>
<itemizedlist>
<listitem>
<simpara>любым образом структурированные текстовые описания</simpara>
</listitem>
<listitem>
<simpara>сквозные модели или сценарии с обозначением архитектурных представлений (???)</simpara>
</listitem>
<listitem>
<simpara>примеры реализаций, особенно хорошо подходят для технических решений</simpara>
</listitem>
<listitem>
<simpara>отсылки к типовым сценариям использования стандартных фреймворков (например, использование Hibernate для объекто-реляционного маппинга)</simpara>
</listitem>
</itemizedlist>

<formalpara>
<title>Структура</title>
<para>Возможная (но не строго обязатешльная) структура раздела может выглядеть следующим образом:</para>
</formalpara>
<itemizedlist>
<listitem>
<simpara>Концепции домена (модели, правила взаимодействий, инварианты)</simpara>
</listitem>
<listitem>
<simpara>Идеи, связанные с пользовательским опытом (UX)</simpara>
</listitem>
<listitem>
<simpara>Реализация требований безопасности и сохранности данных</simpara>
</listitem>
<listitem>
<simpara>Архитектурные и дизайн шаблоны</simpara>
</listitem>
<listitem>
<simpara>Описание некоторых происходящих "под капотом" процессов, если они важны</simpara>
</listitem>
<listitem>
<simpara>Концепции, связанные с разработкой</simpara>
</listitem>
<listitem>
<simpara>Концепции, связанные с сопровождением/администрированием</simpara>
</listitem>
</itemizedlist>

<simpara>Замечание: Да, иногда бывает очень сложно привязать какой либо аспект к конкретной теме из данного списка.</simpara>
<simpara><inlinemediaobject>
  <imageobject>
    <imagedata fileref="images/08-Crosscutting-Concepts-Structure-RU.png"/>
  </imageobject>
  <textobject><phrase>Possible topics for crosscutting concepts</phrase></textobject>
</inlinemediaobject></simpara>
</sidebar>

<section id="__emphasis_1_emphasis_2">
<title><emphasis>&lt;Концепция 1&gt;</emphasis></title>
<simpara><emphasis>&lt;Пояснения&gt;</emphasis></simpara>
</section>
<section id="__emphasis_2_emphasis_2">
<title><emphasis>&lt;Концепция 2&gt;</emphasis></title>
<simpara><emphasis>&lt;Пояснения&gt;</emphasis></simpara>
<simpara>&#8230;</simpara>
</section>
<section id="__emphasis_n_emphasis_2">
<title><emphasis>&lt;Концепция n&gt;</emphasis></title>
<simpara><emphasis>&lt;Пояснения&gt;</emphasis></simpara>
<simpara><?asciidoc-pagebreak?></simpara>

</section>
</chapter>
<chapter id="section-design-decisions">
<title>Архитектурные и дизайн решения</title>
<sidebar role="arc42help">
<formalpara>
<title>Содержание</title>
<para>Важные, дорогие, крупномасштабные или рискованные архитектурные решения, в том числе рационально принятые.
Под "решениями" понимается выбор между какими-либо альтернативными вариантами, основанный на ваших критериях.</para>
</formalpara>
<simpara>У вас есть выбор, какие решения стоит описать в данном разделе, а какие в других, более подходящих местах
документа (например, в описании конкретного компонента системы).</simpara>
<simpara>Избегайте избыточности, делайте отсылки к разделу 4, в котором вы уже описали наиболее важные решения касательно архитектуры
системы.</simpara>
<formalpara>
<title>Мотивация</title>
<para>Стейкхолдеры вашей системы должны понимать ваши решения и их обоснования.</para>
</formalpara>
<formalpara>
<title>Форма</title>
<para>Множество вариантов:</para>
</formalpara>
<itemizedlist>
<listitem>
<simpara>Список или таблица, отсортированные в порядке убывания важности или:</simpara>
</listitem>
<listitem>
<simpara>бОльшая детализация в форме отдельных подразделов под каждое решение</simpara>
</listitem>
<listitem>
<simpara>ADR (architecture decision record, запись архитектурного решения) для каждого важного решения</simpara>
</listitem>
</itemizedlist>

</sidebar>

<simpara><?asciidoc-pagebreak?></simpara>

</chapter>
<chapter id="section-quality-scenarios">
<title>Требования к атрибутам качества</title>
<sidebar role="arc42help">
<formalpara>
<title>Содержание</title>
<para>Этот раздел должен содержать все требования к атрибутам качества системы в виде дерева качественных характеристик с описанием сценариев.
Наиболее важные из них при этом должны быть приведены в разделе 1.2 (Целевые характеристики атрибутов качества)</para>
</formalpara>
<simpara>Здесь вы также можете зафиксировать качественные требования с меньшим приоритетом, недостижение которых не должно привести
к большому риску.</simpara>
<formalpara>
<title>Мотивация</title>
<para>Так как качественные требования оказывают большое влияния на принятие архитектурных решений, вы должны зафиксировать качества системы,
достижение которых важно для каждого из стейкхолдеров, в конкретной и измеримой форме.</para>
</formalpara>
</sidebar>

<section id="__8">
<title>Дерево атрибутов качества</title>
<sidebar role="arc42help">
<formalpara>
<title>Содержание</title>
<para>Дерево атрибутов качества (также называемое ATAM - Architecture Tradeoff Analysis Method) с описанием сценариев проверки качества
в качестве листьев.</para>
</formalpara>
<formalpara>
<title>Мотивация</title>
<para>Древовидная структура с указанием приоритетов позволяет одним взглядом охватить большое количество требований к качеству.</para>
</formalpara>
<formalpara>
<title>Форма</title>
<para>Дерево атрибутов качества это верхнеуровневый обзор требований и целевых характеристик качества системы:</para>
</formalpara>
<itemizedlist>
<listitem>
<simpara>это раскрытие термина "качество" в древовидной форме. В качестве корня дерева используйте слово "качество" или "полезность"</simpara>
</listitem>
<listitem>
<simpara>диаграмма связей с категориями качества в качестве основных ветвей</simpara>
</listitem>
</itemizedlist>

<simpara>В любом случае дерево должно включать ссылка на сценарии из следующего раздела.</simpara>
</sidebar>

</section>
<section id="__9">
<title>Сценарии проверки атрибутов качества</title>
<sidebar role="arc42help">
<formalpara>
<title>Содержание</title>
<para>Конкретизация требований к качеству (иногда неопределенных или неявных) с использованием сценариев проверки атрибутов качества.</para>
</formalpara>
<simpara>Эти сценарии описывают, что должно происходить с системой в случае определённых видов воздействия.</simpara>
<simpara>Для архитекторов особенно важны два типа сценариев:</simpara>
<itemizedlist>
<listitem>
<simpara>Сценарии использования (также называемые сценариями или вариантами использования), описывающие реакции системы на определённые действия (стимулы).
Они также включают в себя сценарии, раскрывающие эффективности и/или производительность системы. Пример: скорость реакции системы на пользовательский запрос не более одно секунды.</simpara>
</listitem>
<listitem>
<simpara>Сценарии изменения, описывающие процесс модификации системы или её непостредственного окружения. Пример: Внедрение дополнительной функциональности или изменение требования к атрибуту качества.</simpara>
</listitem>
</itemizedlist>

<formalpara>
<title>Мотивация</title>
<para>Сценарии делают требования к атрибутам качества более конкретными и детальными, что упрощает их измерение и решение, выполняются ли
конкретные требования</para>
</formalpara>
<simpara>В особенности, если вы хотите в дальнейшем оценить свою архитектуру с использованием таких методов, как ATAM, вам необходимо описать
целевые характеристики атрибутов качества, детализируя их до уровня сценариев, которые могут быть обсуждены и оценены.</simpara>
<formalpara>
<title>Форма</title>
<para>Табличное или простое текстовое представление</para>
</formalpara>
</sidebar>

<simpara><?asciidoc-pagebreak?></simpara>

</section>
</chapter>
<chapter id="section-technical-risks">
<title>Риски и технический долг</title>
<sidebar role="arc42help">
<formalpara>
<title>Содержание</title>
<para>Список выявленных технических рисков или положений технического долга, сортированный в порядке убывания приоритета.</para>
</formalpara>
<formalpara>
<title>Мотивация</title>
<para>"Управление рисками это управление проектами для взрослых" (Тим Листер, Atlantic Systems Guild.))</para>
</formalpara>
<simpara>Это должен быть ваш девиз, согласно которому вы будете систематически выявлять и оценивать риски и технический долг в архитектуре, которые необходимы управляющим стейкхолдерам (например, руководителям проектов, владельцам продуктов) как часть данных в рамках общего анализа рисков и планирования изменений.</simpara>
<formalpara>
<title>Форма</title>
<para>Список рисков и/или положений технического долга, возможно с добавлением предлагаемых мер минимизации, смягчения или возможного избежания негативных последствий, или уменьшения технического долга.</para>
</formalpara>
</sidebar>

<simpara><?asciidoc-pagebreak?></simpara>

</chapter>
<chapter id="section-glossary">
<title>Словарь</title>
<sidebar role="arc42help">
<formalpara>
<title>Содержание</title>
<para>Наиболее важные доменные и технические термины, которые вы и ваши стейкхолдеры используете при обсуждении системы.</para>
</formalpara>
<simpara>Также вы можете использовать словарь в качестве первичного источника для переводов, если вы работаете в мультиязычных командах.</simpara>
<formalpara>
<title>Мотивация</title>
<para>Вы должны четко и ясно объяснять все термины, чтобы все стейкхолдеры</para>
</formalpara>
<itemizedlist>
<listitem>
<simpara>имели одинаковое представление о них</simpara>
</listitem>
<listitem>
<simpara>не использовали синонимы и омонимы</simpara>
</listitem>
</itemizedlist>

<itemizedlist>
<title>Form</title>
<listitem>
<simpara>Таблица с колонками &lt;Термин&gt; и &lt;Определение&gt;</simpara>
</listitem>
<listitem>
<simpara>Если вам дополнительно нужно указывать перевод на разные языки, добавьте соответствующие колонки.</simpara>
</listitem>
</itemizedlist>

</sidebar>

<informaltable frame="all"
    rowsep="1" colsep="1">
  
  <tgroup cols="2">
    
    <colspec colname="col_1" colwidth="33*"/>
    
    <colspec colname="col_2" colwidth="66*"/>
    
    
    <thead>
      
      <row>
        
        <entry align="left" valign="top">Термин</entry>
        
        <entry align="left" valign="top">Определение</entry>
        
      </row>
      
    </thead>
    
    <tbody>
      
      <row>
        
        <entry align="left" valign="top"><simpara><emphasis>&lt;Термин-1&gt;</emphasis></simpara></entry>
        
        <entry align="left" valign="top"><simpara><emphasis>&lt;Определение-1&gt;</emphasis></simpara></entry>
        
      </row>
      
      <row>
        
        <entry align="left" valign="top"><simpara><emphasis>&lt;Термин-2&gt;</emphasis></simpara></entry>
        
        <entry align="left" valign="top"><simpara><emphasis>&lt;Определение-2&gt;</emphasis></simpara></entry>
        
      </row>
      
    </tbody>
    
  </tgroup>
</informaltable>

</chapter>
</book>