<?xml version="1.0" encoding="UTF-8"?>
<!DOCTYPE book PUBLIC "-//OASIS//DTD DocBook XML V4.5//EN" "http://www.oasis-open.org/docbook/xml/4.5/docbookx.dtd">
<?asciidoc-toc?>
<?asciidoc-numbered?>
<book xmlns="http://docbook.org/ns/docbook" lang="en">
<bookinfo>
<title><inlinemediaobject>
  <imageobject>
    <imagedata fileref="images/arc42-logo.png"/>
  </imageobject>
  <textobject><phrase>arc42</phrase></textobject>
</inlinemediaobject> Шаблон</title>
<date>May 2022</date>
<revhistory>
<revision>
<revnumber>8.1 UA</revnumber>
<date>May 2022</date>

<revremark>(based upon AsciiDoc version)</revremark>
</revision>
</revhistory>



</bookinfo>
<preface>
<title></title>
<simpara><emphasis role="strong">Про arc42</emphasis></simpara>
<simpara role="lead">arc42, шаблон для документації програмного забезпечення та архітектури системи.</simpara>
<simpara>Версія шаблону 8.1 UA. (based upon AsciiDoc version), May 2022</simpara>
<simpara>Створено, підтримується та &#169; доктором Пітером Хрушкою, доктором Гернотом Старке та співавторами.
Див. <ulink url="https://arc42.org">https://arc42.org</ulink>.</simpara>
<simpara><?asciidoc-hr?></simpara>

<sidebar role="arc42help">
<note>
<simpara>Ця версія шаблону містить довідку та пояснення. Використовується для ознайомлення з arc42 і розуміння понять. Для документування вашої власної системи краще використовувати <emphasis>звичайну</emphasis> версію.</simpara>
</note>

</sidebar>

<simpara><?asciidoc-pagebreak?></simpara>

</preface>

<chapter id="section-introduction-and-goals">
<title>Вступ і цілі</title>
<sidebar role="arc42help">
<simpara>Описує відповідні вимоги та рушійні сили, які повинні враховувати архітектори програмного забезпечення та команда розробників.  До них відносяться</simpara>
<itemizedlist>
<listitem>
<simpara>основні бізнес-цілі,</simpara>
</listitem>
<listitem>
<simpara>істотні ознаки,</simpara>
</listitem>
<listitem>
<simpara>основні функціональні вимоги,</simpara>
</listitem>
<listitem>
<simpara>цілі якості для архітектури та</simpara>
</listitem>
<listitem>
<simpara>відповідні зацікавлені сторони та їхні очікування</simpara>
</listitem>
</itemizedlist>

</sidebar>

<section id="_">
<title>Огляд вимог</title>
<sidebar role="arc42help">
<formalpara>
<title>Зміст</title>
<para>Короткий опис функціональних вимог, рушійних сил, витяг (або анотація) вимог. Посилання на (сподіваємось, існуючі) документи з вимогами (з номером версії та інформацією, де її знайти).</para>
</formalpara>
<formalpara>
<title>Мотивація</title>
<para>З точки зору кінцевих користувачів система створюється або модифікується для покращення підтримки бізнес-діяльності та/або підвищення якості.</para>
</formalpara>
<formalpara>
<title>Форма</title>
<para>Короткий текстовий опис, можливо, у табличному форматі використання.  Якщо існують документи вимог, цей огляд має посилатися на ці документи.</para>
</formalpara>
<simpara>Зробіть ці уривки якомога коротшими.  Збалансуйте читабельність цього документа з можливою надмірністю відносно документів вимог.</simpara>
<simpara>Див. <ulink url="https://docs.arc42.org/section-1/">Вступ і Цілі</ulink> в документації arc42.</simpara>
</sidebar>

</section>
<section id="__2">
<title>Цілі якості</title>
<sidebar role="arc42help">
<formalpara>
<title>Зміст</title>
<para>Три найвищі (максимум п’ять) цілі якості для архітектури, досягнення яких має найбільше значення для основних зацікавлених сторін.  Ми дійсно маємо на увазі цілі якості для архітектури.  Не плутайте їх із цілями проекту.  Вони не обов’язково ідентичні.</para>
</formalpara>
<simpara>Розгляньте цей огляд потенційних тем (на основі стандарту ISO 25010):</simpara>
<figure>
  <mediaobject>
    <imageobject>
      <imagedata fileref="images/01_2_iso-25010-topics-EN.drawio.png"/>
    </imageobject>
    <textobject><phrase>Категорії вимог до якості</phrase></textobject>
  </mediaobject>
</figure>

<formalpara>
<title>Мотивація</title>
<para>Ви повинні знати цілі щодо якості, своїх найважливіших зацікавлених сторін, оскільки вони впливатимуть на фундаментальні архітектурні рішення.  Будьте конкретні щодо цих якостей, уникайте модних слів.  Якщо ви як архітектор не знаєте, як оцінюватимуть якість вашої роботи …</para>
</formalpara>
<formalpara>
<title>Форма</title>
<para>Таблиця з якісними цілями та конкретними сценаріями, упорядкованими за пріоритетами</para>
</formalpara>
</sidebar>

</section>
<section id="__3">
<title>Зацікавлені сторони</title>
<sidebar role="arc42help">
<formalpara>
<title>Зміст</title>
<para>Чіткий огляд зацікавлених сторін системи, тобто всіх осіб, ролей або організацій, які</para>
</formalpara>
<itemizedlist>
<listitem>
<simpara>повинні знати архітектуру</simpara>
</listitem>
<listitem>
<simpara>повинні бути переконаними в архітектурі</simpara>
</listitem>
<listitem>
<simpara>повинні працювати з архітектурою чи кодом</simpara>
</listitem>
<listitem>
<simpara>потребують документацію архітектури для їх роботи</simpara>
</listitem>
<listitem>
<simpara>повинні приймати рішення щодо системи або її розвитку</simpara>
</listitem>
</itemizedlist>

<formalpara>
<title>Мотивація</title>
<para>Ви повинні знати всі сторони, які беруть участь у розробці системи або на яких впливає система.  Інакше ви можете отримати неприємні сюрпризи пізніше в процесі розробки.  Ці зацікавлені сторони визначають ступінь і рівень деталізації вашої роботи та її результатів.</para>
</formalpara>
<formalpara>
<title>Форма</title>
<para>Таблиця з іменами ролей, іменами осіб та їхніми очікуваннями щодо архітектури та її документації.</para>
</formalpara>
</sidebar>

<informaltable frame="all"
    rowsep="1" colsep="1">
  
  <tgroup cols="3">
    
    <colspec colname="col_1" colwidth="20*"/>
    
    <colspec colname="col_2" colwidth="40*"/>
    
    <colspec colname="col_3" colwidth="40*"/>
    
    
    <thead>
      
      <row>
        
        <entry align="left" valign="top">Роль/Ім’я</entry>
        
        <entry align="left" valign="top">Контакт</entry>
        
        <entry align="left" valign="top">Очікування</entry>
        
      </row>
      
    </thead>
    
    <tbody>
      
      <row>
        
        <entry align="left" valign="top"><simpara><emphasis>&lt;Роль-1&gt;</emphasis></simpara></entry>
        
        <entry align="left" valign="top"><simpara><emphasis>&lt;Контакт-1&gt;</emphasis></simpara></entry>
        
        <entry align="left" valign="top"><simpara><emphasis>&lt;Очікування-1&gt;</emphasis></simpara></entry>
        
      </row>
      
      <row>
        
        <entry align="left" valign="top"><simpara><emphasis>&lt;Роль-2&gt;</emphasis></simpara></entry>
        
        <entry align="left" valign="top"><simpara><emphasis>&lt;Контакт-2&gt;</emphasis></simpara></entry>
        
        <entry align="left" valign="top"><simpara><emphasis>&lt;Очікування-2&gt;</emphasis></simpara></entry>
        
      </row>
      
    </tbody>
    
  </tgroup>
</informaltable>

<simpara><?asciidoc-pagebreak?></simpara>

</section>
</chapter>
<chapter id="section-architecture-constraints">
<title>Архітектурні обмеження</title>
<sidebar role="arc42help">
<formalpara>
<title>Зміст</title>
<para>Будь-яка вимога, яка обмежує архітекторів програмного забезпечення у їхній свободі проектування та реалізації рішень або рішень щодо процесу розробки.  Ці обмеження іноді виходять за межі окремих систем і діють для цілих організацій і компаній.</para>
</formalpara>
<formalpara>
<title>Мотивація</title>
<para>Архітектори повинні точно знати, де вони вільні у своїх дизайнерських рішеннях, а де вони повинні дотримуватися обмежень.  З обмеженнями потрібно завжди мати справу;  однак вони можуть бути предметом переговорів.</para>
</formalpara>
<formalpara>
<title>Форма</title>
<para>Прості таблиці обмежень з поясненнями.  За потреби ви можете розділити їх на технічні обмеження, організаційні та політичні обмеження та домовленості (наприклад, інструкції з програмування чи керування версіями, документація чи домовленості про іменування)</para>
</formalpara>
<simpara>Див. <ulink url="https://docs.arc42.org/section-2/">Архітектурні обмеження</ulink> в документації arc42.</simpara>
</sidebar>

<simpara><?asciidoc-pagebreak?></simpara>

</chapter>
<chapter id="section-system-scope-and-context">
<title>Область дії системи та її контекст</title>
<sidebar role="arc42help">
<formalpara>
<title>Зміст</title>
<para>Область дії системи та її контекст - як випливає з назви, відмежовують вашу систему (тобто вашу область) від усіх її партнерів по спілкуванню (сусідні системи та користувачі, тобто контекст вашої системи).  Таким чином, вони визначають зовнішні інтерфейси.</para>
</formalpara>
<simpara>Якщо необхідно, відмежуйте бізнес-контекст (специфічні вхідні та вихідні данні домену) від технічного контексту (канали, протоколи, апаратне забезпечення).</simpara>
<formalpara>
<title>Мотивація</title>
<para>Інтерфейси домену та технічні інтерфейси для комунікаційних партнерів є одними з найважливіших аспектів вашої системи.  Переконайтеся, що ви їх повністю розумієте.</para>
</formalpara>
<formalpara>
<title>Форма</title>
<para>Різноманітні варіанти:</para>
</formalpara>
<itemizedlist>
<listitem>
<simpara>Контекстні діаграми</simpara>
</listitem>
<listitem>
<simpara>Списки комунікаційних партнерів та їх інтерфейси.</simpara>
</listitem>
</itemizedlist>

<simpara>Див. <ulink url="https://docs.arc42.org/section-3/">Контекст і область дії</ulink> дії в документації arc42.</simpara>
</sidebar>

<section id="__4">
<title>Бізнес контекст</title>
<sidebar role="arc42help">
<formalpara>
<title>Зміст</title>
<para>Специфікація <emphasis role="strong">всіх</emphasis> комунікаційних партнерів (користувачів, ІТ-систем, …​) з поясненнями вхідних і вихідних даних або інтерфейсів, що стосуються конкретного домену.  За бажанням ви можете додати специфічні для домену формати або протоколи зв’язку.</para>
</formalpara>
<formalpara>
<title>Мотивація</title>
<para>Усі зацікавлені сторони повинні розуміти, якими даними обмінюються із середовищем системи.</para>
</formalpara>
<formalpara>
<title>Форма</title>
<para>Різноманітні діаграми, які показують систему як чорний ящик і визначають інтерфейси домену для партнерів по спілкуванню.</para>
</formalpara>
<simpara>Як альтернативу (або додатково) можна використовувати таблицю.  Заголовок таблиці – це ім’я вашої системи, три стовпці містять ім’я комунікаційного партнера, вхідні та вихідні данні.</simpara>
</sidebar>

<simpara><emphasis role="strong">&lt;Діаграма або таблиця&gt;</emphasis></simpara>
<simpara><emphasis role="strong">&lt;опціонально: Пояснення інтерфейсів зовнішнього домену&gt;</emphasis></simpara>
</section>
<section id="__5">
<title>Технічний контекст</title>
<sidebar role="arc42help">
<formalpara>
<title>Зміст</title>
<para>Технічні інтерфейси (канали та засоби передачі), що з’єднують вашу систему з її середовищем.  Крім того, відображення вводу/виводу, специфічного для домену, на канали, тобто пояснення щодо того, для якого вводу/виводу, який канал використовується.</para>
</formalpara>
<formalpara>
<title>Мотивація</title>
<para>Багато зацікавлених сторін приймають архітектурні рішення на основі технічних інтерфейсів між системою та її контекстом.  Особливо розробники інфраструктури або апаратного забезпечення вирішують ці технічні інтерфейси.</para>
</formalpara>
<formalpara>
<title>Форма</title>
<para>Наприклад  діаграма розгортання UML, що описує канали до сусідніх систем, разом із таблицею відображення, що показує зв’язки між каналами та вводом/виводом.</para>
</formalpara>
</sidebar>

<simpara><emphasis role="strong">&lt;Діаграма або таблиця&gt;</emphasis></simpara>
<simpara><emphasis role="strong">&lt;опціонально: Пояснення технічних інтерфейсів&gt;</emphasis></simpara>
<simpara><emphasis role="strong">&lt;Зіставлення вхідних/вихідних даних з каналами&gt;</emphasis></simpara>
<simpara><?asciidoc-pagebreak?></simpara>

</section>
</chapter>
<chapter id="section-solution-strategy">
<title>Стратегія рішення</title>
<sidebar role="arc42help">
<formalpara>
<title>Зміст</title>
<para>Короткий виклад і пояснення основних рішень і стратегій вирішення, які формують архітектуру системи.  Це включає</para>
</formalpara>
<itemizedlist>
<listitem>
<simpara>технологічні рішення</simpara>
</listitem>
<listitem>
<simpara>рішення щодо декомпозиції системи верхнього рівня, напр.  використання архітектурного зразка або зразка дизайну</simpara>
</listitem>
<listitem>
<simpara>рішення про те, як досягти ключових цілей якості</simpara>
</listitem>
<listitem>
<simpara>відповідні організаційні рішення, напр.  вибір процесу розробки або делегування певних завдань третім особам.</simpara>
</listitem>
</itemizedlist>

<formalpara>
<title>Мотивація</title>
<para>Ці рішення є наріжними каменями для вашої архітектури.  Вони є основою для багатьох інших детальних рішень або правил реалізації.</para>
</formalpara>
<formalpara>
<title>Форма</title>
<para>Нехай  пояснення таких ключових рішень будуть короткими.</para>
</formalpara>
<simpara>Вмотивуйте те, що було вирішено, і чому воно було вирішено саме так, виходячи з постановки проблеми, цілей якості та ключових обмежень.  Зверніться до деталей у наступних розділах.</simpara>
<simpara>Див. <ulink url="https://docs.arc42.org/section-4/">Стратегію рішення</ulink> в документації arc42.</simpara>
</sidebar>

<simpara><?asciidoc-pagebreak?></simpara>

</chapter>
<chapter id="section-building-block-view">
<title>Представлення будівельного блоку</title>
<sidebar role="arc42help">
<formalpara>
<title>Зміст</title>
<para>Представлення будівельного блоку показує статичну декомпозицію системи на будівельні блоки (модулі, компоненти, підсистеми, класи, інтерфейси, пакунки, бібліотеки, структури, шари, розділи, рівні, функції, макроси, операції, структури даних, …​) як  а також їхні залежності (стосунки, асоціації, …​)</para>
</formalpara>
<simpara>Це представлення є обов’язковим для кожної архітектурної документації.  За аналогією з будинком це <emphasis>план поверху</emphasis>.</simpara>
<formalpara>
<title>Мотивація</title>
<para>Підтримуйте перегляд  вихідного коду, роблячи його структуру зрозумілою за допомогою абстракції.</para>
</formalpara>
<simpara>Це дозволяє вам спілкуватися з зацікавленими сторонами на абстрактному рівні, не розкриваючи деталей впровадження.</simpara>
<formalpara>
<title>Форма</title>
<para>Перегляд будівельних блоків — це ієрархічна колекція чорних і білих ящиків (див. малюнок нижче) та їхніх описів.</para>
</formalpara>
<figure>
  <mediaobject>
    <imageobject>
      <imagedata fileref="images/05_building_blocks-EN.png"/>
    </imageobject>
    <textobject><phrase>Ієрархія будівельних блоків</phrase></textobject>
  </mediaobject>
</figure>

<simpara><emphasis role="strong">Рівень 1</emphasis> — це white box опис всієї системи разом із black
box описом всіх будівельних блоків, що містяться.</simpara>
<simpara><emphasis role="strong">Рівень 2</emphasis> масштабує деякі будівельні блоки рівня 1. Таким чином, він містить white box опис вибраних будівельних блоків рівня 1 разом із black box описом їхніх внутрішніх будівельних блоків.</simpara>
<simpara><emphasis role="strong">Рівень 3</emphasis> масштабує вибрані будівельні блоки рівня 2 тощо.</simpara>
<simpara>Див. <ulink url="https://docs.arc42.org/section-5/">Представлення будівельного блоку</ulink> у документації arc42.</simpara>
</sidebar>

<section id="__whitebox">
<title>Загальна система Whitebox</title>
<sidebar role="arc42help">
<simpara>Тут ви описуєте декомпозицію загальної системи за допомогою наступного шаблону white box. Це містить</simpara>
<itemizedlist>
<listitem>
<simpara>оглядову діаграму</simpara>
</listitem>
<listitem>
<simpara>спонукання до декомпозиції</simpara>
</listitem>
<listitem>
<simpara>black box опис будівельних блоків, що містяться.  Для цього ми пропонуємо вам альтернативи:</simpara>
<itemizedlist>
<listitem>
<simpara>використовуйте  <emphasis>одну</emphasis> таблицю для короткого та прагматичного огляду всіх складових блоків та їхніх інтерфейсів</simpara>
</listitem>
<listitem>
<simpara>скористайтеся списком описів Blackbox будівельних блоків, відповідно до шаблону Blackbox(див. нижче).  Залежно від вашого вибору інструменту, цей список може містити підрозділи (у текстових файлах), підсторінки (у Wiki) або вкладені елементи (у інструменті моделювання).</simpara>
</listitem>
</itemizedlist>

</listitem>
<listitem>
<simpara>(Опціонально:) важливі інтерфейси, які не пояснюються в шаблонах Blackbox будівельного блоку, але дуже важливі для розуміння Whitebox.  Оскільки існує так багато способів визначення інтерфейсів, чому б не надати для них окремий шаблон.  У гіршому випадку вам доведеться вказати й описати синтаксис, семантику, протоколи, обробку помилок, обмеження, версії, якості, необхідні сумісності та багато іншого.  У кращому випадку ви обійдетеся прикладами або простими підписами.</simpara>
</listitem>
</itemizedlist>

</sidebar>

<simpara><emphasis><emphasis role="strong">&lt;Оглядова діаграма&gt;</emphasis></emphasis></simpara>
<variablelist>
<varlistentry>
<term>Мотивація</term>
<listitem>
<simpara><emphasis>&lt;текстове пояснення&gt;</emphasis></simpara>
</listitem>
</varlistentry>
<varlistentry>
<term>Містить будівельні блоки</term>
<listitem>
<simpara><emphasis>&lt;Опис вбудованого будівельного блоку (black boxes)&gt;</emphasis></simpara>
</listitem>
</varlistentry>
<varlistentry>
<term>Важливі інтерфейси</term>
<listitem>
<simpara><emphasis>&lt;Опис важливих інтерфейсів&gt;</emphasis></simpara>
</listitem>
</varlistentry>
</variablelist>

<sidebar role="arc42help">
<simpara>Вставте свої пояснення black boxes з рівня 1:</simpara>
<simpara>Якщо ви використовуєте табличну форму, ви описуватимете лише свої black boxes з назвою та відповідальністю відповідно до такої схеми:</simpara>
<informaltable frame="all"
    rowsep="1" colsep="1">
  
  <tgroup cols="2">
    
    <colspec colname="col_1" colwidth="33*"/>
    
    <colspec colname="col_2" colwidth="66*"/>
    
    
    <thead>
      
      <row>
        
        <entry align="left" valign="top"><emphasis role="strong">Ім'я</emphasis></entry>
        
        <entry align="left" valign="top"><emphasis role="strong">Відповідальність</emphasis></entry>
        
      </row>
      
    </thead>
    
    <tbody>
      
      <row>
        
        <entry align="left" valign="top"><simpara><emphasis>&lt;black box 1&gt;&gt;</emphasis></simpara></entry>
        
        <entry align="left" valign="top"><simpara> <emphasis>&lt;Текст&gt;</emphasis></simpara></entry>
        
      </row>
      
      <row>
        
        <entry align="left" valign="top"><simpara><emphasis>&lt;black box 2&gt;</emphasis></simpara></entry>
        
        <entry align="left" valign="top"><simpara> <emphasis>&lt;Тест&gt;</emphasis></simpara></entry>
        
      </row>
      
    </tbody>
    
  </tgroup>
</informaltable>

<simpara>Якщо ви використовуєте список описів black box, ви заповнюєте окремий шаблон black box для кожного важливого будівельного блоку.  Його заголовок — назва black box.</simpara>
</sidebar>

<section id="__black_box_1">
<title>&lt;Назва black box 1&gt;</title>
<sidebar role="arc42help">
<simpara>Тут ви описуєте &lt;black box 1&gt; відповідно до наступного шаблону black box:</simpara>
<itemizedlist>
<listitem>
<simpara>Мета/Відповідальність</simpara>
</listitem>
<listitem>
<simpara>Інтерфейс(и), якщо вони не витягнуті як окремі параграфи.  Ці інтерфейси можуть включати якості та характеристики продуктивності.</simpara>
</listitem>
<listitem>
<simpara>(Опціонально) Характеристики якості/продуктивності black box, наприклад доступність, поведінка під час виконання, …​.</simpara>
</listitem>
<listitem>
<simpara>(Опціонально) розташування каталогу/файлу</simpara>
</listitem>
<listitem>
<simpara>(Опціонально) Виконані вимоги (якщо вам потрібна відстежуваність вимог).</simpara>
</listitem>
<listitem>
<simpara>(Опціонально) Відкриті питання/проблеми/ризики</simpara>
</listitem>
</itemizedlist>

</sidebar>

<simpara><emphasis>&lt;Мета/Відповідальність&gt;</emphasis></simpara>
<simpara><emphasis>&lt;Інтерфейс(и)&gt;</emphasis></simpara>
<simpara><emphasis>&lt;(Опціонально) Характеристики якості/продуктивності&gt;</emphasis></simpara>
<simpara><emphasis>&lt;(Опціонально) Каталог/розташування файлу&gt;</emphasis></simpara>
<simpara><emphasis>&lt;(Опціонально) Виконані вимоги&gt;</emphasis></simpara>
<simpara><emphasis>&lt;(Опціонально) Відкриті проблеми/проблеми/ризики&gt;</emphasis></simpara>
</section>
<section id="__black_box_2">
<title>&lt;Назва black box 2&gt;</title>
<simpara><emphasis>&lt;шаблон black box&gt;</emphasis></simpara>
</section>
<section id="__black_box_n">
<title>&lt;Назва black box n&gt;</title>
<simpara><emphasis>&lt;шаблон black box&gt;</emphasis></simpara>
</section>
<section id="__1">
<title>&lt;Назва інтерфейс 1&gt;</title>
<simpara>&#8230;</simpara>
</section>
<section id="__m">
<title>&lt;Назва інтерфейс m&gt;</title>

</section>
</section>
<section id="__2_2">
<title>Рівень 2</title>
<sidebar role="arc42help">
<simpara>Тут ви можете вказати внутрішню структуру (деяких) будівельних блоків з рівня 1 як whiteboxes</simpara>
<simpara>Ви повинні вирішити, які будівельні блоки вашої системи є достатньо важливими, щоб виправдати такий детальний опис.  Віддавайте перевагу релевантності над повнотою.  Укажіть важливі, несподівані, ризиковані, складні або нестабільні будівельні блоки.  Виключіть звичайні, прості, нудні або стандартизовані частини вашої системи</simpara>
</sidebar>

<section id="_white_box_emphasis_1_emphasis">
<title>White Box <emphasis>&lt;будівельний блок 1&gt;</emphasis></title>
<sidebar role="arc42help">
<simpara>&#8230;описує внутрішню структуру <emphasis>будівельного блоку 1</emphasis>.</simpara>
</sidebar>

<simpara><emphasis>&lt;шаблон white box&gt;</emphasis></simpara>
</section>
<section id="_white_box_emphasis_2_emphasis">
<title>White Box <emphasis>&lt;будівельний блок 2&gt;</emphasis></title>
<simpara><emphasis>&lt;white box шаблон&gt;</emphasis></simpara>
<simpara>&#8230;</simpara>
</section>
<section id="_white_box_emphasis_m_emphasis">
<title>White Box <emphasis>&lt;будівельний блок m&gt;</emphasis></title>
<simpara><emphasis>&lt;white box шаблон&gt;</emphasis></simpara>
</section>
</section>
<section id="__3_2">
<title>Рівень 3</title>
<sidebar role="arc42help">
<simpara>Тут ви можете вказати внутрішню структуру (деяких) будівельних блоків з рівня 2 як white boxes.</simpara>
<simpara>Якщо вам потрібні більш детальні рівні вашої архітектури, скопіюйте цю
частину arc42 для додаткових рівнів.</simpara>
</sidebar>

<section id="_white_box_x_1">
<title>White Box &lt;_будівельний блок x.1_&gt;</title>
<sidebar role="arc42help">
<simpara>Уточнює внутрішню структуру <emphasis>будівельного блоку x.1</emphasis>.</simpara>
</sidebar>

<simpara><emphasis>&lt;Шаблон white box&gt;</emphasis></simpara>
</section>
<section id="_white_box_x_2">
<title>White Box &lt;_будівельний блок x.2_&gt;</title>
<simpara><emphasis>&lt;Шаблон white box&gt;</emphasis></simpara>
</section>
<section id="_white_box_y_1">
<title>White Box &lt;_будівельний блок y.1_&gt;</title>
<simpara><emphasis>&lt;Шаблон white box&gt;</emphasis></simpara>
<simpara><?asciidoc-pagebreak?></simpara>

</section>
</section>
</chapter>
<chapter id="section-runtime-view">
<title>Рантайм представлення</title>
<sidebar role="arc42help">
<formalpara>
<title>Зміст</title>
<para>Рантайм представлення описує конкретну поведінку та взаємодію будівельних блоків системи у формі сценаріїв із таких областей:</para>
</formalpara>
<itemizedlist>
<listitem>
<simpara>важливі випадки використання або функції: як їх виконують будівельні блоки?</simpara>
</listitem>
<listitem>
<simpara>взаємодії на критично важливих зовнішніх інтерфейсах: як будівельні блоки співпрацюють з користувачами та сусідніми системами?</simpara>
</listitem>
<listitem>
<simpara>експлуатація та управління: запуск, старт, зупинка</simpara>
</listitem>
<listitem>
<simpara>сценарії помилок і винятків</simpara>
</listitem>
</itemizedlist>

<simpara>Примітка: Основним критерієм вибору можливих сценаріїв (послідовностей, робочих процесів) є їх <emphasis role="strong">архітектурна релевантність</emphasis>. <emphasis role="strong">Не</emphasis> важливо описувати велику кількість сценаріїв. Краще задокументуйте репрезентативний вибір.</simpara>
<formalpara>
<title>Мотивація</title>
<para>Ви повинні розуміти, як (примірники) будівельних блоків вашої системи виконують свою роботу та спілкуються під час виконання.
Ви в основному фіксуватимете сценарії у своїй документації, щоб повідомити свою архітектуру зацікавленим сторонам, які менше бажають або не вміють читати та розуміти статичні моделі (представлення будівельних блоків, представлення розгортання).</para>
</formalpara>
<formalpara>
<title>Форма</title>
<para>Існує багато позначень для опису сценаріїв, напр.</para>
</formalpara>
<itemizedlist>
<listitem>
<simpara>нумерований список кроків (натуральною мовою)</simpara>
</listitem>
<listitem>
<simpara>діаграми діяльності або блок-схеми</simpara>
</listitem>
<listitem>
<simpara>sequence diagrams</simpara>
</listitem>
<listitem>
<simpara>BPMN або EPC (ланцюги процесів подій)</simpara>
</listitem>
<listitem>
<simpara>машини стану</simpara>
</listitem>
<listitem>
<simpara>&#8230;</simpara>
</listitem>
</itemizedlist>

<simpara>Див. <ulink url="https://docs.arc42.org/section-6/">Представлення часу виконання</ulink> в документації arc42.</simpara>
</sidebar>

<section id="__1_2">
<title>&lt;Сценарій часу виконання 1&gt;</title>
<itemizedlist>
<listitem>
<simpara><emphasis>&lt;вставте діаграму виконання або текстовий опис сценарію&gt;</emphasis></simpara>
</listitem>
<listitem>
<simpara><emphasis>&lt;вставте опис помітних аспектів взаємодії між
екземплярами будівельних блоків, зображеними на цій діаграмі.&gt;</emphasis></simpara>
</listitem>
</itemizedlist>

</section>
<section id="__2_3">
<title>&lt;Сценарій часу виконання 2&gt;</title>

</section>
<section id="__6">
<title>&#8230;</title>

</section>
<section id="__n">
<title>&lt;Сценарій часу виконання n&gt;</title>
<simpara><?asciidoc-pagebreak?></simpara>

</section>
</chapter>
<chapter id="section-deployment-view">
<title>Представлення розгортання</title>
<sidebar role="arc42help">
<formalpara>
<title>Зміст</title>
<para>Представлення розгортання описує:</para>
</formalpara>
<orderedlist numeration="arabic">
<listitem>
<simpara>технічну інфраструктуру, що використовується для виконання вашої системи, з такими елементами інфраструктури, як географічні розташування, середовища, комп’ютери, процесори, канали та топології мережі, а також інші елементи інфраструктури та</simpara>
</listitem>
<listitem>
<simpara>зіставлення будівельних блоків (програмного забезпечення) з елементами інфраструктури.</simpara>
</listitem>
</orderedlist>

<simpara>Часто системи виконуються в різних середовищах, напр. середовище розробки, середовище тестування, середовище виробництва. У таких випадках ви повинні документувати всі відповідні середовища.</simpara>
<simpara>Особливо задокументуйте представлення розгортання, якщо ваше програмне забезпечення виконується як розподілена система з кількома комп’ютерами, процесорами, серверами чи контейнерами або коли ви проектуєте та створюєте власні апаратні процесори та мікросхеми.</simpara>
<simpara>З точки зору програмного забезпечення достатньо охопити лише ті елементи інфраструктури, які необхідні для демонстрації розгортання ваших будівельних блоків. Архітектори апаратного забезпечення можуть вийти за рамки цього й описати інфраструктуру з будь-яким рівнем деталізації, який вони потребують.</simpara>
<formalpara>
<title>Мотивація</title>
<para>Програмне забезпечення не працює без апаратного забезпечення.
Ця базова інфраструктура може і буде впливати на систему та/або деякі наскрізні поняття. Тому необхідно знати інфраструктуру.</para>
</formalpara>
<simpara>Можливо, діаграма розгортання найвищого рівня вже міститься в розділі 3.2. як
технічний контекст із вашою власною інфраструктурою як ОДИН black box. У цьому розділі можна
маштабуватіся у цей black box за допомогою додаткових схем розгортання:</simpara>
<itemizedlist>
<listitem>
<simpara>UML пропонує діаграми розгортання, щоб висловити це бачення. Використовуйте його, ймовірно, із вкладеними діаграмами,
коли ваша інфраструктура складніша.</simpara>
</listitem>
<listitem>
<simpara>Якщо ваші (апаратні) стейкхолдери віддають перевагу іншим типам діаграм, а не діаграмі розгортання, дозвольте їм використовувати будь-який вид, який здатний показати вузли та канали інфраструктури.</simpara>
</listitem>
</itemizedlist>

<simpara>Див. <ulink url="https://docs.arc42.org/section-7/">Представлення розгортання</ulink> в документації arc42.</simpara>
</sidebar>

<section id="__1_3">
<title>Інфраструктура Рівень 1</title>
<sidebar role="arc42help">
<simpara>Опишіть (зазвичай у вигляді діаграм, таблиць і тексту):</simpara>
<itemizedlist>
<listitem>
<simpara>розповсюдження системи на декілька місць, середовищ, комп’ютерів, процесорів, .., а також фізичні з’єднання між ними</simpara>
</listitem>
<listitem>
<simpara>важливі обґрунтування або мотивації цієї структури розгортання</simpara>
</listitem>
<listitem>
<simpara>характеристики якості та/або продуктивності цієї інфраструктури</simpara>
</listitem>
<listitem>
<simpara>відображення програмних артефактів на елементи цієї інфраструктури</simpara>
</listitem>
</itemizedlist>

<simpara>Для кількох середовищ або альтернативних розгортань, будь ласка, скопіюйте та адаптуйте цей розділ arc42 для всіх відповідних середовищ.</simpara>
</sidebar>

<simpara><emphasis><emphasis role="strong">&lt;Оглядова діаграма&gt;</emphasis></emphasis></simpara>
<variablelist>
<varlistentry>
<term>Мотивація</term>
<listitem>
<simpara><emphasis>&lt;пояснення в текстовій формі&gt;</emphasis></simpara>
</listitem>
</varlistentry>
<varlistentry>
<term>Характеристики якості та/або ефективності</term>
<listitem>
<simpara><emphasis>&lt;пояснення в текстовій формі&gt;</emphasis></simpara>
</listitem>
</varlistentry>
<varlistentry>
<term>Відображення будівельних блоків в інфраструктурі</term>
<listitem>
<simpara><emphasis>&lt;опис відображення&gt;</emphasis></simpara>
</listitem>
</varlistentry>
</variablelist>

</section>
<section id="__2_4">
<title>Інфраструктура Рівень 2</title>
<sidebar role="arc42help">
<simpara>Тут можна включити внутрішню структуру (деяких) елементів інфраструктури з рівня 1.</simpara>
<simpara>Будь ласка, скопіюйте структуру з рівня 1 для кожного вибраного елемента.</simpara>
</sidebar>

<section id="__emphasis_1_emphasis">
<title><emphasis>&lt;Інфраструктурний Елемент 1&gt;</emphasis></title>
<simpara><emphasis>&lt;діаграма + пояснення&gt;</emphasis></simpara>
</section>
<section id="__emphasis_2_emphasis">
<title><emphasis>&lt;Інфраструктурний Елемент 2&gt;</emphasis></title>
<simpara><emphasis>&lt;діаграма + пояснення&gt;</emphasis></simpara>
<simpara>&#8230;</simpara>
</section>
<section id="__emphasis_n_emphasis">
<title><emphasis>&lt;Інфраструктурний Елемент n&gt;</emphasis></title>
<simpara><emphasis>&lt;діаграма + пояснення&gt;</emphasis></simpara>
<simpara><?asciidoc-pagebreak?></simpara>

</section>
</section>
</chapter>
<chapter id="розділ-поняття">
<title>Наскрізні концепції</title>
<sidebar role="arc42help">
<formalpara>
<title>Зміст</title>
<para>У цьому розділі описано загальні основні правила та ідеї рішень, які стосуються багатьох частин (= наскрізних) вашої системи.
Такі концепції часто пов’язані з кількома будівельними блоками.
Вони можуть включати багато різних тем, наприклад</para>
</formalpara>
<itemizedlist>
<listitem>
<simpara>моделі, особливо моделі домену</simpara>
</listitem>
<listitem>
<simpara>шаблони архітектури або дизайну</simpara>
</listitem>
<listitem>
<simpara>правила використання конкретної технологіЇ</simpara>
</listitem>
<listitem>
<simpara>принципові, часто технічні рішення загального (= наскрізного) характеру</simpara>
</listitem>
<listitem>
<simpara>правила реалізації</simpara>
</listitem>
</itemizedlist>

<formalpara>
<title>Мотивація</title>
<para>Концепції формують основу для <emphasis>концептуальної цілісності</emphasis> (узгодженості, однорідності) архітектури.
Таким чином, вони є важливим внеском у досягнення внутрішніх якостей вашої системи.</para>
</formalpara>
<simpara>Деякі з цих концепцій не можна віднести до окремих будівельних блоків, напр. сек'юрність або безпека.</simpara>
<formalpara>
<title>Форма</title>
<para>Форма може бути різноманітною:</para>
</formalpara>
<itemizedlist>
<listitem>
<simpara>концептуальні документи будь-якої структури</simpara>
</listitem>
<listitem>
<simpara>наскрізні фрагменти моделей або сценарії з використанням нотацій архітектурних представлень</simpara>
</listitem>
<listitem>
<simpara>зразки реалізації, особливо для технічних концепцій</simpara>
</listitem>
<listitem>
<simpara>посилання на типове використання стандартних фреймворків (наприклад, використання Hibernate для об’єктного/реляційного відображення)</simpara>
</listitem>
</itemizedlist>

<formalpara>
<title>Структура</title>
<para>Потенційною (але не обов’язковою) структурою цього розділу може бути:</para>
</formalpara>
<itemizedlist>
<listitem>
<simpara>Поняття домену</simpara>
</listitem>
<listitem>
<simpara>Концепції взаємодії з користувачем (UX)</simpara>
</listitem>
<listitem>
<simpara>Концепції безпеки та сек'юрності</simpara>
</listitem>
<listitem>
<simpara>Патерни архітектури та дизайну</simpara>
</listitem>
<listitem>
<simpara>"Під капотом"</simpara>
</listitem>
<listitem>
<simpara>концепції розвитку</simpara>
</listitem>
<listitem>
<simpara>операційні концепції</simpara>
</listitem>
</itemizedlist>

<simpara>Примітка: може бути важко призначити окремі поняття одній конкретній темі
у цьому списку.</simpara>
<figure>
  <mediaobject>
    <imageobject>
      <imagedata fileref="images/08-Crosscutting-Concepts-Structure-EN.png"/>
    </imageobject>
    <textobject><phrase>Можливі теми для наскрізних концепцій</phrase></textobject>
  </mediaobject>
</figure>

<simpara>Див. <ulink url="https://docs.arc42.org/section-8/">Концепції</ulink> в документації arc42.</simpara>
</sidebar>

<section id="__emphasis_1_emphasis_2">
<title><emphasis>&lt;Концепція 1&gt;</emphasis></title>
<simpara><emphasis>&lt;пояснення&gt;</emphasis></simpara>
</section>
<section id="__emphasis_2_emphasis_2">
<title><emphasis>&lt;Концепція 2&gt;</emphasis></title>
<simpara><emphasis>&lt;пояснення&gt;</emphasis></simpara>
<simpara>&#8230;</simpara>
</section>
<section id="__emphasis_n_emphasis_2">
<title><emphasis>&lt;Поняття n&gt;</emphasis></title>
<simpara><emphasis>&lt;пояснення&gt;</emphasis></simpara>
<simpara><?asciidoc-pagebreak?></simpara>

</section>
</chapter>
<chapter id="розділ-проектні-рішення">
<title>Архітектурні рішення</title>
<sidebar role="arc42help">
<formalpara>
<title>Зміст</title>
<para>Важливі, дорогі, великомасштабні або ризиковані архітектурні рішення, включаючи причини.
Під «рішеннями» ми маємо на увазі вибір однієї альтернативи на основі заданих критеріїв.</para>
</formalpara>
<simpara>Будь ласка, вирішуйте на свій розсуд, чи потрібно документувати архітектурне рішення
тут, у цьому центральному розділі, чи краще задокументувати це локально
(наприклад, у white box шаблоні одного будівельного блоку).</simpara>
<simpara>Уникайте надмірності.
Зверніться до розділу 4, де ви вже зафіксували найважливіші рішення вашої архітектури.</simpara>
<formalpara>
<title>Мотивація</title>
<para>Зацікавлені сторони вашої системи повинні мати можливість зрозуміти та відстежити ваші рішення.</para>
</formalpara>
<formalpara>
<title>Форма</title>
<para>Різні варіанти:</para>
</formalpara>
<itemizedlist>
<listitem>
<simpara>ADR <indexterm><primary><ulink url="https://thinkrelevance.com/blog/2011/11/15/documenting-architecture-decisions">Запис архітектурних рішень</ulink></primary></indexterm><ulink url="https://thinkrelevance.com/blog/2011/11/15/documenting-architecture-decisions">Запис архітектурних рішень</ulink> для кожного важливого рішення</simpara>
</listitem>
<listitem>
<simpara>Список або таблиця, упорядкована за важливістю та наслідками або:</simpara>
</listitem>
<listitem>
<simpara>детальніше у вигляді окремого розділу на кожне рішення</simpara>
</listitem>
</itemizedlist>

<simpara>Див. <ulink url="https://docs.arc42.org/section-9/">Архітектурні рішення</ulink> в документації arc42.
Там ви знайдете посилання та приклади щодо ADR.</simpara>
</sidebar>

<simpara><?asciidoc-pagebreak?></simpara>

</chapter>
<chapter id="розділ-якість-сценарії">
<title>Вимоги до якості</title>
<sidebar role="arc42help">
<formalpara>
<title>Зміст</title>
<para>Цей розділ містить усі вимоги до якості у вигляді дерева якості зі сценаріями. Найважливіші з них уже описано в розділі 1.2. (цілі якості)</para>
</formalpara>
<simpara>Тут ви також можете охопити вимоги до якості з меншим пріоритетом,
які не створюватимуть високих ризиків, коли вони не будуть повністю досягнуті.</simpara>
<formalpara>
<title>Мотивація</title>
<para>Оскільки вимоги до якості матимуть великий вплив на архітектуру
рішення, які ви повинні знати для кожної зацікавленої сторони, що для них дійсно важливо,
конкретно і вимірювано.</para>
</formalpara>
<simpara>Див. <ulink url="https://docs.arc42.org/section-10/">Вимоги до якості</ulink> в документації arc42.</simpara>
</sidebar>

<section id="__7">
<title>Дерево якості</title>
<sidebar role="arc42help">
<formalpara>
<title>Зміст</title>
<para>Дерево якості (як визначено в ATAM – Метод аналізу компромісів архітектури) зі сценаріями якості/оцінки у вигляді листків.</para>
</formalpara>
<formalpara>
<title>Мотивація</title>
<para>Деревоподібна структура з пріоритетами надає огляд для інколи великої кількості вимог до якості.</para>
</formalpara>
<formalpara>
<title>Форма</title>
<para>Дерево якості – це загальний огляд цілей і вимог до якості:</para>
</formalpara>
<itemizedlist>
<listitem>
<simpara>деревоподібне уточнення терміна «якість». Використовуйте «якість» або «корисність» як корінь</simpara>
</listitem>
<listitem>
<simpara>розумова карта з категоріями якості як основними гілками</simpara>
</listitem>
</itemizedlist>

<simpara>У будь-якому випадку дерево має містити посилання на сценарії наступного розділу.</simpara>
</sidebar>

</section>
<section id="__8">
<title>Сценарії якості</title>
<sidebar role="arc42help">
<formalpara>
<title>Зміст</title>
<para>Конкретизація (іноді нечітких або неявних) вимог до якості за допомогою сценаріїв (якості).</para>
</formalpara>
<simpara>Ці сценарії описують, що має статися, коли в систему надходить подразник.</simpara>
<simpara>Для архітекторів важливі два види сценаріїв:</simpara>
<itemizedlist>
<listitem>
<simpara>Сценарії використання (також звані прикладними сценаріями або сценаріями використання) описують реакцію системи на певний стимул, під час виконання. Це також включає сценарії, які описують ефективність або продуктивність системи. Приклад: система реагує на запит користувача протягом однієї секунди.</simpara>
</listitem>
<listitem>
<simpara>Сценарії змін описують модифікацію системи або її найближчого оточення. Приклад: реалізовано додаткові функції або змінено вимоги до атрибута якості.</simpara>
</listitem>
</itemizedlist>

<formalpara>
<title>Мотивація</title>
<para>Сценарії конкретизують вимоги до якості та дозволяють
легше виміряти або вирішити, чи виконуються вони.</para>
</formalpara>
<simpara>Особливо, коли ви хочете оцінити свою архітектуру за допомогою таких методів як
ATAM, вам потрібно описати свої цілі щодо якості (з розділу 1.2)
точніше, до рівня сценаріїв, які можна обговорювати та оцінювати.</simpara>
<formalpara>
<title>Форма</title>
<para>Табличний або довільний текст.</para>
</formalpara>
</sidebar>

<simpara><?asciidoc-pagebreak?></simpara>

</section>
</chapter>
<chapter id="розділ-технічні-ризики">
<title>Ризики та технічні борги</title>
<sidebar role="arc42help">
<formalpara>
<title>Зміст</title>
<para>Список виявлених технічних ризиків або технічних боргів, упорядкованих за пріоритетністю</para>
</formalpara>
<formalpara>
<title>Мотивація</title>
<para>«Управління ризиками — це управління проектами для дорослих» (Тім Лістер, Atlantic Systems Guild.)</para>
</formalpara>
<simpara>Це повинно бути вашим девізом для систематичного виявлення та оцінки ризиків і технічних боргів в архітектурі, які знадобляться зацікавленим сторонам управління (наприклад, керівникам проектів, власникам продуктів) як частина загального аналізу ризиків і планування вимірювання.</simpara>
<formalpara>
<title>Форма</title>
<para>Перелік ризиків та/або технічної заборгованості, можливо, включаючи запропоновані заходи для мінімізації, пом’якшення або уникнення ризиків або зменшення технічної заборгованості.</para>
</formalpara>
<simpara>Див. <ulink url="https://docs.arc42.org/section-11/">Ризики та технічний борг</ulink> в документації arc42.</simpara>
</sidebar>

<simpara><?asciidoc-pagebreak?></simpara>

</chapter>
<chapter id="розділ-глосарій">
<title>Глосарій</title>
<sidebar role="arc42help">
<formalpara>
<title>Зміст</title>
<para>Найважливіші предметні та технічні терміни, які ваші зацікавлені сторони використовують під час обговорення системи.</para>
</formalpara>
<simpara>Ви також можете бачити глосарій як джерело для перекладу, якщо працюєте в багатомовних командах.</simpara>
<formalpara>
<title>Мотивація</title>
<para>Ви повинні чітко визначити свої умови, щоб усі зацікавлені сторони</para>
</formalpara>
<itemizedlist>
<listitem>
<simpara>мали однакове розуміння цих термінів</simpara>
</listitem>
<listitem>
<simpara>не вживати синонімів і омонімів</simpara>
</listitem>
</itemizedlist>

<itemizedlist>
<title>Форма</title>
<listitem>
<simpara>Таблиця зі стовпцями &lt;Термін&gt; і &lt;Визначення&gt;.</simpara>
</listitem>
<listitem>
<simpara>Потенційно більше колонок, якщо вам знадобляться переклади.</simpara>
</listitem>
</itemizedlist>

<simpara>Див. <ulink url="https://docs.arc42.org/section-12/">Глосарій</ulink> в документації arc42.</simpara>
</sidebar>

<informaltable frame="all"
    rowsep="1" colsep="1">
  
  <tgroup cols="2">
    
    <colspec colname="col_1" colwidth="33*"/>
    
    <colspec colname="col_2" colwidth="66*"/>
    
    
    <thead>
      
      <row>
        
        <entry align="left" valign="top">Термін</entry>
        
        <entry align="left" valign="top">Визначення</entry>
        
      </row>
      
    </thead>
    
    <tbody>
      
      <row>
        
        <entry align="left" valign="top"><simpara><emphasis>&lt;Термін-1&gt;</emphasis></simpara></entry>
        
        <entry align="left" valign="top"><simpara><emphasis>&lt;Визначення-1&gt;</emphasis></simpara></entry>
        
      </row>
      
      <row>
        
        <entry align="left" valign="top"><simpara><emphasis>&lt;Термін-2&gt;</emphasis></simpara></entry>
        
        <entry align="left" valign="top"><simpara><emphasis>&lt;Визначення-2&gt;</emphasis></simpara></entry>
        
      </row>
      
    </tbody>
    
  </tgroup>
</informaltable>

</chapter>
</book>