<?xml version="1.0" encoding="UTF-8"?>
<?asciidoc-toc?>
<?asciidoc-numbered?>
<book xmlns="http://docbook.org/ns/docbook" xmlns:xl="http://www.w3.org/1999/xlink" version="5.0" xml:lang="en">
<info>
<title><inlinemediaobject>
<imageobject>
<imagedata fileref="images/arc42-logo.png"/>
</imageobject>
<textobject><phrase>arc42</phrase></textobject>
</inlinemediaobject> Template</title>
<date>March 2023</date>
<author>
<personname>
<firstname>Dr.</firstname>
<othername>Peter</othername>
<surname>Hruschka, Dr. Gernot Starke en bijdragers</surname>
</personname>
</author>
<authorinitials>DPH</authorinitials>
<revhistory>
<revision>
<revnumber>8.2-NL</revnumber>
<date>March 2023</date>
<authorinitials>DPH</authorinitials>
<revremark>De NL versie is gebaseerd op EN asciidoc template </revremark>
</revision>
</revhistory>
</info>
<preface>
<title></title>
<simpara><emphasis role="strong">Over arc42</emphasis></simpara>
<simpara role="lead">arc42, de Template voor documentatie van software en systeem architectuur.</simpara>
<simpara>Gecreeerd en onderhouden door Dr. Peter Hruschka, Dr. Gernot Starke en bijdragers.</simpara>
<simpara>Template Versie: 8.2-NL. De NL versie is gebaseerd op EN asciidoc template , March 2023</simpara>
<simpara>&#169;
We erkennen dat dit document materiaal gebruikt van de arc 42 architectuur template, <link xl:href="https://arc42.org">https://arc42.org</link>.</simpara>
<simpara><?asciidoc-hr?></simpara>
<sidebar role="arc42help">
<note>
<simpara>Deze versie van de template bevat hulp en uitleg.
Het is bedoel om bekend te raken met arc42 en om de concepten te begrijpen.
Om uw eigen sytemen te documenteren adviseren we om de <emphasis>kale</emphasis> versie te gebruiken.</simpara>
</note>
</sidebar>
<simpara><?asciidoc-pagebreak?></simpara>
</preface>
<chapter xml:id="section-introduction-and-goals">
<title>Introductie en Doelen</title>
<sidebar role="arc42help">
<simpara>Beschrijft de relevante requirements en het krachtenveld waar software architecten en het development team rekening mee moeten houden.
Die bestaan onder ander uit</simpara>
<itemizedlist>
<listitem>
<simpara>het begrijpen van de achterliggende doelen van de business,</simpara>
</listitem>
<listitem>
<simpara>essentiele features,</simpara>
</listitem>
<listitem>
<simpara>essentiele functionele requirements,</simpara>
</listitem>
<listitem>
<simpara>kwaliteits doelen voor de architectuur en</simpara>
</listitem>
<listitem>
<simpara>relevante belanghebbenden en hun verwachtingen</simpara>
</listitem>
</itemizedlist>
</sidebar>
<section xml:id="_requirements_overzicht">
<title>Requirements Overzicht</title>
<sidebar role="arc42help">
<formalpara>
<title>Inhoud</title>
<para>Korte beschrijven van de functionele requirements, drijvende krachten, uittreksel (of samenvatting) van de requirements.
Verwijzing naar de (hopelijk bestaande) requirements documentatie (met versie nummer en informatie waar deze te vinden is).</para>
</formalpara>
<formalpara>
<title>Motivatie</title>
<para>Vanuit het perspectief van de eind gebruikers is een systeem ontwikkeld of aangepast om een business activiteit beter te ondersteunen en/of om de kwaliteit van die activiteit te verbeteren.</para>
</formalpara>
<formalpara>
<title>Vorm</title>
<para>Korte textuele beschrijving, mogelijk in use-case tabel formaat.
Dit overzichts document moet naar het requirements document verwijzen (als dat bestaat).</para>
</formalpara>
<simpara>Houd deze uittreksels zo kort mogelijk.
Zoek een evenwicht tussen leesbaarheid van dit document en mogelijke dubbelingen met betrekking tot het requirements document.</simpara>
<formalpara>
<title>Verdere Informatie</title>
<para>Zie <link xl:href="https://docs.arc42.org/section-1/">Introductie en Doelen</link> in de arc42 documentatie.</para>
</formalpara>
</sidebar>
</section>
<section xml:id="_kwaliteits_doelen">
<title>Kwaliteits Doelen</title>
<sidebar role="arc42help">
<formalpara>
<title>Inhoud</title>
<para>De top drie (max vijf) kwaliteits doelen aan de architectuur waarvan het behalen van het grootste belang is voor de primaire belanghebbenden.</para>
</formalpara>
<simpara>We bedoelen hier echt kwaliteits doelen voor de architectuur.
Niet te verwarren met project doelen.</simpara>
<simpara>Overweeg dit overzicht met mogelijke onderwerpen (gebaseerd op de ISO 25010 standaard):</simpara>
<informalfigure>
<mediaobject>
<imageobject>
<imagedata fileref="images/01_2_iso-25010-topics-EN-2023.drawio.png"/>
</imageobject>
<textobject><phrase>Categorieen van mogelijke Kwaliteits Requirements</phrase></textobject>
</mediaobject>
</informalfigure>
<formalpara>
<title>Motivatie</title>
<para>Het is belangrijk de kwaliteits doelen van je belangrijkste belanghebbenden te kennen omdat deze invloed hebben op fundamentele architectuur keuzes.
Denk eraan heel concreet te zijn over deze kwaliteiten, vermijd modewoorden.
Alsof je als architect niet weet hoe de kwaliteit van je werk beoordeeld zal worden&#8230;&#8203;</para>
</formalpara>
<formalpara>
<title>Vorm</title>
<para>Een tabel met kwaliteits doelen en concrete scenarios, gesorteerd op prioriteit.</para>
</formalpara>
</sidebar>
</section>
<section xml:id="_belanghebbenden">
<title>Belanghebbenden</title>
<sidebar role="arc42help">
<formalpara>
<title>Inhoud</title>
<para>Expliciet overzicht van belanghebbenden van het systeem, dat wil zeggen alle personen, rollen of oranisaties die</para>
</formalpara>
<itemizedlist>
<listitem>
<simpara>de architectuur moeten kennen</simpara>
</listitem>
<listitem>
<simpara>van de architectuur overtuigd moeten worden</simpara>
</listitem>
<listitem>
<simpara>met de architectuur of code moeten werken</simpara>
</listitem>
<listitem>
<simpara>de documentatie van de architectuur nodig hebben voor hun werk</simpara>
</listitem>
<listitem>
<simpara>beslissingen moeten maken over het systeem of de ontwikkeling daarvan</simpara>
</listitem>
</itemizedlist>
<formalpara>
<title>Motivatie</title>
<para>Alle partijen die betrokken zijn bij de ontwikkeling of anderzinds geraakt worden door het systeem moeten bekend zijn.
Anders kan dat later in het ontwikkelings proces tot nare verassingen zorgen.
Deze belanghebbenden bepalen in een grote mate de omvang en het detail niveau van de werkzaameheden en de resultaten.</para>
</formalpara>
<formalpara>
<title>Vorm</title>
<para>Tabel met de rollen, personen en hun verwachting met betrekking tot de architectuur en haar documentatie.</para>
</formalpara>
</sidebar>
<informaltable frame="all" rowsep="1" colsep="1">
<tgroup cols="3">
<colspec colname="col_1" colwidth="20*"/>
<colspec colname="col_2" colwidth="40*"/>
<colspec colname="col_3" colwidth="40*"/>
<thead>
<row>
<entry align="left" valign="top">Rol/Naam</entry>
<entry align="left" valign="top">Contact persoon</entry>
<entry align="left" valign="top">Verwachtingen</entry>
</row>
</thead>
<tbody>
<row>
<entry align="left" valign="top"><simpara><emphasis>&lt;Rol-1&gt;</emphasis></simpara></entry>
<entry align="left" valign="top"><simpara><emphasis>&lt;Contact-1&gt;</emphasis></simpara></entry>
<entry align="left" valign="top"><simpara><emphasis>&lt;Verwachting-1&gt;</emphasis></simpara></entry>
</row>
<row>
<entry align="left" valign="top"><simpara><emphasis>&lt;Rol-2&gt;</emphasis></simpara></entry>
<entry align="left" valign="top"><simpara><emphasis>&lt;Contact-2&gt;</emphasis></simpara></entry>
<entry align="left" valign="top"><simpara><emphasis>&lt;Verwachting-2&gt;</emphasis></simpara></entry>
</row>
</tbody>
</tgroup>
</informaltable>
<simpara><?asciidoc-pagebreak?></simpara>
</section>
</chapter>
<chapter xml:id="section-architecture-constraints">
<title>Architectuur Beperkingen</title>
<sidebar role="arc42help">
<formalpara>
<title>Inhoud</title>
<para>Iedere requirement die de sofware architecten in hun vrijheid met betrekking tot ontwerp, implementatie of het ontwikkel proces beperken.
Het kan zijn dat deze beperkingen verder gaan dan de individuele systemen en van toepassing zijn op hele organisaties of bedrijven.</para>
</formalpara>
<formalpara>
<title>Motivatie</title>
<para>Architecten moeten weten waar ze vrij zijn in de ontwerp keuzes en waar ze zich aan beperkingen moeten houden.
Beperkingen moeten altijd onder ogen worden gezien; echter, het kan zijn dat er over te onderhandelen valt.</para>
</formalpara>
<formalpara>
<title>Vorm</title>
<para>Simpele tabellen met beperkingen en bijbehorende uitleg.
Zo nodig opgedeeld in technische, organisatorische en politieke beperkingen en conventies (bijv. programmeer of versionering guidelines, documentatie of naamgevings conventies).</para>
</formalpara>
<formalpara>
<title>Verdere Informatie</title>
<para>Zie <link xl:href="https://docs.arc42.org/section-2/">Architectuur Beperkingen</link> in de arc42 documentatie.</para>
</formalpara>
</sidebar>
<simpara><?asciidoc-pagebreak?></simpara>
</chapter>
<chapter xml:id="section-context-and-scope">
<title>Context en Systeem Scope</title>
<sidebar role="arc42help">
<formalpara>
<title>Inhoud</title>
<para>De systeem scope en context maakt - zoals de naam suggereert - een onderscheid tussen het eigen systeem (d.w.z. de scope van het systeem dat wordt beschreven) en alle partners waarmee wordt gecommuniceerd (buur systemen en gebruikers, met andere woorden, de context van het systeem).
Hiermee worden externe interfaces gedefineerd.</para>
</formalpara>
<simpara>Maak, als het nodig is, onderscheid tussen business context (domein specifieke inputs en outputs) en technische context (kanalen, protocollen, hardware).</simpara>
<formalpara>
<title>Motivatie</title>
<para>De domein en technische interfaces met communicatie partners horen bij meest kritieke aspecten van het systeem.
Wees er zeker van dat deze volledig te doorgronden.</para>
</formalpara>
<formalpara>
<title>Vorm</title>
<para>Verschillend opties:</para>
</formalpara>
<itemizedlist>
<listitem>
<simpara>Context diagrammen</simpara>
</listitem>
<listitem>
<simpara>Lijst van communicatie partners en bijbehorende interfaces.</simpara>
</listitem>
</itemizedlist>
<formalpara>
<title>Verdere Informatie</title>
<para>Zie <link xl:href="https://docs.arc42.org/section-3/">Context en Scope</link> in de arc42 documentatie.</para>
</formalpara>
</sidebar>
<section xml:id="_business_context">
<title>Business Context</title>
<sidebar role="arc42help">
<formalpara>
<title>Inhoud</title>
<para>Specificatie van <emphasis role="strong">alle</emphasis> communicatie partners (gebruikers, IT-systemen, &#8230;&#8203;) met uitleg van domein specifieke inputs en outputs of interfaces.
Het is eventueel mogelijk om domein specifieke formaten of communicatie protocollen toe te voegen.</para>
</formalpara>
<formalpara>
<title>Motivatie</title>
<para>Alle belanghebbenden moeten begrijpen welke data er uitgewisseld wordt met de omgeving van het systeem.</para>
</formalpara>
<formalpara>
<title>Vorm</title>
<para>Alle soorten diagrammen die het systeem als een black box weergeven en die de domein interfaces naar communicatie partners laten zien.</para>
</formalpara>
<simpara>Een tabel vorm zou als alternatief (of toevoeging) gebruikt kunnen worden.
De naam van het systeem is de titel van de tabel.
De drie kolommen bevatten de naam van de communicatie partner, de inputs en de outputs.</simpara>
</sidebar>
<simpara><emphasis role="strong">&lt;Diagram of Tabel&gt;</emphasis></simpara>
<simpara><emphasis role="strong">&lt;optioneel: Uitleg van de externe domein interfaces&gt;</emphasis></simpara>
</section>
<section xml:id="_technische_context">
<title>Technische Context</title>
<sidebar role="arc42help">
<formalpara>
<title>Inhoud</title>
<para>Technische interfaces (kanalen en mechanismen) die het systeem met haar omgeving verbind.
Naast een mapping van domein specifieke input/output naar kanalen, dat wil zeggen, een uitleg welke I/O welke kanalen gebruikt.</para>
</formalpara>
<formalpara>
<title>Motivatie</title>
<para>Veel belanghebbenden maken beslisisingen met betrekkeing tot de architectuur gebaseerd op de technische interfaces tussen het systeem en haar context.
Met name infrastructuur of hardware ontwerpers beslissen aan de hand van deze technische interfaces.</para>
</formalpara>
<formalpara>
<title>Vorm</title>
<para>Bijvoorbeeld UML deployment diagrammen die de kanalen naar naburige systemen beschrijven, gecombineerd met mapping tabellen die de relatie tussen de kanalen en de input/output tonen.</para>
</formalpara>
</sidebar>
<simpara><emphasis role="strong">&lt;Diagram of Tabel&gt;</emphasis></simpara>
<simpara><emphasis role="strong">&lt;optioneel: Uitleg van technische interfaces&gt;</emphasis></simpara>
<simpara><emphasis role="strong">&lt;Mapping Input/Output naar kanalen&gt;</emphasis></simpara>
<simpara><?asciidoc-pagebreak?></simpara>
</section>
</chapter>
<chapter xml:id="section-solution-strategy">
<title>Oplossing Strategie</title>
<sidebar role="arc42help">
<formalpara>
<title>Inhoud</title>
<para>Een korte samenvatting en uitleg van de fundamentele beslissingen en oplossings strategieen die de systeem architectuur vormen.
Die bestaan uit onder andere</para>
</formalpara>
<itemizedlist>
<listitem>
<simpara>beslissingen met betrekking tot technologie</simpara>
</listitem>
<listitem>
<simpara>beslissingen over de top-level decompositie van het systeem, bijvoorbeeld het gebruik van een architectuur pattern of een design pattern</simpara>
</listitem>
<listitem>
<simpara>beslissingen over hoe de meest belangrijke kwaliteits doelen behaald zullen worden</simpara>
</listitem>
<listitem>
<simpara>relevante organisatorische beslissingen, bijvoorbeeld de keuze van een onwikkel proces of het delegeren van bepaalde taken aan derden.</simpara>
</listitem>
</itemizedlist>
<formalpara>
<title>Motivatie</title>
<para>Deze beslissingen vormen het fundament van de architectuur.
Ze vormen de basis waarop vele andere gedetailleerde beslissingen of implemenatie regels worden gebaseerd.</para>
</formalpara>
<formalpara>
<title>Vorm</title>
<para>Hou de uitleg van deze fundamentele beslissingen kort.</para>
</formalpara>
<simpara>Leg de motivatie en reden waarom van de beslissingen zo zijn genomen vast, gebaseerd op een probleem beschrijving, kwaliteitsdoelen en de belangrijkste kaders.
Verwijs naar details in de volgende secties.</simpara>
<formalpara>
<title>Verdere Informatie</title>
<para>Zie <link xl:href="https://docs.arc42.org/section-4/">Solution Strategy</link> in de arc42 documentatie.</para>
</formalpara>
</sidebar>
<simpara><?asciidoc-pagebreak?></simpara>
</chapter>
<chapter xml:id="section-building-block-view">
<title>Bouwstenen View</title>
<sidebar role="arc42help">
<formalpara>
<title>Inhoud</title>
<para>De bouwstenen view toont de statische decompositie van het systeem in bouwstenen (modules, componenten, subsystemen, classes, interfaces, packages, libraries, frameworks, lagen, partitions, lagen, functies, macros, operaties, data structuren, &#8230;&#8203;) en hun onderlinge afhankelijkheden (relaties, associaties, &#8230;&#8203;).</para>
</formalpara>
<simpara>Deze view is verplicht voor iedere architectuur documentatie.
In termen van een huis is dit het <emphasis>grond plan</emphasis>.</simpara>
<formalpara>
<title>Motivatie</title>
<para>Hou een overzicht van de source code bij door de structuur begrijpelijk te maken door middel van abstracties.</para>
</formalpara>
<simpara>Dit zorgt ervoor dat het mogelijk is om op een abstract niveau te communiceren met de belanghebbenden zonder daarbij op implementatie details in te hoeven gaan.</simpara>
<formalpara>
<title>Vorm</title>
<para>De bouwstenen view is een hiërarchische verzameling van 'black boxes' en 'white boxes' (zie het onderstaande plaatje) met de bijbehorende beschrijvingen.</para>
</formalpara>
<informalfigure>
<mediaobject>
<imageobject>
<imagedata fileref="images/05_building_blocks-EN.png"/>
</imageobject>
<textobject><phrase>Hiërarchie van bouwstenen</phrase></textobject>
</mediaobject>
</informalfigure>
<simpara><emphasis role="strong">Niveau 1</emphasis> is een 'white box' beschijving van het gehele systeem gecombineerd met 'black box' beschrijvingen van alle ingesloten bouwstenen.</simpara>
<simpara><emphasis role="strong">Niveau 2</emphasis> zoomt in op sommige bouwstenen uit niveau 1.
Zodoende bevat het de 'white box' beschrijving van specifieke bouwstenen uit niveau 1, gecombineerd met 'black box' beschrijvingen van hun interne bouwstenen.</simpara>
<simpara><emphasis role="strong">Niveau 3</emphasis> zoomt in op geslecteerde bouwstenen uit niveau 2, en zo verder.</simpara>
<formalpara>
<title>Verdere Informatie</title>
<para>Zie <link xl:href="https://docs.arc42.org/section-5/">Building Block View</link> in de arc42 documentatie.</para>
</formalpara>
</sidebar>
<section xml:id="_gehele_whitebox_systeem">
<title>Gehele whitebox Systeem</title>
<sidebar role="arc42help">
<simpara>Hier wordt de decompositie van het gehele systeem beschreven aan de hand van het volgende 'white box' template.
Die bestaat uit</simpara>
<itemizedlist>
<listitem>
<simpara>een overzichts diagram</simpara>
</listitem>
<listitem>
<simpara>een motivatie voor de decompositie</simpara>
</listitem>
<listitem>
<simpara>'black box' beschrijvingen van ingesloten bouwstenen.
Hiervoor zijn er verschillende alternatieven:</simpara>
<itemizedlist>
<listitem>
<simpara>gebruik <emphasis>één</emphasis> tabel for een korte en pragmatisch overzicht van alle ingesloten bouwstenen en hun interfaces.</simpara>
</listitem>
<listitem>
<simpara>gebruik een lijst met 'black box' beschrijvingen van de bouwstenen aan de hand van het 'black box' template (zie hieronder).
Afhankelijk van de gebruikte tool kan deze lijst in de vorm van een sub-hoofdstuk (in tekst bestanden), sub-pagina&#8217;s (in een Wiki) of geneste elementen (in een modelleer tool) zijn.</simpara>
</listitem>
</itemizedlist>
</listitem>
<listitem>
<simpara>(optioneel:) belangrijke interfaces die niet in de 'black box' templates van de bouwstenen worden uitgelegd maar desondanks van belang zijn om de 'white box' goed te kunnen begrijpen.
Omdat er zo veel verschillende manieren zijn om interfaces te specificeren wordt er geen specifiek template aangeboden.
In het ergste geval moeten syntax, semantiek, protocollen, error afhandeling, beperkingen, versies, kwaliteits attributen, benodigde compatibiliteit en vele andere zaken gespecificeerd en beschreven worden.
In het beste geval zijn voorbeelden of simpele beschrijvingen voldoende.</simpara>
</listitem>
</itemizedlist>
</sidebar>
<simpara><emphasis><emphasis role="strong">&lt;Overzichts Diagram&gt;</emphasis></emphasis></simpara>
<variablelist>
<varlistentry>
<term>Motivatie</term>
<listitem>
<simpara><emphasis>&lt;tekstuele uitleg&gt;</emphasis></simpara>
</listitem>
</varlistentry>
<varlistentry>
<term>Ingesloten bouwstenen</term>
<listitem>
<simpara><emphasis>&lt;Beschrijving van ingesloten bouwstenen ('black boxes')&gt;</emphasis></simpara>
</listitem>
</varlistentry>
<varlistentry>
<term>Belangrijke Interfaces</term>
<listitem>
<simpara><emphasis>&lt;Beschrijving van belangrijke interfaces&gt;</emphasis></simpara>
</listitem>
</varlistentry>
</variablelist>
<sidebar role="arc42help">
<simpara>Voeg hier de uitleg van de 'black boxes' van niveau 1 toe:</simpara>
<simpara>In tabel vorm moeten hier enkel de 'black boxes' met hun naam een verantwoordelijkheden worden beschreven:</simpara>
<informaltable frame="all" rowsep="1" colsep="1">
<tgroup cols="2">
<colspec colname="col_1" colwidth="33.3333*"/>
<colspec colname="col_2" colwidth="66.6667*"/>
<thead>
<row>
<entry align="left" valign="top"><emphasis role="strong">Naam</emphasis></entry>
<entry align="left" valign="top"><emphasis role="strong">Verantwoordelijkeid</emphasis></entry>
</row>
</thead>
<tbody>
<row>
<entry align="left" valign="top"><simpara><emphasis>&lt;black box 1&gt;</emphasis></simpara></entry>
<entry align="left" valign="top"><simpara><emphasis>&lt;Tekst&gt;</emphasis></simpara></entry>
</row>
<row>
<entry align="left" valign="top"><simpara><emphasis>&lt;black box 2&gt;</emphasis></simpara></entry>
<entry align="left" valign="top"><simpara><emphasis>&lt;Tekst&gt;</emphasis></simpara></entry>
</row>
</tbody>
</tgroup>
</informaltable>
<simpara>In het geval er een lijst met 'black box' beschrijvingen wordt gebruikt, vul dan een aparte 'black box' template in voor iedere belangrijke bouwsteen.
De kop bij die sectie is dan de naam van de specifieke 'black box'.</simpara>
</sidebar>
<section xml:id="_naam_black_box_1">
<title>&lt;Naam black box 1&gt;</title>
<sidebar role="arc42help">
<simpara>Beschrijf hier &lt;'black box' 1&gt;
Aan de hand van de onderstaande 'black box' template:</simpara>
<itemizedlist>
<listitem>
<simpara>Doel/Verantwoordelijkheid</simpara>
</listitem>
<listitem>
<simpara>Interface(s), als ze niet als aparte paragraven worden geadresseerd.
Deze interface beschrijvingen kunnen kwaliteit en prestatie karakteristieken bevatten.</simpara>
</listitem>
<listitem>
<simpara>(Optioneel) Kwaliteits-/Prestatie karakteristieken van de 'black box', bijvoorbeeld beschikbaarheid, run time gedrag, &#8230;&#8203;.</simpara>
</listitem>
<listitem>
<simpara>(Optioneel) directories/bestand locaties</simpara>
</listitem>
<listitem>
<simpara>(Optioneel) Vervulde requirements (als er traceerbaarheid van de requirements is vereist)</simpara>
</listitem>
<listitem>
<simpara>(Optioneel) Open issues/problemen/risico&#8217;s</simpara>
</listitem>
</itemizedlist>
</sidebar>
<simpara><emphasis>&lt;Doel/Verantwoordelijkheid&gt;</emphasis></simpara>
<simpara><emphasis>&lt;Interface(s)&gt;</emphasis></simpara>
<simpara><emphasis>&lt;((Optioneel) Kwaliteits-/Prestatie karakteristieken&gt;</emphasis></simpara>
<simpara><emphasis>&lt;(Optioneel) directories/bestand locaties&gt;</emphasis></simpara>
<simpara><emphasis>&lt;(Optioneel) Vervulde requirements&gt;</emphasis></simpara>
<simpara><emphasis>&lt;(Optioneel) Open issues/problemen/risico&#8217;s&gt;</emphasis></simpara>
</section>
</section>
<section xml:id="_naam_black_box_2">
<title>&lt;Naam black box 2&gt;</title>
<simpara><emphasis>&lt;black box template&gt;</emphasis></simpara>
<section xml:id="_naam_black_box_n">
<title>&lt;Naam black box n&gt;</title>
<simpara><emphasis>&lt;black box template&gt;</emphasis></simpara>
</section>
<section xml:id="_naam_interface_1">
<title>&lt;Naam interface 1&gt;</title>
<simpara>&#8230;&#8203;</simpara>
</section>
<section xml:id="_naam_interface_m">
<title>&lt;Naam interface m&gt;</title>

</section>
</section>
<section xml:id="_niveau_2">
<title>Niveau 2</title>
<sidebar role="arc42help">
<simpara>Hier kunnen de innerlijke structuren van (sommige) bouwstenen uit niveau 1 als 'white boxes' worden gespecificeerd.</simpara>
<simpara>Er moet een keuze gemaakt worden voor welke bouwstenen het gerechtvaardigd is om zo&#8217;n gedetailleerde beschrijving te maken.
Geeft de voorkeur aan relevantie boven compleetheid.
Beschrijf belangrijke, verassende, risicovolle, complexe of vluchtige bouwstenen.
Laat normale, simpele, saaie of gestandardiseerde delen van het systeem buiten beschouwing.</simpara>
</sidebar>
<section xml:id="_white_box_bouwsteen_1">
<title>White Box <emphasis>&lt;bouwsteen 1&gt;</emphasis></title>
<sidebar role="arc42help">
<simpara>&#8230;&#8203;beschrijft de interne structuur van <emphasis>bouwsteen 1</emphasis>.</simpara>
</sidebar>
<simpara><emphasis>&lt;white box template&gt;</emphasis></simpara>
</section>
<section xml:id="_white_box_bouwsteen_2">
<title>White Box <emphasis>&lt;bouwsteen 2&gt;</emphasis></title>
<simpara><emphasis>&lt;white box template&gt;</emphasis></simpara>
<simpara>&#8230;&#8203;</simpara>
</section>
<section xml:id="_white_box_bouwsteen_m">
<title>White Box <emphasis>&lt;bouwsteen m&gt;</emphasis></title>
<simpara><emphasis>&lt;white box template&gt;</emphasis></simpara>
</section>
</section>
<section xml:id="_niveau_3">
<title>Niveau 3</title>
<sidebar role="arc42help">
<simpara>Hier kan de interne structuur van (sommige) niveau 2 bouwstenen als 'white boxes' worden beschreven.</simpara>
<simpara>Als er meer gedetailleerde niveaus van de architectuur nodig zijn, kopieer dan dit deel van arc42 voor aanvullende niveaus.</simpara>
</sidebar>
<section xml:id="_white_box_bouwsteen_x_1">
<title>White Box <emphasis>&lt;bouwsteen x.1&gt;</emphasis></title>
<sidebar role="arc42help">
<simpara>Specificeer de interne structuur van <emphasis>bouwsteen x.1</emphasis>.</simpara>
</sidebar>
<simpara><emphasis>&lt;white box template&gt;</emphasis></simpara>
</section>
<section xml:id="_white_box_bouwsteen_x_2">
<title>White Box <emphasis>&lt;bouwsteen x.2&gt;</emphasis></title>
<simpara><emphasis>&lt;white box template&gt;</emphasis></simpara>
</section>
<section xml:id="_white_box_bouwsteen_y_1">
<title>White Box <emphasis>&lt;bouwsteen y.1&gt;</emphasis></title>
<simpara><emphasis>&lt;white box template&gt;</emphasis></simpara>
<simpara><?asciidoc-pagebreak?></simpara>
</section>
</section>
</chapter>
<chapter xml:id="section-runtime-view">
<title>Runtime View</title>
<sidebar role="arc42help">
<formalpara>
<title>Inhoud</title>
<para>De runtime view beschrijft concreet gedrag en de interacties tussen de bouwstenen van het systeem vanuit de volgende gebieden:</para>
</formalpara>
<itemizedlist>
<listitem>
<simpara>belangrijke use cases of eigenschappen: op welke manier voeren de bouwstenen deze uit?</simpara>
</listitem>
<listitem>
<simpara>interactie bij kritieke externe interfaces: hoe werken bouwstenen samen met gebruikers en aanpalende systemen?</simpara>
</listitem>
<listitem>
<simpara>operations en administrie: uitvoeren, starten, stoppen</simpara>
</listitem>
<listitem>
<simpara>error en uitzonderlijke (exception) scenarios</simpara>
</listitem>
</itemizedlist>
<note>
<simpara>Het primaire criterium bij de keuze van mogelijke scenarios (sequences, workflows) is de relevantie met betrekking tot de architectuur.
Het is uitdrukkelijk <emphasis role="strong">niet</emphasis> van belang om een groot aantal scenarios te beschrijven.
Beschrijf liever een representatieve doorsnede.</simpara>
</note>
<formalpara>
<title>Motivatie</title>
<para>Beschrijft hoe (instanties van) bouwstenen van het systeem hun taken uitvoeren en hoe ze 'at runtime' communiceren.</para>
</formalpara>
<simpara>De scenarios zullen hoofdzakelijk beschreven worden om de architectuur aan belanghebbenden te communiceren die minder behoefte of kunde hebben om statische modellen (bouwstenen view, deploy view) te lezen en te doorgronden.</simpara>
<formalpara>
<title>Vorm</title>
<para>Er zijn meerdere manieren om de schenarios vast te leggen, bijvoorbeeld</para>
</formalpara>
<itemizedlist>
<listitem>
<simpara>(uitgeschreven) opsomming van de stappen</simpara>
</listitem>
<listitem>
<simpara>activiteiten of flow diagrammen</simpara>
</listitem>
<listitem>
<simpara>sequence diagrammen</simpara>
</listitem>
<listitem>
<simpara>BPMN of EPCs (event process chains)</simpara>
</listitem>
<listitem>
<simpara>state machines</simpara>
</listitem>
<listitem>
<simpara>&#8230;&#8203;</simpara>
</listitem>
</itemizedlist>
<formalpara>
<title>Verdere Informatie</title>
<para>Zie <link xl:href="https://docs.arc42.org/section-6/">Runtime View</link> in de arc42 documentatie.</para>
</formalpara>
</sidebar>
<section xml:id="_runtime_scenario_1">
<title>&lt;Runtime Scenario 1&gt;</title>
<itemizedlist>
<listitem>
<simpara><emphasis>&lt;voeg een runtime diagram of een tekstuele beschrijving van het scenario toe&gt;</emphasis></simpara>
</listitem>
<listitem>
<simpara><emphasis>&lt;voeg een beschrijving toe van bijzondere aspecten van de interactie tussen de instanties van de bouwstenen die in dit diagram worden weergegeven&gt;</emphasis></simpara>
</listitem>
</itemizedlist>
</section>
<section xml:id="_runtime_scenario_2">
<title>&lt;Runtime Scenario 2&gt;</title>

</section>
<section xml:id="">
<title>&#8230;&#8203;</title>

</section>
<section xml:id="_runtime_scenario_n">
<title>&lt;Runtime Scenario n&gt;</title>
<simpara><?asciidoc-pagebreak?></simpara>
</section>
</chapter>
<chapter xml:id="section-deployment-view">
<title>Deployment View</title>
<sidebar role="arc42help">
<formalpara>
<title>Inhoud</title>
<para>De deployment view beschrijft:</para>
</formalpara>
<orderedlist numeration="arabic">
<listitem>
<simpara>de benodigede technische infrastructuur om het systeem uit te kunnen voeren, met infrastructurele elementen zoals geografische locatie, omgeving, computers, processors, kanalen en netwerk topologie als ook andere infrastructurele elementen;</simpara>
</listitem>
<listitem>
<simpara>mapping van (software) bouwstenen naar infrastructuur elementen.</simpara>
</listitem>
</orderedlist>
<simpara>Vaak worden systeem in verschillende omgevingen gedraaid, e.g. ontwikkel omgeving, test omgeving, productie omgeving.
In zulke gevallen moeten alle relevevante omgevingen worden gedocumenteerd.</simpara>
<simpara>In het bijzonder als de software wordt uitgevoerd op een gedistribueerd systeem, met meer dan een computer, processor, server of container <emphasis>of</emphasis> als er gebruik wordt gemaakt van zelf ontworpen hardware en/of chips, is het van belang om de deployment view vast te leggen.</simpara>
<simpara>Vanuit een software perspectief is het voldoende om alleen die elementen van de infrastrucuur vast te leggen die nodig zijn om de deployment view van de bouwstenen te tonen.
Hardware architecten kunnen verder gaan en de infrastruur beschrijven tot het detail niveau dat voor hun passend is.</simpara>
<formalpara>
<title>Motivatie</title>
<para>Software draait niet zonder hardware.
Deze onderliggende infrastructuur heeft invloed om het systeem en/of sommige cross-cutting concepten.
Daarom is het van belang kennis te hebben van de infrastructuur.</para>
</formalpara>
<formalpara>
<title>Vorm</title>
<para>Mogelijk is er op het hoogste niveau al een deployment diagram opgenomen in paragraaf 3.2. als technische context met de eigen infrastructuur als 1 "black box".</para>
</formalpara>
<simpara>In deze paragraaf kan worden ingezoomd op deze "black box" met aanvullende deployment diagrammen:</simpara>
<itemizedlist>
<listitem>
<simpara>UML bied deployment diagrammen om die view weer te geven.
Gebruik deze, eventueel met geneste diagrammen, als de infrastructuur ingewikkelder is.</simpara>
</listitem>
<listitem>
<simpara>Als de (hardware) belanghebbenden er de voorkeur aan geven kunnen ander type diagrammen gebruikt worden.
Gebruik passende diagrammen om de nodes en kanalen van de infrastructuur weer te geven.</simpara>
</listitem>
</itemizedlist>
<formalpara>
<title>Verdere Informatie</title>
<para>Zie <link xl:href="https://docs.arc42.org/section-7/">Deployment View</link> in de arc42 documentatie.</para>
</formalpara>
</sidebar>
<section xml:id="_infrastructuur_niveau_1">
<title>Infrastructuur Niveau 1</title>
<sidebar role="arc42help">
<simpara>Beschrijf (normaliter in een combinatie van diagrammen, tabellen en text):</simpara>
<itemizedlist>
<listitem>
<simpara>distributie van het systeem over meerdere locaties, omgevingen, computers, processors, .., als ook de fysieke verbindingen ertussen</simpara>
</listitem>
<listitem>
<simpara>verantwoording of motivatie voor deze deployment strucuur</simpara>
</listitem>
<listitem>
<simpara>kwaliteit en/of performance attributen van deze infrastructuur</simpara>
</listitem>
<listitem>
<simpara>mapping van software artifacten naar elementen van deze infrastructuur</simpara>
</listitem>
</itemizedlist>
<simpara>Als er sprake is van meerdere omgevingen of alternatieve deployments kopieer en pas deze paragraaf van arc42 aan voor alle relevente omgevingen.</simpara>
</sidebar>
<simpara><emphasis><emphasis role="strong">&lt;Overzichts Diagram&gt;</emphasis></emphasis></simpara>
<variablelist>
<varlistentry>
<term>Motivatie</term>
<listitem>
<simpara><emphasis>&lt;uitleg in tekstuele vorm&gt;</emphasis></simpara>
</listitem>
</varlistentry>
<varlistentry>
<term>Kwaliteit en/of Performance Eigenschappen</term>
<listitem>
<simpara><emphasis>&lt;uitleg in tekstuele vorm&gt;</emphasis></simpara>
</listitem>
</varlistentry>
<varlistentry>
<term>Mapping van Bouwstenen naar Infrastructuur</term>
<listitem>
<simpara><emphasis>&lt;beschrijving van de mapping&gt;</emphasis></simpara>
</listitem>
</varlistentry>
</variablelist>
</section>
<section xml:id="_infrastructuur_niveau_2">
<title>Infrastructuur Niveau 2</title>
<sidebar role="arc42help">
<simpara>Hier kunnen de interne structuren van (sommige) infrastructuur elementen uit niveau 1 worden toegevoegd.</simpara>
<simpara>Kopieer de structuur van niveau 1 voor ieder geselecteerd element.</simpara>
</sidebar>
<section xml:id="_infrastructuur_element_1">
<title><emphasis>&lt;Infrastructuur Element 1&gt;</emphasis></title>
<simpara><emphasis>&lt;diagram + uitleg&gt;</emphasis></simpara>
</section>
<section xml:id="_infrastructuur_element_2">
<title><emphasis>&lt;Infrastructuur Element 2&gt;</emphasis></title>
<simpara><emphasis>&lt;diagram + uitleg&gt;</emphasis></simpara>
<simpara>&#8230;&#8203;</simpara>
</section>
<section xml:id="_infrastructuur_element_n">
<title><emphasis>&lt;Infrastructuur Element n&gt;</emphasis></title>
<simpara><emphasis>&lt;diagram + uitleg&gt;</emphasis></simpara>
<simpara><?asciidoc-pagebreak?></simpara>
</section>
</section>
</chapter>
<chapter xml:id="section-concepts">
<title>Cross-cutting Concepten</title>
<sidebar role="arc42help">
<formalpara>
<title>Inhoud</title>
<para>Dit deel beschrijft uitgangspunten en concepten die relevant zijn voor meerdere delen (=cross-cutting) van het systeem.
Dergelijke concepten zijn vaak van toepassing op meerdere bouwstenen.
Ze kunnen meerdere onderwerpen beslaan, zoals</para>
</formalpara>
<itemizedlist>
<listitem>
<simpara>modellen, in het bijzonder domein modellen</simpara>
</listitem>
<listitem>
<simpara>architectuur of design patterns</simpara>
</listitem>
<listitem>
<simpara>regels om specifiek technologie te gebruiken</simpara>
</listitem>
<listitem>
<simpara>uitgangspunten, vaak technische afspraken van overkoepelende aard (= cross-cutting) aard</simpara>
</listitem>
<listitem>
<simpara>implementatie regels</simpara>
</listitem>
</itemizedlist>
<formalpara>
<title>Motivatie</title>
<para>Concepten vormen de basis van <emphasis>conceptuele integriteit</emphasis> (consistentie en homogeniteit) van de architectuur.
Zodoende vormen ze een belangrijk hulpmiddel om de innerlijke kenmerken van de architectuur vast te leggen.</para>
</formalpara>
<simpara>Sommige van deze concepten kunnen niet toegekend worden aan individuele bouwstenen, e.g. security of veiligheid.</simpara>
<formalpara>
<title>Vorm</title>
<para>De vorm kan varieeren:</para>
</formalpara>
<itemizedlist>
<listitem>
<simpara>concept papers die een structuur beschrijven</simpara>
</listitem>
<listitem>
<simpara>cross-cutting model uittreksels of scenarios waarbij gebruik wordt gemaakt van architectuur views</simpara>
</listitem>
<listitem>
<simpara>voorbeeld implementaties, specifiek voor technische concepten</simpara>
</listitem>
<listitem>
<simpara>referenties naar typerend gebruik van standaard frameworks (e.g. Hibernate gebruiken voor object/relational mapping)</simpara>
</listitem>
</itemizedlist>
<formalpara>
<title>Structuur</title>
<para>Een mogelijke (maar niet verplicht) structuur van deze paragraaf zou kunnen bestaan uit:</para>
</formalpara>
<itemizedlist>
<listitem>
<simpara>Domein concepten</simpara>
</listitem>
<listitem>
<simpara>User Experience concepten (UX)</simpara>
</listitem>
<listitem>
<simpara>Veiligheid en security concepten</simpara>
</listitem>
<listitem>
<simpara>Architectuur en design patterns</simpara>
</listitem>
<listitem>
<simpara>"Under-de-motorkap"</simpara>
</listitem>
<listitem>
<simpara>ontwikkel concepten</simpara>
</listitem>
<listitem>
<simpara>operationele concepten</simpara>
</listitem>
</itemizedlist>
<note>
<simpara>het kan moeilijk zijn om individuele concepten toe te kennen aan een specifiek onderwerp van deze lijst</simpara>
</note>
<informalfigure>
<mediaobject>
<imageobject>
<imagedata fileref="images/08-concepts-EN.drawio.png"/>
</imageobject>
<textobject><phrase>Mogelijke onderwerpen voor cross-cutting concepten</phrase></textobject>
</mediaobject>
</informalfigure>
<formalpara>
<title>Verdere informatie</title>
<para>Zie <link xl:href="https://docs.arc42.org/section-8/">Concepts</link> in de arc42 documentatie.</para>
</formalpara>
</sidebar>
<section xml:id="_concept_1">
<title><emphasis>&lt;Concept 1&gt;</emphasis></title>
<simpara><emphasis>&lt;uitleg&gt;</emphasis></simpara>
</section>
<section xml:id="_concept_2">
<title><emphasis>&lt;Concept 2&gt;</emphasis></title>
<simpara><emphasis>&lt;uitleg&gt;</emphasis></simpara>
<simpara>&#8230;&#8203;</simpara>
</section>
<section xml:id="_concept_n">
<title><emphasis>&lt;Concept n&gt;</emphasis></title>
<simpara><emphasis>&lt;uitleg&gt;</emphasis></simpara>
<simpara><?asciidoc-pagebreak?></simpara>
</section>
</chapter>
<chapter xml:id="section-design-decisions">
<title>Architectuur Beslissingen</title>
<sidebar role="arc42help">
<formalpara>
<title>Inhoud</title>
<para>Belangrijke, kostbare, ver reikende of risicovolle beslissingen die betrekking hebben op de architectuur met bijbehorende motivering.
Met "beslissingen" wordt bedoeld dat, op basis van gegeven criteria, een alternatief wordt gekozen.</para>
</formalpara>
<simpara>Beoordeel zelf of de architectuur keuze op deze centrale plek moet worden vastgelegd of in de gespecialiseerde context (bijvoorbeeld binnen een "white box" template van een bouwsteen).</simpara>
<simpara>Vermijd doublures.
Verwijs naar hoodstuk 4 als daar al belangrijke architectuur beslissingen zijn vastgelegd.</simpara>
<formalpara>
<title>Motivatie</title>
<para>Belanghebbende van het systeem moeten in staat zijn om de gemaakte keuzes te begrijpen en te herleiden.</para>
</formalpara>
<formalpara>
<title>Vorm</title>
<para>Er zijn verschillende opties:</para>
</formalpara>
<itemizedlist>
<listitem>
<simpara>ADR (<link xl:href="https://cognitect.com/blog/2011/11/15/documenting-architecture-decisions">Documenting Architecture Decisions</link>) voor iedere belangrijke beslissing;</simpara>
</listitem>
<listitem>
<simpara>Lijst of tabel, gesorteerd op belang en consequenties of;</simpara>
</listitem>
<listitem>
<simpara>meer gedetaileerd in de vorm van een paragraaf per gemaakte beslissing</simpara>
</listitem>
</itemizedlist>
<formalpara>
<title>Verdere Informatie</title>
<para>Zie <link xl:href="https://docs.arc42.org/section-9/">Architecture Decisions</link> in de arc42 documentatie.
Daar zijn ook links en voorbeelden van een ADR te vinden.</para>
</formalpara>
</sidebar>
<simpara><?asciidoc-pagebreak?></simpara>
</chapter>
<chapter xml:id="section-quality-scenarios">
<title>Kwaliteits Requirements</title>
<sidebar role="arc42help">
<formalpara>
<title>Inhoud</title>
<para>Dit hoofdstuk bevat alle kwaliteits requirements als een kwaliteits boom met scenarios.
De belangrijkste zijn al beschreven in paragraaf 1.2 (kwaliteits doelen.)</para>
</formalpara>
<simpara>Op deze plaats kunnen ook lagere prioriteit kwaliteits requirements worden vastgelegd die, als ze niet (volledig) worden gerealiseerd, geen hoog risico vormen.</simpara>
<formalpara>
<title>Motivatie</title>
<para>Omdat kwaliteits requirements grote invloed invloed hebben op architectuur beslissingen is het van belang om voor iedere belanghebbende, in concrete en meetbare termen, te begrijpen wat echt van belang is.</para>
</formalpara>
<formalpara>
<title>Verdere Informatie</title>
<para>Zie <link xl:href="https://docs.arc42.org/section-10/">Quality Requirements</link> in de arc42 documentatie.</para>
</formalpara>
</sidebar>
<section xml:id="_kwaliteits_boom">
<title>Kwaliteits Boom</title>
<sidebar role="arc42help">
<formalpara>
<title>Inhoud</title>
<para>De kwaliteits boom (zoals gedefinieerd in ATAM - Architecture Analysis Method) met kwaliteit/evaluatie scenarios als bladeren.</para>
</formalpara>
<formalpara>
<title>Motivatie</title>
<para>De geprioriteerde boomstructuur bied overzicht over, een mogelijk groot aantal, kwaliteits requirements.</para>
</formalpara>
<formalpara>
<title>Vorm</title>
<para>De kwaliteitsboom is een hoog niveau overzicht van de kwaliteits doelen en requirements:</para>
</formalpara>
<itemizedlist>
<listitem>
<simpara>verdieping van de term "kwaliteit" in de vorm van een boom structuur
Gebruik daarbij "kwaliteit" als de root van de boom.</simpara>
</listitem>
<listitem>
<simpara>een mind map met kwaliteit categorieen als eerste takken</simpara>
</listitem>
</itemizedlist>
<simpara>De boom moet in elk geval verwijzingen/links bevatten naar de scenarios in de volgende paragraaf.</simpara>
</sidebar>
</section>
<section xml:id="_kwaliteits_scenarios">
<title>Kwaliteits Scenarios</title>
<sidebar role="arc42help">
<formalpara>
<title>Inhoud</title>
<para>Het concreet maken van (soms vage of impliciete) kwaliteits requirements gebruik makend van (kwaliteits) scenarios.</para>
</formalpara>
<simpara>Deze scenarios beschrijven wat er moet gebeuren als het systeem wordt geconfronteerd met een stimulus.</simpara>
<simpara>Voor architecten zijn er twee soorten scenarios van belang:</simpara>
<itemizedlist>
<listitem>
<simpara>Gebruik scenarios (ook wel applicatie scenarios of use case scenarios genoemd) beschrijven het runtime gedrag van het systeem naar aanleiding van een bepaalde stimulus.
Dit is inclusief scenarios die de efficientie of performance van het systeem beschrijven.
Bijvoorbeeld: Het systeem reageert binnen een seconde op een request.</simpara>
</listitem>
<listitem>
<simpara>Verander scenarios beschrijven modificaties aan het systeem, of aan haar onmiddelijke omgeving
Bijvoorbeeld: Er moet aanvullende functionaliteit geimplementeerd worden of de eis voor een kwaliteitskenmerk verandert.</simpara>
</listitem>
</itemizedlist>
<formalpara>
<title>Motivatie</title>
<para>Scenarios maken kwaliteits requirements concreet en maken het daarmee eenvoudiger om te meten of te bepalen of ze vervuld worden.</para>
</formalpara>
<simpara>Vooral als er methodes als ATAM worden gebruikt is het van belang om de kwaliteits doelen (uit paragraaf 1.2) tot op het niveau van scenarios die besproken en bediscussieerd kunnen worden, te beschrijven.</simpara>
<formalpara>
<title>Vorm</title>
<para>Lijst of vrije tekst vorm.</para>
</formalpara>
</sidebar>
<simpara><?asciidoc-pagebreak?></simpara>
</section>
</chapter>
<chapter xml:id="section-technical-risks">
<title>Risico&#8217;s en Technical Debt</title>
<sidebar role="arc42help">
<formalpara>
<title>Inhoud</title>
<para>Een op prioriteit gesorteerde lijst, met bekende technische risico&#8217;s en technical dept.</para>
</formalpara>
<formalpara>
<title>Motivatie</title>
<para>“Risk management is project management for grown-ups” (Tim Lister, Atlantic Systems Guild.)</para>
</formalpara>
<simpara>Dit zou het motto moeten zijn bij het systematisch bepalen en evalueren van risico&#8217;s en technical dept in de architectuur.
Management stakeholder (bijvoorbeeld project managers of project owners) hebben dit inzicht nodig om keuzes te kunnen maken met betrekking tot risico en planning.</simpara>
<formalpara>
<title>Vorm</title>
<para>Lijst van risico&#8217;s en/of technical dept eventueel aangevuld met maatregelen om deze te minimaliseren, verzachten of te vermijden.</para>
</formalpara>
<formalpara>
<title>Verdere Informatie</title>
<para>Zie <link xl:href="https://docs.arc42.org/section-11/">Risks and Technical Debt</link> in de arc42 documentatie.</para>
</formalpara>
</sidebar>
<simpara><?asciidoc-pagebreak?></simpara>
</chapter>
<chapter xml:id="section-glossary">
<title>Woordenlijst</title>
<sidebar role="arc42help">
<formalpara>
<title>Inhoud</title>
<para>De belangrijkste domein en technische termen die belanghebbenden gebruiken tijdens het bespreken van het systeem.</para>
</formalpara>
<simpara>De woordenlijst kan ook als bron voor vertaalde termen worden gebruikt bij meertalige teams.</simpara>
<formalpara>
<title>Motivatie</title>
<para>Termen moeten helder worden gedefinieerd zodat alle belanghebbenden</para>
</formalpara>
<itemizedlist>
<listitem>
<simpara>een gemeenschappelijk en eenduidig begrip hebben van deze termen</simpara>
</listitem>
<listitem>
<simpara>geen gebruik maken van synoniemen of homoniemen</simpara>
</listitem>
</itemizedlist>
<itemizedlist>
<title>Vorm</title>
<listitem>
<simpara>Een tabel met kolommen &lt;Term&gt; en &lt;Definitie&gt;.</simpara>
</listitem>
<listitem>
<simpara>Eventueel meerdere kolommen als er vertalingen nodig zijn.</simpara>
</listitem>
</itemizedlist>
<formalpara>
<title>Verdere Informatie</title>
<para>See <link xl:href="https://docs.arc42.org/section-12/">Glossary</link> in the arc42 documentation.</para>
</formalpara>
</sidebar>
<informaltable frame="all" rowsep="1" colsep="1">
<tgroup cols="2">
<colspec colname="col_1" colwidth="33.3333*"/>
<colspec colname="col_2" colwidth="66.6667*"/>
<thead>
<row>
<entry align="left" valign="top">Term</entry>
<entry align="left" valign="top">Definitie</entry>
</row>
</thead>
<tbody>
<row>
<entry align="left" valign="top"><simpara><emphasis>&lt;Term-1&gt;</emphasis></simpara></entry>
<entry align="left" valign="top"><simpara><emphasis>&lt;definitie-1&gt;</emphasis></simpara></entry>
</row>
<row>
<entry align="left" valign="top"><simpara><emphasis>&lt;Term-2&gt;</emphasis></simpara></entry>
<entry align="left" valign="top"><simpara><emphasis>&lt;definitie-2&gt;</emphasis></simpara></entry>
</row>
</tbody>
</tgroup>
</informaltable>
</chapter>
</book>