<?xml version="1.0" encoding="UTF-8"?>
<?asciidoc-toc?>
<?asciidoc-numbered?>
<book xmlns="http://docbook.org/ns/docbook" xmlns:xl="http://www.w3.org/1999/xlink" version="5.0" xml:lang="en">
<info>
<title><inlinemediaobject>
<imageobject>
<imagedata fileref="images/arc42-logo.png"/>
</imageobject>
<textobject><phrase>arc42</phrase></textobject>
</inlinemediaobject> Template</title>
<date>2018-10-05</date>
</info>
<preface>
<title></title>
<simpara><emphasis role="strong">Über arc42</emphasis></simpara>
<simpara role="lead">arc42, das Template zur Dokumentation von
Software- und Systemarchitekturen.</simpara>
<simpara>Erstellt von Dr. Gernot Starke, Dr. Peter Hruschka und Mitwirkenden.</simpara>
<simpara>Template Revision: 7.0 DE (asciidoc-based), January 2017</simpara>
<simpara>&#169;
We acknowledge that this document uses material from the
arc 42 architecture template, <link xl:href="http://www.arc42.de">http://www.arc42.de</link>.
Created by Dr. Peter Hruschka &amp; Dr. Gernot Starke.</simpara>
<simpara><?asciidoc-hr?></simpara>
<simpara><?asciidoc-pagebreak?></simpara>
</preface>
<chapter xml:id="section-introduction-and-goals">
<title>Einführung und Ziele</title>
<section xml:id="_aufgabenstellung">
<title>Aufgabenstellung</title>

</section>
<section xml:id="_qualitätsziele">
<title>Qualitätsziele</title>

</section>
<section xml:id="_stakeholder">
<title>Stakeholder</title>
<informaltable frame="all" rowsep="1" colsep="1">
<tgroup cols="3">
<colspec colname="col_1" colwidth="25*"/>
<colspec colname="col_2" colwidth="25*"/>
<colspec colname="col_3" colwidth="50*"/>
<thead>
<row>
<entry align="left" valign="top">Rolle</entry>
<entry align="left" valign="top">Kontakt</entry>
<entry align="left" valign="top">Erwartungshaltung</entry>
</row>
</thead>
<tbody>
<row>
<entry align="left" valign="top"><simpara><emphasis>&lt;Rolle-1&gt;</emphasis></simpara></entry>
<entry align="left" valign="top"><simpara><emphasis>&lt;Kontakt-1&gt;</emphasis></simpara></entry>
<entry align="left" valign="top"><simpara><emphasis>&lt;Erwartung-1&gt;</emphasis></simpara></entry>
</row>
<row>
<entry align="left" valign="top"><simpara><emphasis>&lt;Rolle-2&gt;</emphasis></simpara></entry>
<entry align="left" valign="top"><simpara><emphasis>&lt;Kontakt-2&gt;</emphasis></simpara></entry>
<entry align="left" valign="top"><simpara><emphasis>&lt;Erwartung-2&gt;</emphasis></simpara></entry>
</row>
</tbody>
</tgroup>
</informaltable>
<simpara><?asciidoc-pagebreak?></simpara>
</section>
</chapter>
<chapter xml:id="section-architecture-constraints">
<title>Randbedingungen</title>
<simpara><?asciidoc-pagebreak?></simpara>
</chapter>
<chapter xml:id="section-system-scope-and-context">
<title>Kontextabgrenzung</title>
<section xml:id="_fachlicher_kontext">
<title>Fachlicher Kontext</title>
<simpara><emphasis role="strong">&lt;Diagramm und/oder Tabelle&gt;</emphasis></simpara>
<simpara><emphasis role="strong">&lt;optional: Erläuterung der externen fachlichen Schnittstellen&gt;</emphasis></simpara>
</section>
<section xml:id="_technischer_kontext">
<title>Technischer Kontext</title>
<simpara><emphasis role="strong">&lt;Diagramm oder Tabelle&gt;</emphasis></simpara>
<simpara><emphasis role="strong">&lt;optional: Erläuterung der externen technischen Schnittstellen&gt;</emphasis></simpara>
<simpara><emphasis role="strong">&lt;Mapping fachliche auf technische Schnittstellen&gt;</emphasis></simpara>
<simpara><?asciidoc-pagebreak?></simpara>
</section>
</chapter>
<chapter xml:id="section-solution-strategy">
<title>Lösungsstrategie</title>
<simpara><?asciidoc-pagebreak?></simpara>
</chapter>
<chapter xml:id="section-building-block-view">
<title>Bausteinsicht</title>
<section xml:id="_whitebox_gesamtsystem">
<title>Whitebox Gesamtsystem</title>
<simpara><emphasis><emphasis role="strong">&lt;Übersichtsdiagramm&gt;</emphasis></emphasis></simpara>
<variablelist>
<varlistentry>
<term>Begründung</term>
<listitem>
<simpara><emphasis>&lt;Erläuternder Text&gt;</emphasis></simpara>
</listitem>
</varlistentry>
<varlistentry>
<term>Enthaltene Bausteine</term>
<listitem>
<simpara><emphasis>&lt;Beschreibung der enthaltenen Bausteine (Blackboxen)&gt;</emphasis></simpara>
</listitem>
</varlistentry>
<varlistentry>
<term>Wichtige Schnittstellen</term>
<listitem>
<simpara><emphasis>&lt;Beschreibung wichtiger Schnittstellen&gt;</emphasis></simpara>
</listitem>
</varlistentry>
</variablelist>
<section xml:id="_name_blackbox_1">
<title>&lt;Name Blackbox 1&gt;</title>
<simpara><emphasis>&lt;Zweck/Verantwortung&gt;</emphasis></simpara>
<simpara><emphasis>&lt;Schnittstelle(n)&gt;</emphasis></simpara>
<simpara><emphasis>&lt;(Optional) Qualitäts-/Leistungsmerkmale&gt;</emphasis></simpara>
<simpara><emphasis>&lt;(Optional) Ablageort/Datei(en)&gt;</emphasis></simpara>
<simpara><emphasis>&lt;(Optional) Erfüllte Anforderungen&gt;</emphasis></simpara>
<simpara><emphasis>&lt;(optional) Offene Punkte/Probleme/Risiken&gt;</emphasis></simpara>
</section>
<section xml:id="_name_blackbox_2">
<title>&lt;Name Blackbox 2&gt;</title>
<simpara><emphasis>&lt;Blackbox-Template&gt;</emphasis></simpara>
</section>
<section xml:id="_name_blackbox_n">
<title>&lt;Name Blackbox n&gt;</title>
<simpara><emphasis>&lt;Blackbox-Template&gt;</emphasis></simpara>
</section>
<section xml:id="_name_schnittstelle_1">
<title>&lt;Name Schnittstelle 1&gt;</title>
<simpara>&#8230;&#8203;</simpara>
</section>
<section xml:id="_name_schnittstelle_m">
<title>&lt;Name Schnittstelle m&gt;</title>

</section>
</section>
<section xml:id="_ebene_2">
<title>Ebene 2</title>
<section xml:id="_whitebox_baustein_1">
<title>Whitebox <emphasis>&lt;Baustein 1&gt;</emphasis></title>
<simpara><emphasis>&lt;Whitebox-Template&gt;</emphasis></simpara>
</section>
<section xml:id="_whitebox_baustein_2">
<title>Whitebox <emphasis>&lt;Baustein 2&gt;</emphasis></title>
<simpara><emphasis>&lt;Whitebox-Template&gt;</emphasis></simpara>
<simpara>&#8230;&#8203;</simpara>
</section>
<section xml:id="_whitebox_baustein_m">
<title>Whitebox <emphasis>&lt;Baustein m&gt;</emphasis></title>
<simpara><emphasis>&lt;Whitebox-Template&gt;</emphasis></simpara>
</section>
</section>
<section xml:id="_ebene_3">
<title>Ebene 3</title>
<section xml:id="_whitebox_baustein_x_1">
<title>Whitebox &lt;_Baustein x.1_&gt;</title>
<simpara><emphasis>&lt;Whitebox-Template&gt;</emphasis></simpara>
</section>
<section xml:id="_whitebox_baustein_x_2">
<title>Whitebox &lt;_Baustein x.2_&gt;</title>
<simpara><emphasis>&lt;Whitebox-Template&gt;</emphasis></simpara>
</section>
<section xml:id="_whitebox_baustein_y_1">
<title>Whitebox &lt;_Baustein y.1_&gt;</title>
<simpara><emphasis>&lt;Whitebox-Template&gt;</emphasis></simpara>
<simpara><?asciidoc-pagebreak?></simpara>
</section>
</section>
</chapter>
<chapter xml:id="section-runtime-view">
<title>Laufzeitsicht</title>
<section xml:id="_bezeichnung_laufzeitszenario_1">
<title><emphasis>&lt;Bezeichnung Laufzeitszenario 1&gt;</emphasis></title>
<itemizedlist>
<listitem>
<simpara>&lt;hier Laufzeitdiagramm oder Ablaufbeschreibung einfügen&gt;</simpara>
</listitem>
<listitem>
<simpara>&lt;hier Besonderheiten bei dem Zusammenspiel der Bausteine in diesem Szenario erläutern&gt;</simpara>
</listitem>
</itemizedlist>
</section>
<section xml:id="_bezeichnung_laufzeitszenario_2">
<title><emphasis>&lt;Bezeichnung Laufzeitszenario 2&gt;</emphasis></title>
<simpara>&#8230;&#8203;</simpara>
</section>
<section xml:id="_bezeichnung_laufzeitszenario_n">
<title><emphasis>&lt;Bezeichnung Laufzeitszenario n&gt;</emphasis></title>
<simpara>&#8230;&#8203;</simpara>
<simpara><?asciidoc-pagebreak?></simpara>
</section>
</chapter>
<chapter xml:id="section-deployment-view">
<title>Verteilungssicht</title>
<section xml:id="_infrastruktur_ebene_1">
<title>Infrastruktur Ebene 1</title>
<simpara><emphasis><emphasis role="strong">&lt;Übersichtsdiagramm&gt;</emphasis></emphasis></simpara>
<variablelist>
<varlistentry>
<term>Begründung</term>
<listitem>
<simpara><emphasis>&lt;Erläuternder Text&gt;</emphasis></simpara>
</listitem>
</varlistentry>
<varlistentry>
<term>Qualitäts- und/oder Leistungsmerkmale</term>
<listitem>
<simpara><emphasis>&lt;Erläuternder Text&gt;</emphasis></simpara>
</listitem>
</varlistentry>
<varlistentry>
<term>Zuordnung von Bausteinen zu Infrastruktur</term>
<listitem>
<simpara><emphasis>&lt;Beschreibung der Zuordnung&gt;</emphasis></simpara>
</listitem>
</varlistentry>
</variablelist>
</section>
<section xml:id="_infrastruktur_ebene_2">
<title>Infrastruktur Ebene 2</title>
<section xml:id="_infrastrukturelement_1">
<title><emphasis>&lt;Infrastrukturelement 1&gt;</emphasis></title>
<simpara><emphasis>&lt;Diagramm + Erläuterungen&gt;</emphasis></simpara>
</section>
<section xml:id="_infrastrukturelement_2">
<title><emphasis>&lt;Infrastrukturelement 2&gt;</emphasis></title>
<simpara><emphasis>&lt;Diagramm + Erläuterungen&gt;</emphasis></simpara>
<simpara>&#8230;&#8203;</simpara>
</section>
<section xml:id="_infrastrukturelement_n">
<title><emphasis>&lt;Infrastrukturelement n&gt;</emphasis></title>
<simpara><emphasis>&lt;Diagramm + Erläuterungen&gt;</emphasis></simpara>
<simpara><?asciidoc-pagebreak?></simpara>
</section>
</section>
</chapter>
<chapter xml:id="section-concepts">
<title>Querschnittliche Konzepte</title>
<section xml:id="_konzept_1">
<title><emphasis>&lt;Konzept 1&gt;</emphasis></title>
<simpara><emphasis>&lt;Erklärung&gt;</emphasis></simpara>
</section>
<section xml:id="_konzept_2">
<title><emphasis>&lt;Konzept 2&gt;</emphasis></title>
<simpara><emphasis>&lt;Erklärung&gt;</emphasis></simpara>
<simpara>&#8230;&#8203;</simpara>
</section>
<section xml:id="_konzept_n">
<title><emphasis>&lt;Konzept n&gt;</emphasis></title>
<simpara><emphasis>&lt;Erklärung&gt;</emphasis></simpara>
<simpara><?asciidoc-pagebreak?></simpara>
</section>
</chapter>
<chapter xml:id="section-design-decisions">
<title>Entwurfsentscheidungen</title>
<simpara><?asciidoc-pagebreak?></simpara>
</chapter>
<chapter xml:id="section-quality-scenarios">
<title>Qualitätsanforderungen</title>
<section xml:id="_qualitätsbaum">
<title>Qualitätsbaum</title>

</section>
<section xml:id="_qualitätsszenarien">
<title>Qualitätsszenarien</title>
<simpara><?asciidoc-pagebreak?></simpara>
</section>
</chapter>
<chapter xml:id="section-technical-risks">
<title>Risiken und technische Schulden</title>
<simpara><?asciidoc-pagebreak?></simpara>
</chapter>
<chapter xml:id="section-glossary">
<title>Glossar</title>
<informaltable frame="all" rowsep="1" colsep="1">
<tgroup cols="2">
<colspec colname="col_1" colwidth="33.3333*"/>
<colspec colname="col_2" colwidth="66.6667*"/>
<thead>
<row>
<entry align="left" valign="top">Begriff</entry>
<entry align="left" valign="top">Definition</entry>
</row>
</thead>
<tbody>
<row>
<entry align="left" valign="top"><simpara><emphasis>&lt;Begriff-1&gt;</emphasis></simpara></entry>
<entry align="left" valign="top"><simpara><emphasis>&lt;Definition-1&gt;</emphasis></simpara></entry>
</row>
<row>
<entry align="left" valign="top"><simpara><emphasis>&lt;Begriff-2</emphasis></simpara></entry>
<entry align="left" valign="top"><simpara><emphasis>&lt;Definition-2&gt;</emphasis></simpara></entry>
</row>
</tbody>
</tgroup>
</informaltable>
</chapter>
</book>