<?xml version="1.0" encoding="UTF-8"?>
<!DOCTYPE book PUBLIC "-//OASIS//DTD DocBook XML V4.5//EN" "http://www.oasis-open.org/docbook/xml/4.5/docbookx.dtd">
<?asciidoc-toc?>
<?asciidoc-numbered?>
<book xmlns="http://docbook.org/ns/docbook" lang="en">
<bookinfo>
<title><inlinemediaobject>
  <imageobject>
    <imagedata fileref="images/arc42-logo.png"/>
  </imageobject>
  <textobject><phrase>arc42</phrase></textobject>
</inlinemediaobject> Template</title>
<date>2022-10-17</date>



</bookinfo>
<preface>
<title></title>
<simpara><emphasis role="strong">About arc42</emphasis></simpara>
<simpara role="lead">arc42, the Template for documentation of
software and system architecture.</simpara>
<simpara>By Dr. Gernot Starke, Dr. Peter Hruschka and contributors.</simpara>
<simpara>Template Revision: 7.0 IT (based on asciidoc), April 2021</simpara>
<simpara>&#169;
We acknowledge that this document uses material from the arc 42 architecture template, <ulink url="https://www.arc42.org">https://www.arc42.org</ulink>.
Created by Dr. Peter Hruschka &amp; Dr. Gernot Starke.</simpara>
<simpara><?asciidoc-hr?></simpara>

<sidebar role="arc42help">
<note>
<simpara>This version of the template contains some help and explanations.
It is used for familiarization with arc42 and the understanding of the concepts.
For documentation of your own system you use better the <emphasis>plain</emphasis> version.</simpara>
</note>

</sidebar>

<simpara><?asciidoc-pagebreak?></simpara>

</preface>

<chapter id="section-introduction-and-goals">
<title>Introduzione e obiettivi</title>
<sidebar role="arc42help">
<simpara>Descrive i requisiti rilevanti e le forze trainanti che gli architetti del software e il team di sviluppo devono considerare. Questi includono</simpara>
<itemizedlist>
<listitem>
<simpara>obiettivi di business sottostanti, caratteristiche essenziali e requisiti funzionali per il sistema</simpara>
</listitem>
<listitem>
<simpara>obiettivi di qualità per l&#8217;architettura</simpara>
</listitem>
<listitem>
<simpara>stakeholder rilevanti e le loro aspettative</simpara>
</listitem>
</itemizedlist>

</sidebar>

<section id="_panoramica_dei_requisiti">
<title>Panoramica dei requisiti</title>
<sidebar role="arc42help">
<formalpara>
<title>Contenuti</title>
<para>Breve descrizione dei requisiti funzionali, forze trainanti, estratto (o abstract) dei requisiti.
Collegamento ai documenti dei requisiti (si spera esistenti)
(con il numero di versione e le informazioni su dove trovarlo).</para>
</formalpara>
<formalpara>
<title>Motivazione</title>
<para>Dal punto di vista degli utenti finali un sistema viene creato o modificato per
migliorare il supporto di un&#8217;attività di business e/o migliorare la qualità.</para>
</formalpara>
<formalpara>
<title>Forma</title>
<para>Breve descrizione testuale, casi d&#8217;uso in forma tabellare.
Se esistono documenti sui requisiti, questa panoramica dovrebbe fare riferimento a questi documenti.</para>
</formalpara>
<simpara>Mantieni questi estratti il ​​più brevi possibile.
Bilancia la leggibilità di questo documento con la potenziale ridondanza rispetto ai documenti dei requisiti.</simpara>
</sidebar>

</section>
<section id="_obiettivi_di_qualit">
<title>Obiettivi di qualità</title>
<sidebar role="arc42help">
<formalpara>
<title>Contenuti</title>
<para>I principali tre (massimo cinque) obiettivi di qualità per l&#8217;architettura
la cui realizzazione è della massima importanza per i principali stakeholder,
Intendiamo davvero obiettivi di qualità per l&#8217;architettura.
Non confonderli con gli obiettivi del progetto. Non sono necessariamente identici.</para>
</formalpara>
<formalpara>
<title>Motivazione</title>
<para>Dovresti conoscere gli obiettivi di qualità dei tuoi stakeholder più importanti,
poiché influenzeranno le decisioni architettoniche fondamentali.
Assicurati di essere molto concreto su queste qualità, evita le parole d&#8217;ordine.
Se tu come architetto non sai come verrà giudicata la qualità del tuo lavoro</para>
</formalpara>
<formalpara>
<title>Forma</title>
<para>Una tabella con obiettivi di qualità e scenari concreti, ordinati per priorità</para>
</formalpara>
</sidebar>

</section>
<section id="_stakeholders">
<title>Stakeholders</title>
<sidebar role="arc42help">
<simpara>Panoramica esplicita degli stakeholder del sistema, ovvero tutte le persone, i ruoli o le organizzazioni che</simpara>
<itemizedlist>
<listitem>
<simpara>dovrebbero conoscere l&#8217;architettura</simpara>
</listitem>
<listitem>
<simpara>devono essere convinti dell&#8217;architettura</simpara>
</listitem>
<listitem>
<simpara>devono lavorare con l&#8217;architettura o con il codice</simpara>
</listitem>
<listitem>
<simpara>necessitano della documentazione dell&#8217;architettura per il loro lavoro</simpara>
</listitem>
<listitem>
<simpara>devono prendere decisioni sul sistema o sul suo sviluppo</simpara>
</listitem>
</itemizedlist>

<formalpara>
<title>Motivazione</title>
<para>È necessario conoscere tutte le parti coinvolte nello sviluppo del sistema o interessate dal sistema.
Altrimenti, potresti ricevere brutte sorprese più avanti nel processo di sviluppo.
Questi stakeholder determinano la portata e il livello di dettaglio del tuo lavoro e dei suoi risultati.</para>
</formalpara>
<formalpara>
<title>Forma</title>
<para>Tabella con i nomi dei ruoli, i nomi delle persone e le loro aspettative rispetto all&#8217;architettura e alla sua documentazione</para>
</formalpara>
</sidebar>

<informaltable frame="all"
    rowsep="1" colsep="1">
  
  <tgroup cols="3">
    
    <colspec colname="col_1" colwidth="20*"/>
    
    <colspec colname="col_2" colwidth="40*"/>
    
    <colspec colname="col_3" colwidth="40*"/>
    
    
    <thead>
      
      <row>
        
        <entry align="left" valign="top">Rouolo/Nome</entry>
        
        <entry align="left" valign="top">Contatto</entry>
        
        <entry align="left" valign="top">Aspettative</entry>
        
      </row>
      
    </thead>
    
    <tbody>
      
      <row>
        
        <entry align="left" valign="top"><simpara><emphasis>&lt;Ruolo-1&gt;</emphasis></simpara></entry>
        
        <entry align="left" valign="top"><simpara><emphasis>&lt;Contatto-1&gt;</emphasis></simpara></entry>
        
        <entry align="left" valign="top"><simpara><emphasis>&lt;Aspettatiive-1&gt;</emphasis></simpara></entry>
        
      </row>
      
      <row>
        
        <entry align="left" valign="top"><simpara><emphasis>&lt;Ruolo-2&gt;</emphasis></simpara></entry>
        
        <entry align="left" valign="top"><simpara><emphasis>&lt;Contatto-2&gt;</emphasis></simpara></entry>
        
        <entry align="left" valign="top"><simpara><emphasis>&lt;Aspettatiive-2&gt;</emphasis></simpara></entry>
        
      </row>
      
    </tbody>
    
  </tgroup>
</informaltable>

<simpara><?asciidoc-pagebreak?></simpara>

</section>
</chapter>
<chapter id="section-architecture-constraints">
<title>Vincoli di architettura</title>
<sidebar role="arc42help">
<formalpara>
<title>Contenuti</title>
<para>Qualsiasi requisito che limiti gli architetti del software nella loro libertà di decisioni di progettazione
e implementazione o decisione sul processo di sviluppo.
Questi vincoli a volte vanno oltre i singoli sistemi e sono validi per intere organizzazioni e aziende.</para>
</formalpara>
<formalpara>
<title>Motivazione</title>
<para>Gli architetti dovrebbero sapere esattamente dove sono liberi nelle loro decisioni di progettazione e dove devono aderire ai vincoli.
I vincoli devono essere sempre affrontati; possono essere negoziabili però.</para>
</formalpara>
<formalpara>
<title>Forma</title>
<para>Semplici tabelle di vincoli con spiegazioni.
Se necessario puoi suddividerli in file
vincoli tecnici, vincoli organizzativi e politici e
convenzioni (ad es. linee guida di programmazione o di controllo delle versioni, documentazione o convenzioni di denominazione)</para>
</formalpara>
</sidebar>

<simpara><?asciidoc-pagebreak?></simpara>

</chapter>
<chapter id="section-system-scope-and-context">
<title>Ambito e contesto del sistema</title>
<sidebar role="arc42help">
<formalpara>
<title>Contenuti</title>
<para>L&#8217;ambito e il contesto del sistema, come suggerisce il nome, delimitano il sistema (ovvero l&#8217;ambito) da tutti i suoi partner di comunicazione
(sistemi e utenti vicini, ovvero il contesto del tuo sistema). In tal modo specifica le interfacce esterne.</para>
</formalpara>
<simpara>Se necessario, differenziare il contesto di business (input e output specifici del dominio) dal contesto tecnico (canali, protocolli, hardware).</simpara>
<formalpara>
<title>Motivazione</title>
<para>Le interfacce di dominio e le interfacce tecniche per i partner di comunicazione sono tra gli aspetti più critici del sistema. Assicurati di capirli completamente.</para>
</formalpara>
<formalpara>
<title>Forma</title>
<para>Diverse opzioni:</para>
</formalpara>
<itemizedlist>
<listitem>
<simpara>Diagrammi di contesto</simpara>
</listitem>
<listitem>
<simpara>Elenchi di partner di comunicazione e loro interfacce.</simpara>
</listitem>
</itemizedlist>

</sidebar>

<section id="_contesto_di_business">
<title>Contesto di Business</title>
<sidebar role="arc42help">
<formalpara>
<title>Contenuti</title>
<para>Specifica di <emphasis role="strong">tutti</emphasis> i partner di comunicazione (utenti, sistemi IT, &#8230;) con spiegazioni di input e output specifici del dominio o interfacce.
Facoltativamente è possibile aggiungere formati specifici del dominio o protocolli di comunicazione.</para>
</formalpara>
<formalpara>
<title>Motivazione</title>
<para>Tutti gli stakeholder dovrebbero capire quali dati vengono scambiati con l&#8217;ambiente del sistema.</para>
</formalpara>
<formalpara>
<title>Forma</title>
<para>Tutti i tipi di diagrammi che mostrano il sistema come una scatola nera e specificano le interfacce di dominio per i partner di comunicazione.</para>
</formalpara>
<simpara>In alternativa (o in aggiunta) puoi usare una tabella.
Il titolo della tabella è il nome del sistema, le tre colonne contengono il nome del partner di comunicazione, gli ingressi e le uscite.</simpara>
</sidebar>

<simpara><emphasis role="strong">&lt;Diagramma o Tabella&gt;</emphasis></simpara>
<simpara><emphasis role="strong">&lt;opzionale: spiegazione delle interfacce del dominio esterno&gt;</emphasis></simpara>
</section>
<section id="_contesto_tecnico">
<title>Contesto Tecnico</title>
<sidebar role="arc42help">
<formalpara>
<title>Contenuti</title>
<para>Interfacce tecniche (canali e mezzi di trasmissione) che collegano il sistema al suo ambiente.
Oltre alla mappatura dell&#8217;input/output specifico del dominio sui canali di comunicazione, ad es. una spiegazione con I/O  dell&#8217;utilizza del canale di comunicazione.</para>
</formalpara>
<formalpara>
<title>Motivazione</title>
<para>Spesso, gli stakeholders prendono decisioni architetturali in base alle interfacce tecniche tra il sistema e il suo contesto. Sono, principalmente i progettisti di infrastrutture o hardware che decidono queste interfacce tecniche.</para>
</formalpara>
<formalpara>
<title>Forma</title>
<para>Esempio: un deployment diagram UML che descrive i canali di comunicazione dei sistemi vicini,
insieme a una tabella di mappatura che mostra le relazioni tra canali e input/output.</para>
</formalpara>
</sidebar>

<simpara><emphasis role="strong">&lt;Diagramma o Tabella&gt;</emphasis></simpara>
<simpara><emphasis role="strong">&lt;opzionale: Spiegazione delle interfacce tecniche&gt;</emphasis></simpara>
<simpara><emphasis role="strong">&lt;Mappatura Input/Output sui canali di comunicazione&gt;</emphasis></simpara>
<simpara><?asciidoc-pagebreak?></simpara>

</section>
</chapter>
<chapter id="section-solution-strategy">
<title>Strategia della soluzione</title>
<sidebar role="arc42help">
<formalpara>
<title>Contenuti</title>
<para>Un breve riassunto e spiegazione delle decisioni fondamentali e delle strategie di soluzione che modellano l&#8217;architettura del sistema. Questi includono</para>
</formalpara>
<itemizedlist>
<listitem>
<simpara>decisioni tecnologiche</simpara>
</listitem>
<listitem>
<simpara>decisioni sulla scomposizione di primo livello del sistema, ad es. utilizzo di un modello architetturale o di un modello di progettazione</simpara>
</listitem>
<listitem>
<simpara>decisioni su come raggiungere gli obiettivi chiave di qualità</simpara>
</listitem>
<listitem>
<simpara>decisioni organizzative rilevanti, ad es. selezionare un processo di sviluppo o delegare determinati compiti a terzi.</simpara>
</listitem>
</itemizedlist>

<formalpara>
<title>Motivazione</title>
<para>Queste decisioni costituiscono le pietre angolari della tua architettura. Sono la base per molte altre decisioni dettagliate o regole di attuazione.</para>
</formalpara>
<formalpara>
<title>Forma</title>
<para>Mantieni breve la spiegazione di queste decisioni chiave.</para>
</formalpara>
<simpara>Motiva ciò che hai deciso e perché lo hai deciso in questo modo,
in base alla dichiarazione del problema, agli obiettivi di qualità e ai vincoli chiave.
Fare riferimento ai dettagli nelle sezioni seguenti.</simpara>
</sidebar>

<simpara><?asciidoc-pagebreak?></simpara>

</chapter>
<chapter id="section-building-block-view">
<title>Building Block View</title>
<sidebar role="arc42help">
<formalpara>
<title>Contenuti</title>
<para>La visualizzazione building block mostra la scomposizione statica del sistema in building block (moduli, componenti, sottosistemi, classi,
interfacce, pacchetti, librerie, framework, livelli, partizioni, livelli, funzioni, macro, operazioni,
strutture dei dati, &#8230;) così come le loro dipendenze (relazioni, associazioni, &#8230;)</para>
</formalpara>
<simpara>Questa vista dovrebbe essere obbligatoria per ogni documentazione sull&#8217;architettura.
In analogia con una casa, questa è la <emphasis>pianta dei piani</emphasis>.</simpara>
<formalpara>
<title>Motivazione</title>
<para>Mantieni una panoramica del tuo codice sorgente rendendone comprensibile la struttura tramite
astrazioni di essa.</para>
</formalpara>
<simpara>Ciò consente di comunicare con gli stakeholder a livello astratto senza rivelare i dettagli di implementazione.</simpara>
<formalpara>
<title>Forma</title>
<para>è una raccolta gerarchica di black box e white box
(vedi figura sotto) e le loro descrizioni.</para>
</formalpara>
<figure>
  <mediaobject>
    <imageobject>
      <imagedata fileref="images/05_building_blocks-IT.png"/>
    </imageobject>
    <textobject><phrase>Gerarchia dei building blocks</phrase></textobject>
  </mediaobject>
</figure>

<simpara><emphasis role="strong">Livello 1</emphasis> è la descrizione della white box del sistema complessivo insieme alle
descrizioni delle black box di tutti i building block contenuti.</simpara>
<simpara><emphasis role="strong">Livello 2</emphasis> entra nel dettaglio dei building block di livello 1.
Quindi contiene la descrizione della white box dei building block selezionati del livello 1, insieme alle descrizioni della black box dei building block interni.</simpara>
<simpara><emphasis role="strong">Livello 3</emphasis> entra nel dettaglio dei building block di livello 2, e cosi via..</simpara>
</sidebar>

<section id="_whitebox_overall_system">
<title>Whitebox Overall System</title>
<sidebar role="arc42help">
<simpara>Qui descrivi la scomposizione dell&#8217;intero sistema utilizzando il seguente template white box. Contiene</simpara>
<itemizedlist>
<listitem>
<simpara>un diagramma generico</simpara>
</listitem>
<listitem>
<simpara>una motivazione per la decomposizione</simpara>
</listitem>
<listitem>
<simpara>descrizioni in black box dei building blocks contenuti. Per questi ti offriamo alternative:</simpara>
<itemizedlist>
<listitem>
<simpara>usa la tabella <emphasis>one</emphasis> per una panoramica breve e pragmatica di tutti gli elementi costitutivi contenuti e delle loro interfacce</simpara>
</listitem>
<listitem>
<simpara>utilizzare un elenco di descrizioni delle black box dei building box secondo il template black box (vedi sotto).
A seconda dello strumento scelto, questo elenco potrebbe essere sottocapitoli (in file di testo), sottopagine (in un Wiki) o elementi nidificati (in uno strumento di modellazione).</simpara>
</listitem>
</itemizedlist>

</listitem>
<listitem>
<simpara>(opzionale) interfacce importanti, che non sono spiegate nelle black box di un building block, ma sono molto importanti per comprendere la white box.
Poiché ci sono così tanti modi per specificare le interfacce, non forniamo un template specifico per loro.
Nel peggiore dei casi devi specificare e descrivere sintassi, semantica, protocolli, gestione degli errori,
restrizioni, versioni, qualità, compatibilità necessarie e molte altre cose.
Nel migliore dei casi te la caverai con esempi o semplici firme.</simpara>
</listitem>
</itemizedlist>

</sidebar>

<simpara><emphasis><emphasis role="strong">&lt;Overview Diagram&gt;</emphasis></emphasis></simpara>
<variablelist>
<varlistentry>
<term>Motivazione</term>
<listitem>
<simpara><emphasis>&lt;spiegazione testuale&gt;</emphasis></simpara>
</listitem>
</varlistentry>
<varlistentry>
<term>Contenuto dei Building Blocks</term>
<listitem>
<simpara><emphasis>&lt;Descrizione del contenuto del building block (black boxes)&gt;</emphasis></simpara>
</listitem>
</varlistentry>
<varlistentry>
<term>Important Interfaces</term>
<listitem>
<simpara><emphasis>&lt;Descrizione delle interfacce importanti&gt;</emphasis></simpara>
</listitem>
</varlistentry>
</variablelist>

<sidebar role="arc42help">
<simpara>Inserisci le spiegazioni delle black box dal livello 1:</simpara>
<simpara>Se usi la forma tabulare descriveresti solo le black box con nome e
responsabilità secondo il seguente schema:</simpara>
<informaltable frame="all"
    rowsep="1" colsep="1">
  
  <tgroup cols="2">
    
    <colspec colname="col_1" colwidth="33*"/>
    
    <colspec colname="col_2" colwidth="66*"/>
    
    
    <thead>
      
      <row>
        
        <entry align="left" valign="top"><emphasis role="strong">Nome</emphasis></entry>
        
        <entry align="left" valign="top"><emphasis role="strong">Responsibilità</emphasis></entry>
        
      </row>
      
    </thead>
    
    <tbody>
      
      <row>
        
        <entry align="left" valign="top"><simpara><emphasis>&lt;black box 1&gt;</emphasis></simpara></entry>
        
        <entry align="left" valign="top"><simpara> <emphasis>&lt;Text&gt;</emphasis></simpara></entry>
        
      </row>
      
      <row>
        
        <entry align="left" valign="top"><simpara><emphasis>&lt;black box 2&gt;</emphasis></simpara></entry>
        
        <entry align="left" valign="top"><simpara> <emphasis>&lt;Text&gt;</emphasis></simpara></entry>
        
      </row>
      
    </tbody>
    
  </tgroup>
</informaltable>

<simpara>Se si utilizza un elenco di descrizioni delle black box, si compila un template di black box separato per ogni building block importante.
Il titolo è il nome della black box.</simpara>
</sidebar>

<section id="__nome_black_box_1">
<title>&lt;Nome black box 1&gt;</title>
<sidebar role="arc42help">
<simpara>Qui descrivi la &lt;black box 1&gt; secondo il seguente template di scatola nera:</simpara>
<itemizedlist>
<listitem>
<simpara>Scopo/responsabilità</simpara>
</listitem>
<listitem>
<simpara>Interfacce, quando non vengono estratte come paragrafi separati. Queste interfacce possono includere caratteristiche di qualità e prestazionali.</simpara>
</listitem>
<listitem>
<simpara>(Facoltativo) Caratteristiche di qualità/prestazionali della black box, ad esempio disponibilità, comportamento in fase di esecuzione, &#8230;.</simpara>
</listitem>
<listitem>
<simpara>(Facoltativo) percorso file/directory</simpara>
</listitem>
<listitem>
<simpara>(Facoltativo) Requisiti soddisfatti (se è necessaria la tracciabilità dei requisiti).</simpara>
</listitem>
<listitem>
<simpara>(Facoltativo) Bug noti/Rischi/problemi</simpara>
</listitem>
</itemizedlist>

</sidebar>

<simpara><emphasis>&lt;Scopo/responsabilità&gt;</emphasis></simpara>
<simpara><emphasis>&lt;Interfacce&gt;</emphasis></simpara>
<simpara><emphasis>&lt;(Facoltativo) Caratteristiche di qualità/prestazionali&gt;</emphasis></simpara>
<simpara><emphasis>&lt;(Facoltativo) percorso file/directory&gt;</emphasis></simpara>
<simpara><emphasis>&lt;(Facoltativo) Requisiti soddisfatti&gt;</emphasis></simpara>
<simpara><emphasis>&lt;(Facoltativo) Bug noti/Rischi/problemi&gt;</emphasis></simpara>
</section>
<section id="__nome_black_box_2">
<title>&lt;Nome black box 2&gt;</title>
<simpara><emphasis>&lt;black box template&gt;</emphasis></simpara>
</section>
<section id="__nome_black_box_n">
<title>&lt;Nome black box n&gt;</title>
<simpara><emphasis>&lt;black box template&gt;</emphasis></simpara>
</section>
<section id="__nome_interface_1">
<title>&lt;Nome interface 1&gt;</title>
<simpara>&#8230;</simpara>
</section>
<section id="__nome_interface_m">
<title>&lt;Nome interface m&gt;</title>

</section>
</section>
<section id="_livello_2">
<title>Livello 2</title>
<sidebar role="arc42help">
<simpara>Qui puoi specificare la struttura interna di (alcuni) building block dal livello 1 come white box.</simpara>
<simpara>Devi decidere quali building block del tuo sistema sono abbastanza importanti da giustificare una descrizione così dettagliata.
Si prega di preferire la pertinenza alla completezza. Specifica i building blocks importanti, sorprendenti, rischiosi, complessi o volatili.
Tralascia le parti normali, semplici, noiose o standardizzate del tuo sistema</simpara>
</sidebar>

<section id="_white_box_emphasis_building_block_1_emphasis">
<title>White Box <emphasis>&lt;building block 1&gt;</emphasis></title>
<sidebar role="arc42help">
<simpara>&#8230;descrive la struttura interna del <emphasis>building block 1</emphasis>.</simpara>
</sidebar>

<simpara><emphasis>&lt;white box template&gt;</emphasis></simpara>
</section>
<section id="_white_box_emphasis_building_block_2_emphasis">
<title>White Box <emphasis>&lt;building block 2&gt;</emphasis></title>
<simpara><emphasis>&lt;white box template&gt;</emphasis></simpara>
<simpara>&#8230;</simpara>
</section>
<section id="_white_box_emphasis_building_block_m_emphasis">
<title>White Box <emphasis>&lt;building block m&gt;</emphasis></title>
<simpara><emphasis>&lt;white box template&gt;</emphasis></simpara>
</section>
</section>
<section id="_livello_3">
<title>Livello 3</title>
<sidebar role="arc42help">
<simpara>Qui puoi specificare la struttura interna di (alcuni) building block dal livello 2 come white box.</simpara>
<simpara>Quando hai bisogno di livelli più dettagliati della tua architettura, copia questa parte di arc42 per livelli aggiuntivi.</simpara>
</sidebar>

<section id="_white_box_building_block_x_1">
<title>White Box &lt;_building block x.1_&gt;</title>
<sidebar role="arc42help">
<simpara>Specifica la struttura interna del <emphasis>building block x.1</emphasis>.</simpara>
</sidebar>

<simpara><emphasis>&lt;white box template&gt;</emphasis></simpara>
</section>
<section id="_white_box_building_block_x_2">
<title>White Box &lt;_building block x.2_&gt;</title>
<simpara><emphasis>&lt;white box template&gt;</emphasis></simpara>
</section>
<section id="_white_box_building_block_y_1">
<title>White Box &lt;_building block y.1_&gt;</title>
<simpara><emphasis>&lt;white box template&gt;</emphasis></simpara>
<simpara><?asciidoc-pagebreak?></simpara>

</section>
</section>
</chapter>
<chapter id="section-runtime-view">
<title>Runtime View</title>
<sidebar role="arc42help">
<formalpara>
<title>Contenuti</title>
<para>La runtime view descrive il comportamento concreto e le interazioni dei building block del sistema sotto forma di scenari dalle seguenti aree:</para>
</formalpara>
<itemizedlist>
<listitem>
<simpara>importanti casi d&#8217;uso o funzionalità: come vengono eseguiti dai building block?</simpara>
</listitem>
<listitem>
<simpara>interazioni alle interfacce esterne critiche: in che modo i building block cooperano con gli utenti e i sistemi vicini?</simpara>
</listitem>
<listitem>
<simpara>funzionamento e amministrazione: lancio, avvio, arresto</simpara>
</listitem>
<listitem>
<simpara>errori e scenari di eccezione</simpara>
</listitem>
</itemizedlist>

<simpara>Nota: il criterio principale per la scelta dei possibili scenari (sequenze, flussi di lavoro) è la loro <emphasis role="strong">rilevanza architettonica</emphasis>.
<emphasis role="strong">Non</emphasis> è importante descrivere un gran numero di scenari. Dovresti piuttosto documentare una selezione rappresentativa.</simpara>
<formalpara>
<title>Motivazione</title>
<para>È necessario comprendere in che modo (istanze di) building block del sistema eseguono il proprio lavoro e comunicano in fase di esecuzione.
Acquisirai principalmente scenari nella tua documentazione per comunicare la tua architettura
alle parti interessate che sono meno disposte o in grado di leggere e comprendere i modelli statici (building block view, deployment view).</para>
</formalpara>
<formalpara>
<title>Forma</title>
<para>Ci sono molte notazioni per descrivere gli scenari, ad es.</para>
</formalpara>
<itemizedlist>
<listitem>
<simpara>elenco numerato di passaggi (in linguaggio naturale)</simpara>
</listitem>
<listitem>
<simpara>activity diagram o diagrammi di flusso</simpara>
</listitem>
<listitem>
<simpara>sequence diagram</simpara>
</listitem>
<listitem>
<simpara>BPMN o EPC (catene di processi di eventi)</simpara>
</listitem>
<listitem>
<simpara>state diagram</simpara>
</listitem>
<listitem>
<simpara>&#8230;</simpara>
</listitem>
</itemizedlist>

</sidebar>

<section id="__runtime_scenario_1">
<title>&lt;Runtime Scenario 1&gt;</title>
<itemizedlist>
<listitem>
<simpara><emphasis>&lt;inserire un runtime diagram o una descrizione testuale dello scenario&gt;</emphasis></simpara>
</listitem>
<listitem>
<simpara><emphasis>&lt;inserire la descrizione degli aspetti degni di nota delle interazioni tra i
istanze di building block illustrate in questo diagramma.&gt;</emphasis></simpara>
</listitem>
</itemizedlist>

</section>
<section id="__runtime_scenario_2">
<title>&lt;Runtime Scenario 2&gt;</title>

</section>
<section id="_">
<title>&#8230;</title>

</section>
<section id="__runtime_scenario_n">
<title>&lt;Runtime Scenario n&gt;</title>
<simpara><?asciidoc-pagebreak?></simpara>

</section>
</chapter>
<chapter id="section-deployment-view">
<title>Deployment View</title>
<sidebar role="arc42help">
<formalpara>
<title>Contenuti</title>
<para>La Deployment View descrive:</para>
</formalpara>
<orderedlist numeration="arabic">
<listitem>
<simpara>l&#8217;infrastruttura tecnica utilizzata per eseguire il sistema, con elementi dell&#8217;infrastruttura come posizioni geografiche, ambienti, computer, processori, canali e topologie di rete, nonché altri elementi dell&#8217;infrastruttura e</simpara>
</listitem>
<listitem>
<simpara>la mappatura dei building block (software) di tali elementi dell&#8217;infrastruttura.</simpara>
</listitem>
</orderedlist>

<simpara>Spesso i sistemi vengono eseguiti in ambienti diversi, ad es. ambiente di sviluppo, ambiente di test, ambiente di produzione.
In questi casi è necessario documentare tutti gli ambienti rilevanti.</simpara>
<simpara>Documentare in particolare la Deployment View
quando il software viene eseguito come sistema distribuito con più di un computer, processore, server o container o quando si progettano e si costruiscono processori e chip hardware personalizzati.</simpara>
<simpara>Dal punto di vista del software è sufficiente acquisire quegli elementi dell&#8217;infrastruttura necessari per mostrare la distribuzione dei building block.
Gli architetti hardware possono andare oltre e descrivere l&#8217;infrastruttura con qualsiasi livello di dettaglio di cui hanno bisogno per acquisire.</simpara>
<formalpara>
<title>Motivazione</title>
<para>Il software non funziona senza hardware.
Questa infrastruttura sottostante può e influenzerà il tuo sistema e/o alcuni
concetti trasversali. Pertanto, è necessario conoscere l&#8217;infrastruttura.</para>
</formalpara>
<formalpara>
<title>Forma</title>
<para>Può essere che il Deployment View di livello più alto sia già contenuto nella sezione 3.2. come
contesto tecnico con la propria infrastruttura come UNA scatola nera. In questa sezione lo farai
ingrandire questa scatola nera utilizzando Deployment View aggiuntivi:</para>
</formalpara>
<itemizedlist>
<listitem>
<simpara>UML offre diagrammi di distribuzione per esprimere quella vista. Usalo, probabilmente con diagrammi annidati,
quando la tua infrastruttura è più complessa.</simpara>
</listitem>
<listitem>
<simpara>Quando i tuoi stakeholder (hardware) preferiscono altri tipi di diagrammi piuttosto che il Deployment View, lascia che utilizzino qualsiasi tipo che sia in grado di mostrare nodi e canali dell&#8217;infrastruttura.</simpara>
</listitem>
</itemizedlist>

</sidebar>

<section id="_livello_infrastruttura_1">
<title>Livello infrastruttura 1</title>
<sidebar role="arc42help">
<simpara>Descrivi (di solito in una combinazione di diagrammi, tabelle e testo):</simpara>
<itemizedlist>
<listitem>
<simpara>la distribuzione del sistema in più posizioni, ambienti, computer, processori, .. così come le connessioni fisiche tra di loro</simpara>
</listitem>
<listitem>
<simpara>una giustificazione o motivazione importante per questa struttura di distribuzione</simpara>
</listitem>
<listitem>
<simpara>Caratteristiche di qualità e/o prestazioni dell&#8217;infrastruttura</simpara>
</listitem>
<listitem>
<simpara>la mappatura degli artefatti software agli elementi dell&#8217;infrastruttura</simpara>
</listitem>
</itemizedlist>

<simpara>Per più ambienti o distribuzioni alternative, copia quella sezione di arc42 per tutti gli ambienti pertinenti.</simpara>
</sidebar>

<simpara><emphasis><emphasis role="strong">&lt;Overview Diagram&gt;</emphasis></emphasis></simpara>
<variablelist>
<varlistentry>
<term>Motivatione</term>
<listitem>
<simpara><emphasis>&lt;spiegazione in forma di testo&gt;</emphasis></simpara>
</listitem>
</varlistentry>
<varlistentry>
<term>Requsiti di qualità e/o di prestazioni</term>
<listitem>
<simpara><emphasis>&lt;spiegazione in forma di testo&gt;</emphasis></simpara>
</listitem>
</varlistentry>
<varlistentry>
<term>Mappatura dei Building Blocks nella Architettura</term>
<listitem>
<simpara><emphasis>&lt;descrizione della mappatura&gt;</emphasis></simpara>
</listitem>
</varlistentry>
</variablelist>

</section>
<section id="_livello_infrastruttura_2">
<title>Livello infrastruttura 2</title>
<sidebar role="arc42help">
<simpara>Qui puoi includere la struttura interna di (alcuni) elementi dell&#8217;infrastruttura dal livello 1.</simpara>
<simpara>Si prega di copiare la struttura dal livello 1 per ogni elemento selezionato.</simpara>
</sidebar>

<section id="__emphasis_elemento_infrastruttura_1_emphasis">
<title><emphasis>&lt;Elemento infrastruttura 1&gt;</emphasis></title>
<simpara><emphasis>&lt;diagramma + spiegazione&gt;</emphasis></simpara>
</section>
<section id="__emphasis_elemento_infrastruttura_2_emphasis">
<title><emphasis>&lt;Elemento infrastruttura 2&gt;</emphasis></title>
<simpara><emphasis>&lt;diagramma + spiegazione&gt;</emphasis></simpara>
<simpara>&#8230;</simpara>
</section>
<section id="__emphasis_elemento_infrastruttura_n_emphasis">
<title><emphasis>&lt;Elemento infrastruttura n&gt;</emphasis></title>
<simpara><emphasis>&lt;diagramma + spiegazione&gt;</emphasis></simpara>
<simpara><?asciidoc-pagebreak?></simpara>

</section>
</section>
</chapter>
<chapter id="section-concepts">
<title>Concetti trasversali</title>
<sidebar role="arc42help">
<formalpara>
<title>Contenuto</title>
<para>Questa sezione descrive le normative generali e principali e le idee di soluzione che sono
rilevante in più parti (= trasversali) del sistema.
Tali concetti sono spesso correlati a più building blocks.
Possono includere molti argomenti diversi, come</para>
</formalpara>
<itemizedlist>
<listitem>
<simpara>modello di domonio</simpara>
</listitem>
<listitem>
<simpara>modelli di architettura o modelli di design</simpara>
</listitem>
<listitem>
<simpara>regole per l&#8217;utilizzo di una tecnologia specifica</simpara>
</listitem>
<listitem>
<simpara>decisioni principali, spesso tecniche, di decisioni generali</simpara>
</listitem>
<listitem>
<simpara>regole di implementazione</simpara>
</listitem>
</itemizedlist>

<formalpara>
<title>Motivazione</title>
<para>I concetti costituiscono la base per l '_ integrità concettuale_ (coerenza, omogeneità)
dell&#8217;architettura. Pertanto, sono un contributo importante per raggiungere le qualità interne del tuo sistema.</para>
</formalpara>
<simpara>Alcuni di questi concetti non possono essere assegnati a singoli building blocks
(ad es. sicurezza o protezione). Questo è il posto nel template che abbiamo fornito per una specifica coerente di tali concetti.</simpara>
<formalpara>
<title>Forma</title>
<para>Le forme possono eessere varie:</para>
</formalpara>
<itemizedlist>
<listitem>
<simpara>documenti concettuali con qualsiasi tipo di struttura</simpara>
</listitem>
<listitem>
<simpara>estratti di modelli trasversali o scenari che utilizzano le notazioni delle viste dell&#8217;architettura</simpara>
</listitem>
<listitem>
<simpara>implementazioni di esempio, soprattutto per concetti tecnici</simpara>
</listitem>
<listitem>
<simpara>riferimento all&#8217;uso tipico di framework standard (es. utilizzo di Hibernate per object/relational mapping)</simpara>
</listitem>
</itemizedlist>

<formalpara>
<title>Struttura</title>
<para>Una struttura potenziale (ma non obbligatoria) per questa sezione potrebbe essere:</para>
</formalpara>
<itemizedlist>
<listitem>
<simpara>Concetti di dominio</simpara>
</listitem>
<listitem>
<simpara>Concetti sull&#8217;esperienza utente (UX)</simpara>
</listitem>
<listitem>
<simpara>Concetti di sicurezza e protezione</simpara>
</listitem>
<listitem>
<simpara>Architettura e modelli di design</simpara>
</listitem>
<listitem>
<simpara>"Sotto il cappuccio"</simpara>
</listitem>
<listitem>
<simpara>concetti di sviluppo</simpara>
</listitem>
<listitem>
<simpara>concetti operativi</simpara>
</listitem>
</itemizedlist>

<simpara>Nota: potrebbe essere difficile assegnare concetti individuali a un argomento specifico
in questo elenco.</simpara>
<figure>
  <mediaobject>
    <imageobject>
      <imagedata fileref="images/08-Crosscutting-Concepts-Structure-IT.png"/>
    </imageobject>
    <textobject><phrase>Possibili argomenti per concetti trasversali</phrase></textobject>
  </mediaobject>
</figure>

</sidebar>

<section id="__emphasis_concetto_1_emphasis">
<title><emphasis>&lt;Concetto 1&gt;</emphasis></title>
<simpara><emphasis>&lt;spiegazione&gt;</emphasis></simpara>
</section>
<section id="__emphasis_concetto_2_emphasis">
<title><emphasis>&lt;Concetto 2&gt;</emphasis></title>
<simpara><emphasis>&lt;spiegazione&gt;</emphasis></simpara>
<simpara>&#8230;</simpara>
</section>
<section id="__emphasis_concetto_n_emphasis">
<title><emphasis>&lt;Concetto n&gt;</emphasis></title>
<simpara><emphasis>&lt;spiegazione&gt;</emphasis></simpara>
<simpara><?asciidoc-pagebreak?></simpara>

</section>
</chapter>
<chapter id="section-design-decisions">
<title>Decisioni di progettazione</title>
<sidebar role="arc42help">
<formalpara>
<title>Contenuti</title>
<para>Decisioni di architettura importanti, costose, su larga scala o rischiose, inclusi i razionali.
Con "decisioni" si intende selezionare un&#8217;alternativa in base a determinati criteri.</para>
</formalpara>
<simpara>Si prega di utilizzare il proprio giudizio per decidere se una decisione architetturale
debba essere documentata qui in questa sezione centrale o se è meglio documentarlo localmente
(ad es. all&#8217;interno del whitebox di un building block).</simpara>
<simpara>Evita la ridondanza. Fare riferimento alla sezione 4, dove sono già state acquisite le decisioni più importanti della propria architettura.</simpara>
<formalpara>
<title>Motivazione</title>
<para>Gli stakeholder del tuo sistema dovrebbero essere in grado di comprendere e ripercorrere le tue decisioni.</para>
</formalpara>
<formalpara>
<title>Forma</title>
<para>Diverse opzioni:</para>
</formalpara>
<itemizedlist>
<listitem>
<simpara>Elenco o tabella, ordinati per importanza e conseguenze oppure:</simpara>
</listitem>
<listitem>
<simpara>più dettagliato sotto forma di sezioni separate per le decisioni</simpara>
</listitem>
<listitem>
<simpara>ADR (architecture decision record) per ogni decisione importante</simpara>
</listitem>
</itemizedlist>

</sidebar>

<simpara><?asciidoc-pagebreak?></simpara>

</chapter>
<chapter id="section-quality-scenarios">
<title>Requisiti di Qualità</title>
<sidebar role="arc42help">
<formalpara>
<title>Contenuto</title>
<para>Questa sezione contiene tutti i requisiti di qualità come albero di qualità con scenari. I più importanti sono già stati descritti nella sezione 1.2. (obiettivi di qualità)</para>
</formalpara>
<simpara>Qui puoi anche acquisire i requisiti di qualità con una priorità minore,
il che non creerà rischi elevati quando non sono pienamente raggiunti.</simpara>
<formalpara>
<title>Motivazione</title>
<para>Poiché i requisiti di qualità avranno molta influenza sulle decisioni architetturali,
dovresti sapere per ogni stakeholder cosa è veramente importante per loro, concreto e misurabile.</para>
</formalpara>
</sidebar>

<section id="_albero_di_qualit">
<title>Albero di qualità</title>
<sidebar role="arc42help">
<formalpara>
<title>Contenuto</title>
<para>L&#8217;albero della qualità (come definito in ATAM – Architecture Tradeoff Analysis Method) con scenari di qualità/valutazione come foglie.</para>
</formalpara>
<formalpara>
<title>Motivazione</title>
<para>La struttura ad albero con le priorità fornisce una panoramica per un numero talvolta elevato di requisiti di qualità.</para>
</formalpara>
<formalpara>
<title>Forma</title>
<para>L&#8217;albero della qualità è una panoramica di alto livello degli obiettivi e dei requisiti di qualità:</para>
</formalpara>
<itemizedlist>
<listitem>
<simpara>espande il termine "qualità" con la forma di un&#8217;albero. Usa "qualità" o "utilità" come radice</simpara>
</listitem>
<listitem>
<simpara>una mappa mentale con categorie di qualità come rami principali</simpara>
</listitem>
</itemizedlist>

<simpara>In ogni caso l&#8217;albero dovrebbe includere collegamenti agli scenari della sezione successiva.</simpara>
</sidebar>

</section>
<section id="_scenari_di_qualit">
<title>Scenari di qualità</title>
<sidebar role="arc42help">
<formalpara>
<title>Contenuti</title>
<para>Concretizzazione dei requisiti di qualità (a volte vaghi o impliciti) utilizzando scenari (di qualità).</para>
</formalpara>
<simpara>Questi scenari descrivono cosa dovrebbe accadere quando uno stimolo arriva al sistema.</simpara>
<simpara>Per gli architetti, due tipi di scenari sono importanti:</simpara>
<itemizedlist>
<listitem>
<simpara>Gli scenari di utilizzo (chiamati anche scenari di applicazione o scenari di casi d&#8217;uso) descrivono
la reazione di runtime del sistema a un determinato stimolo. Ciò include anche scenari che descrivono l&#8217;efficienza
o le prestazioni del sistema.
Esempio: il sistema risponde alla richiesta di un utente entro un secondo.</simpara>
</listitem>
<listitem>
<simpara>Gli scenari di cambiamento descrivono una modifica del sistema o dell&#8217;ambiente circostante.
Esempio: sono implementate funzionalità aggiuntive o requisiti per una modifica dell&#8217;attributo di qualità.</simpara>
</listitem>
</itemizedlist>

<formalpara>
<title>Motivazione</title>
<para>Gli scenari rendono concreti i requisiti di qualità
e consentono di misurare o decidere più facilmente se sono soddisfatti.</para>
</formalpara>
<simpara>Soprattutto quando vuoi valutare la tua architettura
usando metodi come ATAM devi descrivere i tuoi obiettivi di qualità (dalla sezione 1.2)
più precisamente fino a un livello di scenari che possono essere discussi e valutati.</simpara>
<formalpara>
<title>Forma</title>
<para>Testo tabulare o testo in formato libero.</para>
</formalpara>
</sidebar>

<simpara><?asciidoc-pagebreak?></simpara>

</section>
</chapter>
<chapter id="section-technical-risks">
<title>Rischi e debiti tecnici</title>
<sidebar role="arc42help">
<formalpara>
<title>Contenuti</title>
<para>Un elenco di rischi tecnici o debiti tecnici identificati, ordinati per priorità</para>
</formalpara>
<formalpara>
<title>Motivazione</title>
<para>“La gestione del rischio è la gestione del progetto per adulti” (Tim Lister, Atlantic Systems Guild.)</para>
</formalpara>
<simpara>Questo dovrebbe essere il tuo motto per il rilevamento e la valutazione sistematica dei rischi e dei debiti tecnici nell&#8217;architettura, che saranno necessari agli stakeholder del management (ad esempio i project manager, i proprietari dei prodotti) come parte dell&#8217;analisi complessiva dei rischi e della pianificazione delle misurazioni.</simpara>
<formalpara>
<title>Forma</title>
<para>Elenco dei rischi e/o dei debiti tecnici, possibilmente comprendendo le misure suggerite per minimizzare, mitigare o evitare i rischi o ridurre i debiti tecnici.</para>
</formalpara>
</sidebar>

<simpara><?asciidoc-pagebreak?></simpara>

</chapter>
<chapter id="section-glossary">
<title>Glossario</title>
<sidebar role="arc42help">
<formalpara>
<title>Contenuti</title>
<para>Il dominio più importante e i termini tecnici utilizzati dagli stakeholder quando discutono del sistema.</para>
</formalpara>
<simpara>Puoi anche vedere il glossario come fonte per le traduzioni se lavori in team multilingue.</simpara>
<formalpara>
<title>Motivazione</title>
<para>Dovresti definire chiaramente i tuoi termini, in modo che tutte le parti interessate</para>
</formalpara>
<itemizedlist>
<listitem>
<simpara>abbiano una comprensione identica di questi termini</simpara>
</listitem>
<listitem>
<simpara>non utilizzino sinonimi e omonimi</simpara>
</listitem>
</itemizedlist>

<itemizedlist>
<title>Forma</title>
<listitem>
<simpara>Una tabella con colonne &lt;Termine&gt; e &lt;Definizione&gt;.</simpara>
</listitem>
<listitem>
<simpara>Potenzialmente più colonne nel caso tu abbia bisogno di traduzioni.</simpara>
</listitem>
</itemizedlist>

</sidebar>

<informaltable frame="all"
    rowsep="1" colsep="1">
  
  <tgroup cols="2">
    
    <colspec colname="col_1" colwidth="33*"/>
    
    <colspec colname="col_2" colwidth="66*"/>
    
    
    <thead>
      
      <row>
        
        <entry align="left" valign="top">Termine</entry>
        
        <entry align="left" valign="top">Definizione</entry>
        
      </row>
      
    </thead>
    
    <tbody>
      
      <row>
        
        <entry align="left" valign="top"><simpara><emphasis>&lt;Termine-1&gt;</emphasis></simpara></entry>
        
        <entry align="left" valign="top"><simpara><emphasis>&lt;definizione-1&gt;</emphasis></simpara></entry>
        
      </row>
      
      <row>
        
        <entry align="left" valign="top"><simpara><emphasis>&lt;Termine-2&gt;</emphasis></simpara></entry>
        
        <entry align="left" valign="top"><simpara><emphasis>&lt;definizione-2&gt;</emphasis></simpara></entry>
        
      </row>
      
    </tbody>
    
  </tgroup>
</informaltable>

</chapter>
</book>