<?xml version="1.0" encoding="UTF-8"?>
<!DOCTYPE book PUBLIC "-//OASIS//DTD DocBook XML V4.5//EN" "http://www.oasis-open.org/docbook/xml/4.5/docbookx.dtd">
<?asciidoc-toc?>
<?asciidoc-numbered?>
<book xmlns="http://docbook.org/ns/docbook" lang="en">
<bookinfo>
<title>Plantilla <inlinemediaobject>
  <imageobject>
    <imagedata fileref="images/arc42-logo.png"/>
  </imageobject>
  <textobject><phrase>arc42</phrase></textobject>
</inlinemediaobject></title>
<date>January 2023</date>
<revhistory>
<revision>
<revnumber>8.2 ES</revnumber>
<date>January 2023</date>

<revremark>(based upon AsciiDoc version)</revremark>
</revision>
</revhistory>



</bookinfo>
<preface>
<title></title>
<simpara><emphasis role="strong">Acerca de arc42</emphasis></simpara>
<simpara role="lead">arc42, La plantilla de documentación para arquitectura de sistemas y de software.</simpara>
<simpara>Por Dr. Gernot Starke, Dr. Peter Hruschka y otros contribuyentes.</simpara>
<simpara>Revisión de la plantilla: 7.0 ES (basada en asciidoc), Enero 2017</simpara>
<simpara>&#169;
Reconocemos que este documento utiliza material de la plantilla de arquitectura arc42, <ulink url="https://www.arc42.org">https://www.arc42.org</ulink>.
Creada por Dr. Peter Hruschka y Dr. Gernot Starke.</simpara>
<simpara><?asciidoc-hr?></simpara>

<simpara><?asciidoc-pagebreak?></simpara>

</preface>

<chapter id="section-introduction-and-goals">
<title>Introducción y Metas</title>
<section id="_vista_de_requerimientos">
<title>Vista de Requerimientos</title>

</section>
<section id="_metas_de_calidad">
<title>Metas de Calidad</title>

</section>
<section id="_partes_interesadas_stakeholders">
<title>Partes interesadas (Stakeholders)</title>
<informaltable frame="all"
    rowsep="1" colsep="1">
  
  <tgroup cols="3">
    
    <colspec colname="col_1" colwidth="20*"/>
    
    <colspec colname="col_2" colwidth="40*"/>
    
    <colspec colname="col_3" colwidth="40*"/>
    
    
    <thead>
      
      <row>
        
        <entry align="left" valign="top">Rol/Nombre</entry>
        
        <entry align="left" valign="top">Contacto</entry>
        
        <entry align="left" valign="top">Expectativas</entry>
        
      </row>
      
    </thead>
    
    <tbody>
      
      <row>
        
        <entry align="left" valign="top"><simpara><emphasis>&lt;Role-1&gt;</emphasis></simpara></entry>
        
        <entry align="left" valign="top"><simpara><emphasis>&lt;Contact-1&gt;</emphasis></simpara></entry>
        
        <entry align="left" valign="top"><simpara><emphasis>&lt;Expectation-1&gt;</emphasis></simpara></entry>
        
      </row>
      
      <row>
        
        <entry align="left" valign="top"><simpara><emphasis>&lt;Role-2&gt;</emphasis></simpara></entry>
        
        <entry align="left" valign="top"><simpara><emphasis>&lt;Contact-2&gt;</emphasis></simpara></entry>
        
        <entry align="left" valign="top"><simpara><emphasis>&lt;Expectation-2&gt;</emphasis></simpara></entry>
        
      </row>
      
    </tbody>
    
  </tgroup>
</informaltable>

<simpara><?asciidoc-pagebreak?></simpara>

</section>
</chapter>
<chapter id="section-architecture-constraints">
<title>Restricciones de la Arquitectura</title>
<simpara><?asciidoc-pagebreak?></simpara>

</chapter>
<chapter id="section-context-and-scope">
<title>Alcance y Contexto del Sistema</title>
<section id="_contexto_de_negocio">
<title>Contexto de Negocio</title>
<simpara><emphasis role="strong">&lt;Diagrama o Tabla&gt;</emphasis></simpara>
<simpara><emphasis role="strong">&lt;optionally: Explanation of external domain interfaces&gt;</emphasis></simpara>
</section>
<section id="_contexto_t_cnico">
<title>Contexto Técnico</title>
<simpara><emphasis role="strong">&lt;Diagrama o Tabla&gt;</emphasis></simpara>
<simpara><emphasis role="strong">&lt;Opcional: Explicación de las interfases técnicas&gt;</emphasis></simpara>
<simpara><emphasis role="strong">&lt;Mapeo de Entrada/Salida a canales&gt;</emphasis></simpara>
<simpara><?asciidoc-pagebreak?></simpara>

</section>
</chapter>
<chapter id="section-solution-strategy">
<title>Estrategia de solución</title>
<simpara><?asciidoc-pagebreak?></simpara>

</chapter>
<chapter id="section-building-block-view">
<title>Vista de Bloques</title>
<section id="_sistema_general_de_caja_blanca">
<title>Sistema General de Caja Blanca</title>
<simpara><emphasis><emphasis role="strong">&lt;Diagrama general&gt;</emphasis></emphasis></simpara>
<variablelist>
<varlistentry>
<term>Motivación</term>
<listitem>
<simpara><emphasis>&lt;Explicación en texto&gt;</emphasis></simpara>
</listitem>
</varlistentry>
<varlistentry>
<term>Bloques de construcción contenidos</term>
<listitem>
<simpara><emphasis>&lt;Desripción de los bloques de construcción contenidos (Cajas negras)&gt;</emphasis></simpara>
</listitem>
</varlistentry>
<varlistentry>
<term>Interfases importantes</term>
<listitem>
<simpara><emphasis>&lt;Descripción de las interfases importantes&gt;</emphasis></simpara>
</listitem>
</varlistentry>
</variablelist>

<section id="__caja_negra_1">
<title>&lt;Caja Negra 1&gt;</title>
<simpara><emphasis>&lt;Propósito/Responsabilidad&gt;</emphasis></simpara>
<simpara><emphasis>&lt;Interfase(s)&gt;</emphasis></simpara>
<simpara><emphasis>&lt;(Opcional) Características de Calidad/Performance&gt;</emphasis></simpara>
<simpara><emphasis>&lt;(Opcional) Ubicación Archivo/Directorio&gt;</emphasis></simpara>
<simpara><emphasis>&lt;(Opcional) Requerimientos Satisfechos&gt;</emphasis></simpara>
<simpara><emphasis>&lt;(Opcional) Riesgos/Problemas/Incidentes Abiertos&gt;</emphasis></simpara>
</section>
<section id="__caja_negra_2">
<title>&lt;Caja Negra 2&gt;</title>
<simpara><emphasis>&lt;plantilla de caja negra&gt;</emphasis></simpara>
</section>
<section id="__caja_negra_n">
<title>&lt;Caja Negra N&gt;</title>
<simpara><emphasis>&lt;Plantilla de caja negra&gt;</emphasis></simpara>
</section>
<section id="__interfase_1">
<title>&lt;Interfase 1&gt;</title>
<simpara>&#8230;</simpara>
</section>
<section id="__interfase_m">
<title>&lt;Interfase m&gt;</title>

</section>
</section>
<section id="_nivel_2">
<title>Nivel 2</title>
<section id="_caja_blanca_emphasis_bloque_de_construcci_n_1_emphasis">
<title>Caja Blanca <emphasis>&lt;bloque de construcción 1&gt;</emphasis></title>
<simpara><emphasis>&lt;plantilla de caja blanca&gt;</emphasis></simpara>
</section>
<section id="_caja_blanca_emphasis_bloque_de_construcci_n_2_emphasis">
<title>Caja Blanca <emphasis>&lt;bloque de construcción 2&gt;</emphasis></title>
<simpara><emphasis>&lt;plantilla de caja blanca&gt;</emphasis></simpara>
<simpara>&#8230;</simpara>
</section>
<section id="_caja_blanca_emphasis_bloque_de_construcci_n_m_emphasis">
<title>Caja Blanca <emphasis>&lt;bloque de construcción m&gt;</emphasis></title>
<simpara><emphasis>&lt;plantilla de caja blanca&gt;</emphasis></simpara>
</section>
</section>
<section id="_nivel_3">
<title>Nivel 3</title>
<section id="_caja_blanca_bloque_de_construcci_n_x_1">
<title>Caja Blanca &lt;_bloque de construcción x.1_&gt;</title>
<simpara><emphasis>&lt;plantilla de caja blanca&gt;</emphasis></simpara>
</section>
<section id="_caja_blanca_bloque_de_construcci_n_x_2">
<title>Caja Blanca &lt;_bloque de construcción x.2_&gt;</title>
<simpara><emphasis>&lt;plantilla de caja blanca&gt;</emphasis></simpara>
</section>
<section id="_caja_blanca_bloque_de_construcci_n_y_1">
<title>Caja Blanca &lt;_bloque de construcción y.1_&gt;</title>
<simpara><emphasis>&lt;plantilla de caja blanca&gt;</emphasis></simpara>
<simpara><?asciidoc-pagebreak?></simpara>

</section>
</section>
</chapter>
<chapter id="section-runtime-view">
<title>Vista de Ejecución</title>
<section id="__escenario_de_ejecuci_n_1">
<title>&lt;Escenario de ejecución 1&gt;</title>
<itemizedlist>
<listitem>
<simpara><emphasis>&lt;Inserte un diagrama de ejecución o la descripción del escenario&gt;</emphasis></simpara>
</listitem>
<listitem>
<simpara><emphasis>&lt;Inserte la descripción de aspectos notables de las interacciones entre los bloques de construcción mostrados en este diagrama.&gt;</emphasis></simpara>
</listitem>
</itemizedlist>

</section>
<section id="__escenario_de_ejecuci_n_2">
<title>&lt;Escenario de ejecución 2&gt;</title>

</section>
<section id="_">
<title>&#8230;</title>

</section>
<section id="__escenario_de_ejecuci_n_n">
<title>&lt;Escenario de ejecución n&gt;</title>
<simpara><?asciidoc-pagebreak?></simpara>

</section>
</chapter>
<chapter id="section-deployment-view">
<title>Vista de Despliegue</title>
<section id="_nivel_de_infraestructura_1">
<title>Nivel de infraestructura 1</title>
<simpara><emphasis><emphasis role="strong">&lt;Diagrama General&gt;</emphasis></emphasis></simpara>
<variablelist>
<varlistentry>
<term>Motivación</term>
<listitem>
<simpara><emphasis>&lt;Explicación en forma textual&gt;</emphasis></simpara>
</listitem>
</varlistentry>
<varlistentry>
<term>Características de Calidad/Rendimiento</term>
<listitem>
<simpara><emphasis>&lt;Explicación en forma textual&gt;</emphasis></simpara>
<variablelist>
<varlistentry>
<term>Mapeo de los Bloques de Construcción a Infraestructura</term>
<listitem>
<simpara><emphasis>&lt;Descripción del mapeo&gt;</emphasis></simpara>
</listitem>
</varlistentry>
</variablelist>

</listitem>
</varlistentry>
</variablelist>

</section>
<section id="_nivel_de_infraestructura_2">
<title>Nivel de Infraestructura 2</title>
<section id="__emphasis_elemento_de_infraestructura_1_emphasis">
<title><emphasis>&lt;Elemento de Infraestructura 1&gt;</emphasis></title>
<simpara><emphasis>&lt;diagrama + explicación&gt;</emphasis></simpara>
</section>
<section id="__emphasis_elemento_de_infraestructura_2_emphasis">
<title><emphasis>&lt;Elemento de Infraestructura 2&gt;</emphasis></title>
<simpara><emphasis>&lt;diagrama + explicación&gt;</emphasis></simpara>
<simpara>&#8230;</simpara>
</section>
<section id="__emphasis_elemento_de_infraestructura_n_emphasis">
<title><emphasis>&lt;Elemento de Infraestructura n&gt;</emphasis></title>
<simpara><emphasis>&lt;diagrama + explicación&gt;</emphasis></simpara>
<simpara><?asciidoc-pagebreak?></simpara>

</section>
</section>
</chapter>
<chapter id="section-concepts">
<title>Conceptos Transversales (Cross-cutting)</title>
<section id="__emphasis_concepto_1_emphasis">
<title><emphasis>&lt;Concepto 1&gt;</emphasis></title>
<simpara><emphasis>&lt;explicación&gt;</emphasis></simpara>
</section>
<section id="__emphasis_concepto_2_emphasis">
<title><emphasis>&lt;Concepto 2&gt;</emphasis></title>
<simpara><emphasis>&lt;explicación&gt;</emphasis></simpara>
<simpara>&#8230;</simpara>
</section>
<section id="__emphasis_concepto_n_emphasis">
<title><emphasis>&lt;Concepto n&gt;</emphasis></title>
<simpara><emphasis>&lt;explicación&gt;</emphasis></simpara>
<simpara><?asciidoc-pagebreak?></simpara>

</section>
</chapter>
<chapter id="section-design-decisions">
<title>Decisiones de Diseño</title>
<simpara><?asciidoc-pagebreak?></simpara>

</chapter>
<chapter id="section-quality-scenarios">
<title>Requerimientos de Calidad</title>
<section id="__rbol_de_calidad">
<title>Árbol de Calidad</title>

</section>
<section id="_escenarios_de_calidad">
<title>Escenarios de calidad</title>
<simpara><?asciidoc-pagebreak?></simpara>

</section>
</chapter>
<chapter id="section-technical-risks">
<title>Riesgos y deuda técnica</title>
<simpara><?asciidoc-pagebreak?></simpara>

</chapter>
<chapter id="section-glossary">
<title>Glosario</title>
<informaltable frame="all"
    rowsep="1" colsep="1">
  
  <tgroup cols="2">
    
    <colspec colname="col_1" colwidth="33*"/>
    
    <colspec colname="col_2" colwidth="66*"/>
    
    
    <thead>
      
      <row>
        
        <entry align="left" valign="top">Término</entry>
        
        <entry align="left" valign="top">Definición</entry>
        
      </row>
      
    </thead>
    
    <tbody>
      
      <row>
        
        <entry align="left" valign="top"><simpara><emphasis>&lt;Término-1&gt;</emphasis></simpara></entry>
        
        <entry align="left" valign="top"><simpara><emphasis>&lt;definicion-1&gt;</emphasis></simpara></entry>
        
      </row>
      
      <row>
        
        <entry align="left" valign="top"><simpara><emphasis>&lt;Término-2&gt;</emphasis></simpara></entry>
        
        <entry align="left" valign="top"><simpara><emphasis>&lt;definicion-2&gt;</emphasis></simpara></entry>
        
      </row>
      
    </tbody>
    
  </tgroup>
</informaltable>

</chapter>
</book>