<?xml version="1.0" encoding="UTF-8"?>
<?asciidoc-toc?>
<?asciidoc-numbered?>
<book xmlns="http://docbook.org/ns/docbook" xmlns:xl="http://www.w3.org/1999/xlink" version="5.0" xml:lang="en">
<info>
<title>Plantilla <inlinemediaobject>
<imageobject>
<imagedata fileref="images/arc42-logo.png"/>
</imageobject>
<textobject><phrase>arc42</phrase></textobject>
</inlinemediaobject></title>
<date>Enero 2023</date>
<revhistory>
<revision>
<revnumber>8.2 ES</revnumber>
<date>Enero 2023</date>
<revremark>(Basado en la versión AsciiDoc)</revremark>
</revision>
</revhistory>
</info>
<preface>
<title></title>
<simpara><emphasis role="strong">Acerca de arc42</emphasis></simpara>
<simpara role="lead">arc42, La plantilla de documentación para arquitectura de sistemas y de software.</simpara>
<simpara>Por Dr. Gernot Starke, Dr. Peter Hruschka y otros contribuyentes.</simpara>
<simpara>Revisión de la plantilla: 7.0 ES (basada en asciidoc), Enero 2017</simpara>
<simpara>&#169;
Reconocemos que este documento utiliza material de la plantilla de arquitectura arc42, <link xl:href="https://www.arc42.org">https://www.arc42.org</link>.
Creada por Dr. Peter Hruschka y Dr. Gernot Starke.</simpara>
<simpara><?asciidoc-hr?></simpara>
<simpara><?asciidoc-pagebreak?></simpara>
</preface>
<chapter xml:id="section-introduction-and-goals">
<title>Introducción y Metas</title>
<section xml:id="_vista_de_requerimientos">
<title>Vista de Requerimientos</title>

</section>
<section xml:id="_metas_de_calidad">
<title>Metas de Calidad</title>

</section>
<section xml:id="_partes_interesadas_stakeholders">
<title>Partes interesadas (Stakeholders)</title>
<informaltable frame="all" rowsep="1" colsep="1">
<tgroup cols="3">
<colspec colname="col_1" colwidth="20*"/>
<colspec colname="col_2" colwidth="40*"/>
<colspec colname="col_3" colwidth="40*"/>
<thead>
<row>
<entry align="left" valign="top">Rol/Nombre</entry>
<entry align="left" valign="top">Contacto</entry>
<entry align="left" valign="top">Expectativas</entry>
</row>
</thead>
<tbody>
<row>
<entry align="left" valign="top"><simpara><emphasis>&lt;Role-1&gt;</emphasis></simpara></entry>
<entry align="left" valign="top"><simpara><emphasis>&lt;Contact-1&gt;</emphasis></simpara></entry>
<entry align="left" valign="top"><simpara><emphasis>&lt;Expectation-1&gt;</emphasis></simpara></entry>
</row>
<row>
<entry align="left" valign="top"><simpara><emphasis>&lt;Role-2&gt;</emphasis></simpara></entry>
<entry align="left" valign="top"><simpara><emphasis>&lt;Contact-2&gt;</emphasis></simpara></entry>
<entry align="left" valign="top"><simpara><emphasis>&lt;Expectation-2&gt;</emphasis></simpara></entry>
</row>
</tbody>
</tgroup>
</informaltable>
<simpara><?asciidoc-pagebreak?></simpara>
</section>
</chapter>
<chapter xml:id="section-architecture-constraints">
<title>Restricciones de la Arquitectura</title>
<simpara><?asciidoc-pagebreak?></simpara>
</chapter>
<chapter xml:id="section-context-and-scope">
<title>Alcance y Contexto del Sistema</title>
<section xml:id="_contexto_de_negocio">
<title>Contexto de Negocio</title>
<simpara><emphasis role="strong">&lt;Diagrama o Tabla&gt;</emphasis></simpara>
<simpara><emphasis role="strong">&lt;optionally: Explanation of external domain interfaces&gt;</emphasis></simpara>
</section>
<section xml:id="_contexto_técnico">
<title>Contexto Técnico</title>
<simpara><emphasis role="strong">&lt;Diagrama o Tabla&gt;</emphasis></simpara>
<simpara><emphasis role="strong">&lt;Opcional: Explicación de las interfases técnicas&gt;</emphasis></simpara>
<simpara><emphasis role="strong">&lt;Mapeo de Entrada/Salida a canales&gt;</emphasis></simpara>
<simpara><?asciidoc-pagebreak?></simpara>
</section>
</chapter>
<chapter xml:id="section-solution-strategy">
<title>Estrategia de solución</title>
<simpara><?asciidoc-pagebreak?></simpara>
</chapter>
<chapter xml:id="section-building-block-view">
<title>Vista de Bloques</title>
<section xml:id="_sistema_general_de_caja_blanca">
<title>Sistema General de Caja Blanca</title>
<simpara><emphasis><emphasis role="strong">&lt;Diagrama general&gt;</emphasis></emphasis></simpara>
<variablelist>
<varlistentry>
<term>Motivación</term>
<listitem>
<simpara><emphasis>&lt;Explicación en texto&gt;</emphasis></simpara>
</listitem>
</varlistentry>
<varlistentry>
<term>Bloques de construcción contenidos</term>
<listitem>
<simpara><emphasis>&lt;Desripción de los bloques de construcción contenidos (Cajas negras)&gt;</emphasis></simpara>
</listitem>
</varlistentry>
<varlistentry>
<term>Interfases importantes</term>
<listitem>
<simpara><emphasis>&lt;Descripción de las interfases importantes&gt;</emphasis></simpara>
</listitem>
</varlistentry>
</variablelist>
<section xml:id="_caja_negra_1">
<title>&lt;Caja Negra 1&gt;</title>
<simpara><emphasis>&lt;Propósito/Responsabilidad&gt;</emphasis></simpara>
<simpara><emphasis>&lt;Interfase(s)&gt;</emphasis></simpara>
<simpara><emphasis>&lt;(Opcional) Características de Calidad/Performance&gt;</emphasis></simpara>
<simpara><emphasis>&lt;(Opcional) Ubicación Archivo/Directorio&gt;</emphasis></simpara>
<simpara><emphasis>&lt;(Opcional) Requerimientos Satisfechos&gt;</emphasis></simpara>
<simpara><emphasis>&lt;(Opcional) Riesgos/Problemas/Incidentes Abiertos&gt;</emphasis></simpara>
</section>
<section xml:id="_caja_negra_2">
<title>&lt;Caja Negra 2&gt;</title>
<simpara><emphasis>&lt;plantilla de caja negra&gt;</emphasis></simpara>
</section>
<section xml:id="_caja_negra_n">
<title>&lt;Caja Negra N&gt;</title>
<simpara><emphasis>&lt;Plantilla de caja negra&gt;</emphasis></simpara>
</section>
<section xml:id="_interfase_1">
<title>&lt;Interfase 1&gt;</title>
<simpara>&#8230;&#8203;</simpara>
</section>
<section xml:id="_interfase_m">
<title>&lt;Interfase m&gt;</title>

</section>
</section>
<section xml:id="_nivel_2">
<title>Nivel 2</title>
<section xml:id="_caja_blanca_bloque_de_construcción_1">
<title>Caja Blanca <emphasis>&lt;bloque de construcción 1&gt;</emphasis></title>
<simpara><emphasis>&lt;plantilla de caja blanca&gt;</emphasis></simpara>
</section>
<section xml:id="_caja_blanca_bloque_de_construcción_2">
<title>Caja Blanca <emphasis>&lt;bloque de construcción 2&gt;</emphasis></title>
<simpara><emphasis>&lt;plantilla de caja blanca&gt;</emphasis></simpara>
<simpara>&#8230;&#8203;</simpara>
</section>
<section xml:id="_caja_blanca_bloque_de_construcción_m">
<title>Caja Blanca <emphasis>&lt;bloque de construcción m&gt;</emphasis></title>
<simpara><emphasis>&lt;plantilla de caja blanca&gt;</emphasis></simpara>
</section>
</section>
<section xml:id="_nivel_3">
<title>Nivel 3</title>
<section xml:id="_caja_blanca_bloque_de_construcción_x_1">
<title>Caja Blanca &lt;_bloque de construcción x.1_&gt;</title>
<simpara><emphasis>&lt;plantilla de caja blanca&gt;</emphasis></simpara>
</section>
<section xml:id="_caja_blanca_bloque_de_construcción_x_2">
<title>Caja Blanca &lt;_bloque de construcción x.2_&gt;</title>
<simpara><emphasis>&lt;plantilla de caja blanca&gt;</emphasis></simpara>
</section>
<section xml:id="_caja_blanca_bloque_de_construcción_y_1">
<title>Caja Blanca &lt;_bloque de construcción y.1_&gt;</title>
<simpara><emphasis>&lt;plantilla de caja blanca&gt;</emphasis></simpara>
<simpara><?asciidoc-pagebreak?></simpara>
</section>
</section>
</chapter>
<chapter xml:id="section-runtime-view">
<title>Vista de Ejecución</title>
<section xml:id="_escenario_de_ejecución_1">
<title>&lt;Escenario de ejecución 1&gt;</title>
<itemizedlist>
<listitem>
<simpara><emphasis>&lt;Inserte un diagrama de ejecución o la descripción del escenario&gt;</emphasis></simpara>
</listitem>
<listitem>
<simpara><emphasis>&lt;Inserte la descripción de aspectos notables de las interacciones entre los bloques de construcción mostrados en este diagrama.&gt;</emphasis></simpara>
</listitem>
</itemizedlist>
</section>
<section xml:id="_escenario_de_ejecución_2">
<title>&lt;Escenario de ejecución 2&gt;</title>

</section>
<section xml:id="">
<title>&#8230;&#8203;</title>

</section>
<section xml:id="_escenario_de_ejecución_n">
<title>&lt;Escenario de ejecución n&gt;</title>
<simpara><?asciidoc-pagebreak?></simpara>
</section>
</chapter>
<chapter xml:id="section-deployment-view">
<title>Vista de Despliegue</title>
<section xml:id="_nivel_de_infraestructura_1">
<title>Nivel de infraestructura 1</title>
<simpara><emphasis><emphasis role="strong">&lt;Diagrama General&gt;</emphasis></emphasis></simpara>
<variablelist>
<varlistentry>
<term>Motivación</term>
<listitem>
<simpara><emphasis>&lt;Explicación en forma textual&gt;</emphasis></simpara>
</listitem>
</varlistentry>
<varlistentry>
<term>Características de Calidad/Rendimiento</term>
<listitem>
<simpara><emphasis>&lt;Explicación en forma textual&gt;</emphasis></simpara>
<variablelist>
<varlistentry>
<term>Mapeo de los Bloques de Construcción a Infraestructura</term>
<listitem>
<simpara><emphasis>&lt;Descripción del mapeo&gt;</emphasis></simpara>
</listitem>
</varlistentry>
</variablelist>
</listitem>
</varlistentry>
</variablelist>
</section>
<section xml:id="_nivel_de_infraestructura_2">
<title>Nivel de Infraestructura 2</title>
<section xml:id="_elemento_de_infraestructura_1">
<title><emphasis>&lt;Elemento de Infraestructura 1&gt;</emphasis></title>
<simpara><emphasis>&lt;diagrama + explicación&gt;</emphasis></simpara>
</section>
<section xml:id="_elemento_de_infraestructura_2">
<title><emphasis>&lt;Elemento de Infraestructura 2&gt;</emphasis></title>
<simpara><emphasis>&lt;diagrama + explicación&gt;</emphasis></simpara>
<simpara>&#8230;&#8203;</simpara>
</section>
<section xml:id="_elemento_de_infraestructura_n">
<title><emphasis>&lt;Elemento de Infraestructura n&gt;</emphasis></title>
<simpara><emphasis>&lt;diagrama + explicación&gt;</emphasis></simpara>
<simpara><?asciidoc-pagebreak?></simpara>
</section>
</section>
</chapter>
<chapter xml:id="section-concepts">
<title>Conceptos Transversales (Cross-cutting)</title>
<section xml:id="_concepto_1">
<title><emphasis>&lt;Concepto 1&gt;</emphasis></title>
<simpara><emphasis>&lt;explicación&gt;</emphasis></simpara>
</section>
<section xml:id="_concepto_2">
<title><emphasis>&lt;Concepto 2&gt;</emphasis></title>
<simpara><emphasis>&lt;explicación&gt;</emphasis></simpara>
<simpara>&#8230;&#8203;</simpara>
</section>
<section xml:id="_concepto_n">
<title><emphasis>&lt;Concepto n&gt;</emphasis></title>
<simpara><emphasis>&lt;explicación&gt;</emphasis></simpara>
<simpara><?asciidoc-pagebreak?></simpara>
</section>
</chapter>
<chapter xml:id="section-design-decisions">
<title>Decisiones de Diseño</title>
<simpara><?asciidoc-pagebreak?></simpara>
</chapter>
<chapter xml:id="section-quality-scenarios">
<title>Requerimientos de Calidad</title>
<section xml:id="_árbol_de_calidad">
<title>Árbol de Calidad</title>

</section>
<section xml:id="_escenarios_de_calidad">
<title>Escenarios de calidad</title>
<simpara><?asciidoc-pagebreak?></simpara>
</section>
</chapter>
<chapter xml:id="section-technical-risks">
<title>Riesgos y deuda técnica</title>
<simpara><?asciidoc-pagebreak?></simpara>
</chapter>
<chapter xml:id="section-glossary">
<title>Glosario</title>
<informaltable frame="all" rowsep="1" colsep="1">
<tgroup cols="2">
<colspec colname="col_1" colwidth="33.3333*"/>
<colspec colname="col_2" colwidth="66.6667*"/>
<thead>
<row>
<entry align="left" valign="top">Término</entry>
<entry align="left" valign="top">Definición</entry>
</row>
</thead>
<tbody>
<row>
<entry align="left" valign="top"><simpara><emphasis>&lt;Término-1&gt;</emphasis></simpara></entry>
<entry align="left" valign="top"><simpara><emphasis>&lt;definicion-1&gt;</emphasis></simpara></entry>
</row>
<row>
<entry align="left" valign="top"><simpara><emphasis>&lt;Término-2&gt;</emphasis></simpara></entry>
<entry align="left" valign="top"><simpara><emphasis>&lt;definicion-2&gt;</emphasis></simpara></entry>
</row>
</tbody>
</tgroup>
</informaltable>
</chapter>
</book>