<?xml version="1.0" encoding="UTF-8"?>
<!DOCTYPE book PUBLIC "-//OASIS//DTD DocBook XML V4.5//EN" "http://www.oasis-open.org/docbook/xml/4.5/docbookx.dtd">
<?asciidoc-toc?>
<?asciidoc-numbered?>
<book xmlns="http://docbook.org/ns/docbook" lang="en">
<bookinfo>
<title><inlinemediaobject>
  <imageobject>
    <imagedata fileref="images/arc42-logo.png"/>
  </imageobject>
  <textobject><phrase>arc42</phrase></textobject>
</inlinemediaobject> Template</title>
<date>May 2022</date>
<revhistory>
<revision>
<revnumber>8.1 EN</revnumber>
<date>May 2022</date>

<revremark>(based upon AsciiDoc version)</revremark>
</revision>
</revhistory>



</bookinfo>
<preface>
<title></title>
<simpara><emphasis role="strong">About arc42</emphasis></simpara>
<simpara role="lead">arc42, the template for documentation of software and system architecture.</simpara>
<simpara>Template Version 8.1 EN. (based upon AsciiDoc version), May 2022</simpara>
<simpara>Created, maintained and &#169; by Dr. Peter Hruschka, Dr. Gernot Starke and contributors.
See <ulink url="https://arc42.org">https://arc42.org</ulink>.</simpara>
<simpara><?asciidoc-hr?></simpara>

<sidebar role="arc42help">
<note>
<simpara>This version of the template contains some help and explanations.
It is used for familiarization with arc42 and the understanding of the concepts.
For documentation of your own system you use better the <emphasis>plain</emphasis> version.</simpara>
</note>

</sidebar>

<simpara><?asciidoc-pagebreak?></simpara>

</preface>

<chapter id="section-introduction-and-goals">
<title>Introduction and Goals</title>
<sidebar role="arc42help">
<simpara>Describes the relevant requirements and the driving forces that software architects and development team must consider.
These include</simpara>
<itemizedlist>
<listitem>
<simpara>underlying business goals,</simpara>
</listitem>
<listitem>
<simpara>essential features,</simpara>
</listitem>
<listitem>
<simpara>essential functional requirements,</simpara>
</listitem>
<listitem>
<simpara>quality goals for the architecture and</simpara>
</listitem>
<listitem>
<simpara>relevant stakeholders and their expectations</simpara>
</listitem>
</itemizedlist>

</sidebar>

<section id="_requirements_overview">
<title>Requirements Overview</title>
<sidebar role="arc42help">
<formalpara>
<title>Contents</title>
<para>Short description of the functional requirements, driving forces, extract (or abstract)
of requirements. Link to (hopefully existing) requirements documents
(with version number and information where to find it).</para>
</formalpara>
<formalpara>
<title>Motivation</title>
<para>From the point of view of the end users a system is created or modified to
improve support of a business activity and/or improve the quality.</para>
</formalpara>
<formalpara>
<title>Form</title>
<para>Short textual description, probably in tabular use-case format.
If requirements documents exist this overview should refer to these documents.</para>
</formalpara>
<simpara>Keep these excerpts as short as possible. Balance readability of this document with potential redundancy w.r.t to requirements documents.</simpara>
<simpara>See <ulink url="https://docs.arc42.org/section-1/">Introduction and Goals</ulink> in the arc42 documentation.</simpara>
</sidebar>

</section>
<section id="_quality_goals">
<title>Quality Goals</title>
<sidebar role="arc42help">
<formalpara>
<title>Contents</title>
<para>The top three (max five) quality goals for the architecture whose fulfillment is of highest importance to the major stakeholders.
We really mean quality goals for the architecture. Don&#8217;t confuse them with project goals.
They are not necessarily identical.</para>
</formalpara>
<simpara>Consider this overview of potential topics (based upon the ISO 25010 standard):</simpara>
<figure>
  <mediaobject>
    <imageobject>
      <imagedata fileref="images/01_2_iso-25010-topics-EN.drawio.png"/>
    </imageobject>
    <textobject><phrase>Categories of Quality Requirements</phrase></textobject>
  </mediaobject>
</figure>

<formalpara>
<title>Motivation</title>
<para>You should know the quality goals of your most important stakeholders, since they will influence fundamental architectural decisions.
Make sure to be very concrete about these qualities, avoid buzzwords.
If you as an architect do not know how the quality of your work will be judged&#8230;</para>
</formalpara>
<formalpara>
<title>Form</title>
<para>A table with quality goals and concrete scenarios, ordered by priorities</para>
</formalpara>
</sidebar>

</section>
<section id="_stakeholders">
<title>Stakeholders</title>
<sidebar role="arc42help">
<formalpara>
<title>Contents</title>
<para>Explicit overview of stakeholders of the system, i.e. all person, roles or organizations that</para>
</formalpara>
<itemizedlist>
<listitem>
<simpara>should know the architecture</simpara>
</listitem>
<listitem>
<simpara>have to be convinced of the architecture</simpara>
</listitem>
<listitem>
<simpara>have to work with the architecture or with code</simpara>
</listitem>
<listitem>
<simpara>need the documentation of the architecture for their work</simpara>
</listitem>
<listitem>
<simpara>have to come up with decisions about the system or its development</simpara>
</listitem>
</itemizedlist>

<formalpara>
<title>Motivation</title>
<para>You should know all parties involved in development of the system or affected by the system.
Otherwise, you may get nasty surprises later in the development process.
These stakeholders determine the extent and the level of detail of your work and its results.</para>
</formalpara>
<formalpara>
<title>Form</title>
<para>Table with role names, person names, and their expectations with respect to the architecture and its documentation.</para>
</formalpara>
</sidebar>

<informaltable frame="all"
    rowsep="1" colsep="1">
  
  <tgroup cols="3">
    
    <colspec colname="col_1" colwidth="20*"/>
    
    <colspec colname="col_2" colwidth="40*"/>
    
    <colspec colname="col_3" colwidth="40*"/>
    
    
    <thead>
      
      <row>
        
        <entry align="left" valign="top">Role/Name</entry>
        
        <entry align="left" valign="top">Contact</entry>
        
        <entry align="left" valign="top">Expectations</entry>
        
      </row>
      
    </thead>
    
    <tbody>
      
      <row>
        
        <entry align="left" valign="top"><simpara><emphasis>&lt;Role-1&gt;</emphasis></simpara></entry>
        
        <entry align="left" valign="top"><simpara><emphasis>&lt;Contact-1&gt;</emphasis></simpara></entry>
        
        <entry align="left" valign="top"><simpara><emphasis>&lt;Expectation-1&gt;</emphasis></simpara></entry>
        
      </row>
      
      <row>
        
        <entry align="left" valign="top"><simpara><emphasis>&lt;Role-2&gt;</emphasis></simpara></entry>
        
        <entry align="left" valign="top"><simpara><emphasis>&lt;Contact-2&gt;</emphasis></simpara></entry>
        
        <entry align="left" valign="top"><simpara><emphasis>&lt;Expectation-2&gt;</emphasis></simpara></entry>
        
      </row>
      
    </tbody>
    
  </tgroup>
</informaltable>

<simpara><?asciidoc-pagebreak?></simpara>

</section>
</chapter>
<chapter id="section-architecture-constraints">
<title>Architecture Constraints</title>
<sidebar role="arc42help">
<formalpara>
<title>Contents</title>
<para>Any requirement that constraints software architects in their freedom of design and implementation decisions or decision about the development process. These constraints sometimes go beyond individual systems and are valid for whole organizations and companies.</para>
</formalpara>
<formalpara>
<title>Motivation</title>
<para>Architects should know exactly where they are free in their design decisions and where they must adhere to constraints.
Constraints must always be dealt with; they may be negotiable, though.</para>
</formalpara>
<formalpara>
<title>Form</title>
<para>Simple tables of constraints with explanations.
If needed you can subdivide them into
technical constraints, organizational and political constraints and
conventions (e.g. programming or versioning guidelines, documentation or naming conventions)</para>
</formalpara>
<simpara>See <ulink url="https://docs.arc42.org/section-2/">Architecture Constraints</ulink> in the arc42 documentation.</simpara>
</sidebar>

<simpara><?asciidoc-pagebreak?></simpara>

</chapter>
<chapter id="section-system-scope-and-context">
<title>System Scope and Context</title>
<sidebar role="arc42help">
<formalpara>
<title>Contents</title>
<para>System scope and context - as the name suggests - delimits your system (i.e. your scope) from all its communication partners
(neighboring systems and users, i.e. the context of your system). It thereby specifies the external interfaces.</para>
</formalpara>
<simpara>If necessary, differentiate the business context (domain specific inputs and outputs) from the technical context (channels, protocols, hardware).</simpara>
<formalpara>
<title>Motivation</title>
<para>The domain interfaces and technical interfaces to communication partners are among your system&#8217;s most critical aspects. Make sure that you completely understand them.</para>
</formalpara>
<formalpara>
<title>Form</title>
<para>Various options:</para>
</formalpara>
<itemizedlist>
<listitem>
<simpara>Context diagrams</simpara>
</listitem>
<listitem>
<simpara>Lists of communication partners and their interfaces.</simpara>
</listitem>
</itemizedlist>

<simpara>See <ulink url="https://docs.arc42.org/section-3/">Context and Scope</ulink> in the arc42 documentation.</simpara>
</sidebar>

<section id="_business_context">
<title>Business Context</title>
<sidebar role="arc42help">
<formalpara>
<title>Contents</title>
<para>Specification of <emphasis role="strong">all</emphasis> communication partners (users, IT-systems, &#8230;) with explanations of domain specific inputs and outputs or interfaces.
Optionally you can add domain specific formats or communication protocols.</para>
</formalpara>
<formalpara>
<title>Motivation</title>
<para>All stakeholders should understand which data are exchanged with the environment of the system.</para>
</formalpara>
<formalpara>
<title>Form</title>
<para>All kinds of diagrams that show the system as a black box and specify the domain interfaces to communication partners.</para>
</formalpara>
<simpara>Alternatively (or additionally) you can use a table.
The title of the table is the name of your system, the three columns contain the name of the communication partner, the inputs, and the outputs.</simpara>
</sidebar>

<simpara><emphasis role="strong">&lt;Diagram or Table&gt;</emphasis></simpara>
<simpara><emphasis role="strong">&lt;optionally: Explanation of external domain interfaces&gt;</emphasis></simpara>
</section>
<section id="_technical_context">
<title>Technical Context</title>
<sidebar role="arc42help">
<formalpara>
<title>Contents</title>
<para>Technical interfaces (channels and transmission media) linking your system to its environment. In addition a mapping of domain specific input/output to the channels, i.e. an explanation which I/O uses which channel.</para>
</formalpara>
<formalpara>
<title>Motivation</title>
<para>Many stakeholders make architectural decision based on the technical interfaces between the system and its context. Especially infrastructure or hardware designers decide these technical interfaces.</para>
</formalpara>
<formalpara>
<title>Form</title>
<para>E.g. UML deployment diagram describing channels to neighboring systems,
together with a mapping table showing the relationships between channels and input/output.</para>
</formalpara>
</sidebar>

<simpara><emphasis role="strong">&lt;Diagram or Table&gt;</emphasis></simpara>
<simpara><emphasis role="strong">&lt;optionally: Explanation of technical interfaces&gt;</emphasis></simpara>
<simpara><emphasis role="strong">&lt;Mapping Input/Output to Channels&gt;</emphasis></simpara>
<simpara><?asciidoc-pagebreak?></simpara>

</section>
</chapter>
<chapter id="section-solution-strategy">
<title>Solution Strategy</title>
<sidebar role="arc42help">
<formalpara>
<title>Contents</title>
<para>A short summary and explanation of the fundamental decisions and solution strategies, that shape system architecture. It includes</para>
</formalpara>
<itemizedlist>
<listitem>
<simpara>technology decisions</simpara>
</listitem>
<listitem>
<simpara>decisions about the top-level decomposition of the system, e.g. usage of an architectural pattern or design pattern</simpara>
</listitem>
<listitem>
<simpara>decisions on how to achieve key quality goals</simpara>
</listitem>
<listitem>
<simpara>relevant organizational decisions, e.g. selecting a development process or delegating certain tasks to third parties.</simpara>
</listitem>
</itemizedlist>

<formalpara>
<title>Motivation</title>
<para>These decisions form the cornerstones for your architecture. They are the foundation for many other detailed decisions or implementation rules.</para>
</formalpara>
<formalpara>
<title>Form</title>
<para>Keep the explanations of such key decisions short.</para>
</formalpara>
<simpara>Motivate what was decided and why it was decided that way,
based upon problem statement, quality goals and key constraints.
Refer to details in the following sections.</simpara>
<simpara>See <ulink url="https://docs.arc42.org/section-4/">Solution Strategy</ulink> in the arc42 documentation.</simpara>
</sidebar>

<simpara><?asciidoc-pagebreak?></simpara>

</chapter>
<chapter id="section-building-block-view">
<title>Building Block View</title>
<sidebar role="arc42help">
<formalpara>
<title>Content</title>
<para>The building block view shows the static decomposition of the system into building blocks (modules, components, subsystems, classes, interfaces, packages, libraries, frameworks, layers, partitions, tiers, functions, macros, operations, data structures, &#8230;) as well as their dependencies (relationships, associations, &#8230;)</para>
</formalpara>
<simpara>This view is mandatory for every architecture documentation.
In analogy to a house this is the <emphasis>floor plan</emphasis>.</simpara>
<formalpara>
<title>Motivation</title>
<para>Maintain an overview of your source code by making its structure understandable through
abstraction.</para>
</formalpara>
<simpara>This allows you to communicate with your stakeholder on an abstract level without disclosing implementation details.</simpara>
<formalpara>
<title>Form</title>
<para>The building block view is a hierarchical collection of black boxes and white boxes
(see figure below) and their descriptions.</para>
</formalpara>
<figure>
  <mediaobject>
    <imageobject>
      <imagedata fileref="images/05_building_blocks-EN.png"/>
    </imageobject>
    <textobject><phrase>Hierarchy of building blocks</phrase></textobject>
  </mediaobject>
</figure>

<simpara><emphasis role="strong">Level 1</emphasis> is the white box description of the overall system together with black
box descriptions of all contained building blocks.</simpara>
<simpara><emphasis role="strong">Level 2</emphasis> zooms into some building blocks of level 1.
Thus it contains the white box description of selected building blocks of level 1, together with black box descriptions of their internal building blocks.</simpara>
<simpara><emphasis role="strong">Level 3</emphasis> zooms into selected building blocks of level 2, and so on.</simpara>
<simpara>See <ulink url="https://docs.arc42.org/section-5/">Building Block View</ulink> in the arc42 documentation.</simpara>
</sidebar>

<section id="_whitebox_overall_system">
<title>Whitebox Overall System</title>
<sidebar role="arc42help">
<simpara>Here you describe the decomposition of the overall system using the following white box template. It contains</simpara>
<itemizedlist>
<listitem>
<simpara>an overview diagram</simpara>
</listitem>
<listitem>
<simpara>a motivation for the decomposition</simpara>
</listitem>
<listitem>
<simpara>black box descriptions of the contained building blocks. For these we offer you alternatives:</simpara>
<itemizedlist>
<listitem>
<simpara>use <emphasis>one</emphasis> table for a short and pragmatic overview of all contained building blocks and their interfaces</simpara>
</listitem>
<listitem>
<simpara>use a list of black box descriptions of the building blocks according to the black box template (see below).
Depending on your choice of tool this list could be sub-chapters (in text files), sub-pages (in a Wiki) or nested elements (in a modeling tool).</simpara>
</listitem>
</itemizedlist>

</listitem>
<listitem>
<simpara>(optional:) important interfaces, that are not explained in the black box templates of a building block, but are very important for understanding the white box.
Since there are so many ways to specify interfaces why do not provide a specific template for them.
 In the worst case you have to specify and describe syntax, semantics, protocols, error handling,
 restrictions, versions, qualities, necessary compatibilities and many things more.
In the best case you will get away with examples or simple signatures.</simpara>
</listitem>
</itemizedlist>

</sidebar>

<simpara><emphasis><emphasis role="strong">&lt;Overview Diagram&gt;</emphasis></emphasis></simpara>
<variablelist>
<varlistentry>
<term>Motivation</term>
<listitem>
<simpara><emphasis>&lt;text explanation&gt;</emphasis></simpara>
</listitem>
</varlistentry>
<varlistentry>
<term>Contained Building Blocks</term>
<listitem>
<simpara><emphasis>&lt;Description of contained building block (black boxes)&gt;</emphasis></simpara>
</listitem>
</varlistentry>
<varlistentry>
<term>Important Interfaces</term>
<listitem>
<simpara><emphasis>&lt;Description of important interfaces&gt;</emphasis></simpara>
</listitem>
</varlistentry>
</variablelist>

<sidebar role="arc42help">
<simpara>Insert your explanations of black boxes from level 1:</simpara>
<simpara>If you use tabular form you will only describe your black boxes with name and
responsibility according to the following schema:</simpara>
<informaltable frame="all"
    rowsep="1" colsep="1">
  
  <tgroup cols="2">
    
    <colspec colname="col_1" colwidth="33*"/>
    
    <colspec colname="col_2" colwidth="66*"/>
    
    
    <thead>
      
      <row>
        
        <entry align="left" valign="top"><emphasis role="strong">Name</emphasis></entry>
        
        <entry align="left" valign="top"><emphasis role="strong">Responsibility</emphasis></entry>
        
      </row>
      
    </thead>
    
    <tbody>
      
      <row>
        
        <entry align="left" valign="top"><simpara><emphasis>&lt;black box 1&gt;</emphasis></simpara></entry>
        
        <entry align="left" valign="top"><simpara> <emphasis>&lt;Text&gt;</emphasis></simpara></entry>
        
      </row>
      
      <row>
        
        <entry align="left" valign="top"><simpara><emphasis>&lt;black box 2&gt;</emphasis></simpara></entry>
        
        <entry align="left" valign="top"><simpara> <emphasis>&lt;Text&gt;</emphasis></simpara></entry>
        
      </row>
      
    </tbody>
    
  </tgroup>
</informaltable>

<simpara>If you use a list of black box descriptions then you fill in a separate black box template for every important building block .
Its headline is the name of the black box.</simpara>
</sidebar>

<section id="__name_black_box_1">
<title>&lt;Name black box 1&gt;</title>
<sidebar role="arc42help">
<simpara>Here you describe &lt;black box 1&gt;
according the the following black box template:</simpara>
<itemizedlist>
<listitem>
<simpara>Purpose/Responsibility</simpara>
</listitem>
<listitem>
<simpara>Interface(s), when they are not extracted as separate paragraphs. This interfaces may include qualities and performance characteristics.</simpara>
</listitem>
<listitem>
<simpara>(Optional) Quality-/Performance characteristics of the black box, e.g.availability, run time behavior, &#8230;.</simpara>
</listitem>
<listitem>
<simpara>(Optional) directory/file location</simpara>
</listitem>
<listitem>
<simpara>(Optional) Fulfilled requirements (if you need traceability to requirements).</simpara>
</listitem>
<listitem>
<simpara>(Optional) Open issues/problems/risks</simpara>
</listitem>
</itemizedlist>

</sidebar>

<simpara><emphasis>&lt;Purpose/Responsibility&gt;</emphasis></simpara>
<simpara><emphasis>&lt;Interface(s)&gt;</emphasis></simpara>
<simpara><emphasis>&lt;(Optional) Quality/Performance Characteristics&gt;</emphasis></simpara>
<simpara><emphasis>&lt;(Optional) Directory/File Location&gt;</emphasis></simpara>
<simpara><emphasis>&lt;(Optional) Fulfilled Requirements&gt;</emphasis></simpara>
<simpara><emphasis>&lt;(optional) Open Issues/Problems/Risks&gt;</emphasis></simpara>
</section>
<section id="__name_black_box_2">
<title>&lt;Name black box 2&gt;</title>
<simpara><emphasis>&lt;black box template&gt;</emphasis></simpara>
</section>
<section id="__name_black_box_n">
<title>&lt;Name black box n&gt;</title>
<simpara><emphasis>&lt;black box template&gt;</emphasis></simpara>
</section>
<section id="__name_interface_1">
<title>&lt;Name interface 1&gt;</title>
<simpara>&#8230;</simpara>
</section>
<section id="__name_interface_m">
<title>&lt;Name interface m&gt;</title>

</section>
</section>
<section id="_level_2">
<title>Level 2</title>
<sidebar role="arc42help">
<simpara>Here you can specify the inner structure of (some) building blocks from level 1 as white boxes.</simpara>
<simpara>You have to decide which building blocks of your system are important enough to justify such a detailed description.
Please prefer relevance over completeness. Specify important, surprising, risky, complex or volatile building blocks.
Leave out normal, simple, boring or standardized parts of your system</simpara>
</sidebar>

<section id="_white_box_emphasis_building_block_1_emphasis">
<title>White Box <emphasis>&lt;building block 1&gt;</emphasis></title>
<sidebar role="arc42help">
<simpara>&#8230;describes the internal structure of <emphasis>building block 1</emphasis>.</simpara>
</sidebar>

<simpara><emphasis>&lt;white box template&gt;</emphasis></simpara>
</section>
<section id="_white_box_emphasis_building_block_2_emphasis">
<title>White Box <emphasis>&lt;building block 2&gt;</emphasis></title>
<simpara><emphasis>&lt;white box template&gt;</emphasis></simpara>
<simpara>&#8230;</simpara>
</section>
<section id="_white_box_emphasis_building_block_m_emphasis">
<title>White Box <emphasis>&lt;building block m&gt;</emphasis></title>
<simpara><emphasis>&lt;white box template&gt;</emphasis></simpara>
</section>
</section>
<section id="_level_3">
<title>Level 3</title>
<sidebar role="arc42help">
<simpara>Here you can specify the inner structure of (some) building blocks from level 2 as white boxes.</simpara>
<simpara>When you need more detailed levels of your architecture please copy this
part of arc42 for additional levels.</simpara>
</sidebar>

<section id="_white_box_building_block_x_1">
<title>White Box &lt;_building block x.1_&gt;</title>
<sidebar role="arc42help">
<simpara>Specifies the internal structure of <emphasis>building block x.1</emphasis>.</simpara>
</sidebar>

<simpara><emphasis>&lt;white box template&gt;</emphasis></simpara>
</section>
<section id="_white_box_building_block_x_2">
<title>White Box &lt;_building block x.2_&gt;</title>
<simpara><emphasis>&lt;white box template&gt;</emphasis></simpara>
</section>
<section id="_white_box_building_block_y_1">
<title>White Box &lt;_building block y.1_&gt;</title>
<simpara><emphasis>&lt;white box template&gt;</emphasis></simpara>
<simpara><?asciidoc-pagebreak?></simpara>

</section>
</section>
</chapter>
<chapter id="section-runtime-view">
<title>Runtime View</title>
<sidebar role="arc42help">
<formalpara>
<title>Contents</title>
<para>The runtime view describes concrete behavior and interactions of the system’s building blocks in form of scenarios from the following areas:</para>
</formalpara>
<itemizedlist>
<listitem>
<simpara>important use cases or features: how do building blocks execute them?</simpara>
</listitem>
<listitem>
<simpara>interactions at critical external interfaces: how do building blocks cooperate with users and neighboring systems?</simpara>
</listitem>
<listitem>
<simpara>operation and administration: launch, start-up, stop</simpara>
</listitem>
<listitem>
<simpara>error and exception scenarios</simpara>
</listitem>
</itemizedlist>

<simpara>Remark: The main criterion for the choice of possible scenarios (sequences, workflows) is their <emphasis role="strong">architectural relevance</emphasis>. It is <emphasis role="strong">not</emphasis> important to describe a large number of scenarios. You should rather document a representative selection.</simpara>
<formalpara>
<title>Motivation</title>
<para>You should understand how (instances of) building blocks of your system perform their job and communicate at runtime.
You will mainly capture scenarios in your documentation to communicate your architecture to stakeholders that are less willing or able to read and understand the static models (building block view, deployment view).</para>
</formalpara>
<formalpara>
<title>Form</title>
<para>There are many notations for describing scenarios, e.g.</para>
</formalpara>
<itemizedlist>
<listitem>
<simpara>numbered list of steps (in natural language)</simpara>
</listitem>
<listitem>
<simpara>activity diagrams or flow charts</simpara>
</listitem>
<listitem>
<simpara>sequence diagrams</simpara>
</listitem>
<listitem>
<simpara>BPMN or EPCs (event process chains)</simpara>
</listitem>
<listitem>
<simpara>state machines</simpara>
</listitem>
<listitem>
<simpara>&#8230;</simpara>
</listitem>
</itemizedlist>

<simpara>See <ulink url="https://docs.arc42.org/section-6/">Runtime View</ulink> in the arc42 documentation.</simpara>
</sidebar>

<section id="__runtime_scenario_1">
<title>&lt;Runtime Scenario 1&gt;</title>
<itemizedlist>
<listitem>
<simpara><emphasis>&lt;insert runtime diagram or textual description of the scenario&gt;</emphasis></simpara>
</listitem>
<listitem>
<simpara><emphasis>&lt;insert description of the notable aspects of the interactions between the
building block instances depicted in this diagram.&gt;</emphasis></simpara>
</listitem>
</itemizedlist>

</section>
<section id="__runtime_scenario_2">
<title>&lt;Runtime Scenario 2&gt;</title>

</section>
<section id="_">
<title>&#8230;</title>

</section>
<section id="__runtime_scenario_n">
<title>&lt;Runtime Scenario n&gt;</title>
<simpara><?asciidoc-pagebreak?></simpara>

</section>
</chapter>
<chapter id="section-deployment-view">
<title>Deployment View</title>
<sidebar role="arc42help">
<formalpara>
<title>Content</title>
<para>The deployment view describes:</para>
</formalpara>
<orderedlist numeration="arabic">
<listitem>
<simpara>technical infrastructure used to execute your system, with infrastructure elements like geographical locations, environments, computers, processors, channels and net topologies as well as other infrastructure elements and</simpara>
</listitem>
<listitem>
<simpara>mapping of (software) building blocks to that infrastructure elements.</simpara>
</listitem>
</orderedlist>

<simpara>Often systems are executed in different environments, e.g. development environment, test environment, production environment. In such cases you should document all relevant environments.</simpara>
<simpara>Especially document a deployment view if your software is executed as distributed system with more than one computer, processor, server or container or when you design and construct your own hardware processors and chips.</simpara>
<simpara>From a software perspective it is sufficient to capture only those elements of an infrastructure that are needed to show a deployment of your building blocks. Hardware architects can go beyond that and describe an infrastructure to any level of detail they need to capture.</simpara>
<formalpara>
<title>Motivation</title>
<para>Software does not run without hardware.
This underlying infrastructure can and will influence a system and/or some
cross-cutting concepts. Therefore, there is a need to know the infrastructure.</para>
</formalpara>
<simpara>Maybe a highest level deployment diagram is already contained in section 3.2. as
technical context with your own infrastructure as ONE black box. In this section one can
zoom into this black box using additional deployment diagrams:</simpara>
<itemizedlist>
<listitem>
<simpara>UML offers deployment diagrams to express that view. Use it, probably with nested diagrams,
when your infrastructure is more complex.</simpara>
</listitem>
<listitem>
<simpara>When your (hardware) stakeholders prefer other kinds of diagrams rather than a deployment diagram, let them use any kind that is able to show nodes and channels of the infrastructure.</simpara>
</listitem>
</itemizedlist>

<simpara>See <ulink url="https://docs.arc42.org/section-7/">Deployment View</ulink> in the arc42 documentation.</simpara>
</sidebar>

<section id="_infrastructure_level_1">
<title>Infrastructure Level 1</title>
<sidebar role="arc42help">
<simpara>Describe (usually in a combination of diagrams, tables, and text):</simpara>
<itemizedlist>
<listitem>
<simpara>distribution of a system to multiple locations, environments, computers, processors, .., as well as physical connections between them</simpara>
</listitem>
<listitem>
<simpara>important justifications or motivations for this deployment structure</simpara>
</listitem>
<listitem>
<simpara>quality and/or performance features of this infrastructure</simpara>
</listitem>
<listitem>
<simpara>mapping of software artifacts to elements of this infrastructure</simpara>
</listitem>
</itemizedlist>

<simpara>For multiple environments or alternative deployments please copy and adapt this section of arc42 for all relevant environments.</simpara>
</sidebar>

<simpara><emphasis><emphasis role="strong">&lt;Overview Diagram&gt;</emphasis></emphasis></simpara>
<variablelist>
<varlistentry>
<term>Motivation</term>
<listitem>
<simpara><emphasis>&lt;explanation in text form&gt;</emphasis></simpara>
</listitem>
</varlistentry>
<varlistentry>
<term>Quality and/or Performance Features</term>
<listitem>
<simpara><emphasis>&lt;explanation in text form&gt;</emphasis></simpara>
</listitem>
</varlistentry>
<varlistentry>
<term>Mapping of Building Blocks to Infrastructure</term>
<listitem>
<simpara><emphasis>&lt;description of the mapping&gt;</emphasis></simpara>
</listitem>
</varlistentry>
</variablelist>

</section>
<section id="_infrastructure_level_2">
<title>Infrastructure Level 2</title>
<sidebar role="arc42help">
<simpara>Here you can include the internal structure of (some) infrastructure elements from level 1.</simpara>
<simpara>Please copy the structure from level 1 for each selected element.</simpara>
</sidebar>

<section id="__emphasis_infrastructure_element_1_emphasis">
<title><emphasis>&lt;Infrastructure Element 1&gt;</emphasis></title>
<simpara><emphasis>&lt;diagram + explanation&gt;</emphasis></simpara>
</section>
<section id="__emphasis_infrastructure_element_2_emphasis">
<title><emphasis>&lt;Infrastructure Element 2&gt;</emphasis></title>
<simpara><emphasis>&lt;diagram + explanation&gt;</emphasis></simpara>
<simpara>&#8230;</simpara>
</section>
<section id="__emphasis_infrastructure_element_n_emphasis">
<title><emphasis>&lt;Infrastructure Element n&gt;</emphasis></title>
<simpara><emphasis>&lt;diagram + explanation&gt;</emphasis></simpara>
<simpara><?asciidoc-pagebreak?></simpara>

</section>
</section>
</chapter>
<chapter id="section-concepts">
<title>Cross-cutting Concepts</title>
<sidebar role="arc42help">
<formalpara>
<title>Content</title>
<para>This section describes overall, principal regulations and solution ideas that are relevant in multiple parts (= cross-cutting) of your system.
Such concepts are often related to multiple building blocks.
They can include many different topics, such as</para>
</formalpara>
<itemizedlist>
<listitem>
<simpara>models, especially domain models</simpara>
</listitem>
<listitem>
<simpara>architecture or design patterns</simpara>
</listitem>
<listitem>
<simpara>rules for using specific technology</simpara>
</listitem>
<listitem>
<simpara>principal, often technical decisions of an overarching (= cross-cutting) nature</simpara>
</listitem>
<listitem>
<simpara>implementation rules</simpara>
</listitem>
</itemizedlist>

<formalpara>
<title>Motivation</title>
<para>Concepts form the basis for <emphasis>conceptual integrity</emphasis> (consistency, homogeneity) of the architecture.
Thus, they are an important contribution to achieve inner qualities of your system.</para>
</formalpara>
<simpara>Some of these concepts cannot be assigned to individual building blocks, e.g. security or safety.</simpara>
<formalpara>
<title>Form</title>
<para>The form can be varied:</para>
</formalpara>
<itemizedlist>
<listitem>
<simpara>concept papers with any kind of structure</simpara>
</listitem>
<listitem>
<simpara>cross-cutting model excerpts or scenarios using notations of the architecture views</simpara>
</listitem>
<listitem>
<simpara>sample implementations, especially for technical concepts</simpara>
</listitem>
<listitem>
<simpara>reference to typical usage of standard frameworks (e.g. using Hibernate for object/relational mapping)</simpara>
</listitem>
</itemizedlist>

<formalpara>
<title>Structure</title>
<para>A potential (but not mandatory) structure for this section could be:</para>
</formalpara>
<itemizedlist>
<listitem>
<simpara>Domain concepts</simpara>
</listitem>
<listitem>
<simpara>User Experience concepts (UX)</simpara>
</listitem>
<listitem>
<simpara>Safety and security concepts</simpara>
</listitem>
<listitem>
<simpara>Architecture and design patterns</simpara>
</listitem>
<listitem>
<simpara>"Under-the-hood"</simpara>
</listitem>
<listitem>
<simpara>development concepts</simpara>
</listitem>
<listitem>
<simpara>operational concepts</simpara>
</listitem>
</itemizedlist>

<simpara>Note: it might be difficult to assign individual concepts to one specific topic
on this list.</simpara>
<figure>
  <mediaobject>
    <imageobject>
      <imagedata fileref="images/08-Crosscutting-Concepts-Structure-EN.png"/>
    </imageobject>
    <textobject><phrase>Possible topics for crosscutting concepts</phrase></textobject>
  </mediaobject>
</figure>

<simpara>See <ulink url="https://docs.arc42.org/section-8/">Concepts</ulink> in the arc42 documentation.</simpara>
</sidebar>

<section id="__emphasis_concept_1_emphasis">
<title><emphasis>&lt;Concept 1&gt;</emphasis></title>
<simpara><emphasis>&lt;explanation&gt;</emphasis></simpara>
</section>
<section id="__emphasis_concept_2_emphasis">
<title><emphasis>&lt;Concept 2&gt;</emphasis></title>
<simpara><emphasis>&lt;explanation&gt;</emphasis></simpara>
<simpara>&#8230;</simpara>
</section>
<section id="__emphasis_concept_n_emphasis">
<title><emphasis>&lt;Concept n&gt;</emphasis></title>
<simpara><emphasis>&lt;explanation&gt;</emphasis></simpara>
<simpara><?asciidoc-pagebreak?></simpara>

</section>
</chapter>
<chapter id="section-design-decisions">
<title>Architecture Decisions</title>
<sidebar role="arc42help">
<formalpara>
<title>Contents</title>
<para>Important, expensive, large scale or risky architecture decisions including rationales.
With "decisions" we mean selecting one alternative based on given criteria.</para>
</formalpara>
<simpara>Please use your judgement to decide whether an architectural decision should be documented
here in this central section or whether you better document it locally
(e.g. within the white box template of one building block).</simpara>
<simpara>Avoid redundancy.
Refer to section 4, where you already captured the most important decisions of your architecture.</simpara>
<formalpara>
<title>Motivation</title>
<para>Stakeholders of your system should be able to comprehend and retrace your decisions.</para>
</formalpara>
<formalpara>
<title>Form</title>
<para>Various options:</para>
</formalpara>
<itemizedlist>
<listitem>
<simpara>ADR (<ulink url="https://cognitect.com/blog/2011/11/15/documenting-architecture-decisions">Documenting Architecture Decisions</ulink>) for every important decision</simpara>
</listitem>
<listitem>
<simpara>List or table, ordered by importance and consequences or:</simpara>
</listitem>
<listitem>
<simpara>more detailed in form of separate sections per decision</simpara>
</listitem>
</itemizedlist>

<simpara>See <ulink url="https://docs.arc42.org/section-9/">Architecture Decisions</ulink> in the arc42 documentation.
There you will find links and examples about ADR.</simpara>
</sidebar>

<simpara><?asciidoc-pagebreak?></simpara>

</chapter>
<chapter id="section-quality-scenarios">
<title>Quality Requirements</title>
<sidebar role="arc42help">
<formalpara>
<title>Content</title>
<para>This section contains all quality requirements as quality tree with scenarios. The most important ones have already been described in section 1.2. (quality goals)</para>
</formalpara>
<simpara>Here you can also capture quality requirements with lesser priority,
which will not create high risks when they are not fully achieved.</simpara>
<formalpara>
<title>Motivation</title>
<para>Since quality requirements will have a lot of influence on architectural
decisions you should know for every stakeholder what is really important to them,
concrete and measurable.</para>
</formalpara>
<simpara>See <ulink url="https://docs.arc42.org/section-10/">Quality Requirements</ulink> in the arc42 documentation.</simpara>
</sidebar>

<section id="_quality_tree">
<title>Quality Tree</title>
<sidebar role="arc42help">
<formalpara>
<title>Content</title>
<para>The quality tree (as defined in ATAM – Architecture Tradeoff Analysis Method) with quality/evaluation scenarios as leafs.</para>
</formalpara>
<formalpara>
<title>Motivation</title>
<para>The tree structure with priorities provides an overview for a sometimes large number of quality requirements.</para>
</formalpara>
<formalpara>
<title>Form</title>
<para>The quality tree is a high-level overview of the quality goals and requirements:</para>
</formalpara>
<itemizedlist>
<listitem>
<simpara>tree-like refinement of the term "quality". Use "quality" or "usefulness" as a root</simpara>
</listitem>
<listitem>
<simpara>a mind map with quality categories as main branches</simpara>
</listitem>
</itemizedlist>

<simpara>In any case the tree should include links to the scenarios of the following section.</simpara>
</sidebar>

</section>
<section id="_quality_scenarios">
<title>Quality Scenarios</title>
<sidebar role="arc42help">
<formalpara>
<title>Contents</title>
<para>Concretization of (sometimes vague or implicit) quality requirements using (quality) scenarios.</para>
</formalpara>
<simpara>These scenarios describe what should happen when a stimulus arrives at the system.</simpara>
<simpara>For architects, two kinds of scenarios are important:</simpara>
<itemizedlist>
<listitem>
<simpara>Usage scenarios (also called application scenarios or use case scenarios) describe the system’s runtime reaction to a certain stimulus. This also includes scenarios that describe the system’s efficiency or performance. Example: The system reacts to a user’s request within one second.</simpara>
</listitem>
<listitem>
<simpara>Change scenarios describe a modification of the system or of its immediate environment. Example: Additional functionality is implemented or requirements for a quality attribute change.</simpara>
</listitem>
</itemizedlist>

<formalpara>
<title>Motivation</title>
<para>Scenarios make quality requirements concrete and allow to
more easily measure or decide whether they are fulfilled.</para>
</formalpara>
<simpara>Especially when you want to assess your architecture using methods like
ATAM you need to describe your quality goals (from section 1.2)
more precisely down to a level of scenarios that can be discussed and evaluated.</simpara>
<formalpara>
<title>Form</title>
<para>Tabular or free form text.</para>
</formalpara>
</sidebar>

<simpara><?asciidoc-pagebreak?></simpara>

</section>
</chapter>
<chapter id="section-technical-risks">
<title>Risks and Technical Debts</title>
<sidebar role="arc42help">
<formalpara>
<title>Contents</title>
<para>A list of identified technical risks or technical debts, ordered by priority</para>
</formalpara>
<formalpara>
<title>Motivation</title>
<para>“Risk management is project management for grown-ups” (Tim Lister, Atlantic Systems Guild.)</para>
</formalpara>
<simpara>This should be your motto for systematic detection and evaluation of risks and technical debts in the architecture, which will be needed by management stakeholders (e.g. project managers, product owners) as part of the overall risk analysis and measurement planning.</simpara>
<formalpara>
<title>Form</title>
<para>List of risks and/or technical debts, probably including suggested measures to minimize, mitigate or avoid risks or reduce technical debts.</para>
</formalpara>
<simpara>See <ulink url="https://docs.arc42.org/section-11/">Risks and Technical Debt</ulink> in the arc42 documentation.</simpara>
</sidebar>

<simpara><?asciidoc-pagebreak?></simpara>

</chapter>
<chapter id="section-glossary">
<title>Glossary</title>
<sidebar role="arc42help">
<formalpara>
<title>Contents</title>
<para>The most important domain and technical terms that your stakeholders use when discussing the system.</para>
</formalpara>
<simpara>You can also see the glossary as source for translations if you work in multi-language teams.</simpara>
<formalpara>
<title>Motivation</title>
<para>You should clearly define your terms, so that all stakeholders</para>
</formalpara>
<itemizedlist>
<listitem>
<simpara>have an identical understanding of these terms</simpara>
</listitem>
<listitem>
<simpara>do not use synonyms and homonyms</simpara>
</listitem>
</itemizedlist>

<itemizedlist>
<title>Form</title>
<listitem>
<simpara>A table with columns &lt;Term&gt; and &lt;Definition&gt;.</simpara>
</listitem>
<listitem>
<simpara>Potentially more columns in case you need translations.</simpara>
</listitem>
</itemizedlist>

<simpara>See <ulink url="https://docs.arc42.org/section-12/">Glossary</ulink> in the arc42 documentation.</simpara>
</sidebar>

<informaltable frame="all"
    rowsep="1" colsep="1">
  
  <tgroup cols="2">
    
    <colspec colname="col_1" colwidth="33*"/>
    
    <colspec colname="col_2" colwidth="66*"/>
    
    
    <thead>
      
      <row>
        
        <entry align="left" valign="top">Term</entry>
        
        <entry align="left" valign="top">Definition</entry>
        
      </row>
      
    </thead>
    
    <tbody>
      
      <row>
        
        <entry align="left" valign="top"><simpara><emphasis>&lt;Term-1&gt;</emphasis></simpara></entry>
        
        <entry align="left" valign="top"><simpara><emphasis>&lt;definition-1&gt;</emphasis></simpara></entry>
        
      </row>
      
      <row>
        
        <entry align="left" valign="top"><simpara><emphasis>&lt;Term-2&gt;</emphasis></simpara></entry>
        
        <entry align="left" valign="top"><simpara><emphasis>&lt;definition-2&gt;</emphasis></simpara></entry>
        
      </row>
      
    </tbody>
    
  </tgroup>
</informaltable>

</chapter>
</book>