<?xml version="1.0" encoding="UTF-8"?>
<!DOCTYPE book PUBLIC "-//OASIS//DTD DocBook XML V4.5//EN" "http://www.oasis-open.org/docbook/xml/4.5/docbookx.dtd">
<?asciidoc-toc?>
<?asciidoc-numbered?>
<book xmlns="http://docbook.org/ns/docbook" lang="en">
<bookinfo>
<title>Modelo <inlinemediaobject>
  <imageobject>
    <imagedata fileref="images/arc42-logo.png"/>
  </imageobject>
  <textobject><phrase>arc42</phrase></textobject>
</inlinemediaobject></title>
<date>Setembro de 2024</date>
<revhistory>
<revision>
<revnumber>8.2 PT</revnumber>
<date>Setembro de 2024</date>

<revremark>(baseado na versão AsciiDoc)</revremark>
</revision>
</revhistory>



</bookinfo>
<preface>
<title></title>
<simpara><emphasis role="strong">Sobre o arc42</emphasis></simpara>
<simpara role="lead">arc42, o template para documentação de software e arquitetura de sistemas.</simpara>
<simpara>Versão do template 8.2 PT. (baseado na versão AsciiDoc), Setembro de 2024</simpara>
<simpara>Criado, mantido e &#169; pelo Dr. Peter Hruschka, Dr. Gernot Starke e colaboradores.
Veja <ulink url="https://arc42.org">https://arc42.org</ulink>.</simpara>
<simpara><?asciidoc-hr?></simpara>

<sidebar role="arc42help">
<note>
<simpara>Esta versão do modelo contém algumas ajudas e explicações.
É usada para familiarização com arc42 e compreensão dos conceitos.
Para a documentação do seu próprio sistema, é melhor usar a versão <emphasis>plain</emphasis>.</simpara>
</note>

</sidebar>

<simpara><?asciidoc-pagebreak?></simpara>

</preface>

<chapter id="section-introduction-and-goals">
<title>Introdução e Objetivos</title>
<sidebar role="arc42help">
<simpara>Descreve os requisitos relevantes e as forças motrizes que os arquitetos de software e a equipe de desenvolvimento devem considerar.
Isso inclui</simpara>
<itemizedlist>
<listitem>
<simpara>objetivos de negócios subjacentes,</simpara>
</listitem>
<listitem>
<simpara>recursos essenciais,</simpara>
</listitem>
<listitem>
<simpara>requisitos funcionais essenciais,</simpara>
</listitem>
<listitem>
<simpara>objetivos de qualidade para a arquitetura e</simpara>
</listitem>
<listitem>
<simpara>partes interessadas relevantes e suas expectativas</simpara>
</listitem>
</itemizedlist>

</sidebar>

<section id="_vis_o_geral_dos_requisitos">
<title>Visão Geral dos Requisitos</title>
<sidebar role="arc42help">
<formalpara>
<title>Conteúdo</title>
<para>Descrição curta dos requisitos funcionais, forças motrizes, excerto (ou resumo)
dos requisitos. Link para (esperançosamente existentes) documentos de requisitos
(com número da versão e informações sobre onde encontrá-lo).</para>
</formalpara>
<formalpara>
<title>Motivação</title>
<para>Do ponto de vista dos usuários finais, um sistema é criado ou modificado para
melhorar o suporte e/ou melhorar a qualidade de uma atividade negocial.</para>
</formalpara>
<formalpara>
<title>Forma</title>
<para>Descrição textual curta, provavelmente em formato tabular de casos de uso.
Se existirem documentos de requisitos, esta visão geral deve se referir a esses documentos.</para>
</formalpara>
<simpara>Mantenha esses trechos o mais curtos possível. Equilibre a legibilidade deste documento com a redundância potencial em relação aos documentos de requisitos.</simpara>
<simpara>Consulte <ulink url="https://docs.arc42.org/section-1/">Introduction and Goals</ulink> na documentação do arc42.</simpara>
</sidebar>

</section>
<section id="_objetivos_de_qualidade">
<title>Objetivos de Qualidade</title>
<sidebar role="arc42help">
<formalpara>
<title>Conteúdo</title>
<para>Os três principais (máx. cinco) objetivos de qualidade para a arquitetura cujo cumprimento é de maior importância para as principais partes interessadas.
Nós realmente queremos dizer objetivos de qualidade para a arquitetura. Não os confunda com objetivos de projeto.
Eles não são necessariamente idênticos.</para>
</formalpara>
<simpara>Considere esta visão geral de tópicos potenciais (com base no padrão ISO 25010):</simpara>
<figure>
  <mediaobject>
    <imageobject>
      <imagedata fileref="images/01_2_iso-25010-topics-EN.drawio.png"/>
    </imageobject>
    <textobject><phrase>Categorias de Requisitos de Qualidade</phrase></textobject>
  </mediaobject>
</figure>

<formalpara>
<title>Motivação</title>
<para>Você deve saber os objetivos de qualidade de suas partes interessadas mais importantes, pois elas influenciarão decisões arquiteturais fundamentais.
Certifique-se de ser muito concreto sobre essas qualidades, evite chavões.
Se você, como arquiteto, não sabe como a qualidade do seu trabalho será julgada&#8230;</para>
</formalpara>
<formalpara>
<title>Forma</title>
<para>Uma tabela com objetivos de qualidade e cenários concretos, ordenados por prioridades</para>
</formalpara>
</sidebar>

</section>
<section id="_partes_interessadas">
<title>Partes Interessadas</title>
<sidebar role="arc42help">
<formalpara>
<title>Conteúdo</title>
<para>Visão geral explícita das partes interessadas do sistema, ou seja, todas as pessoas, funções ou organizações que</para>
</formalpara>
<itemizedlist>
<listitem>
<simpara>devem conhecer a arquitetura</simpara>
</listitem>
<listitem>
<simpara>precisam ser convencidas da arquitetura</simpara>
</listitem>
<listitem>
<simpara>precisam trabalhar com a arquitetura ou com código</simpara>
</listitem>
<listitem>
<simpara>precisam da documentação da arquitetura para seu trabalho</simpara>
</listitem>
<listitem>
<simpara>precisam tomar decisões sobre o sistema ou seu desenvolvimento</simpara>
</listitem>
</itemizedlist>

<formalpara>
<title>Motivação</title>
<para>Você deve conhecer todas as partes envolvidas no desenvolvimento do sistema ou afetadas pelo sistema.
Caso contrário, você pode ter surpresas desagradáveis ​​mais tarde no processo de desenvolvimento.
Essas partes interessadas determinam a extensão e o nível de detalhes do seu trabalho e seus resultados.</para>
</formalpara>
<formalpara>
<title>Forma</title>
<para>Tabela com nomes de funções, nomes de pessoas e suas expectativas com relação à arquitetura e sua documentação.</para>
</formalpara>
</sidebar>

<informaltable frame="all"
    rowsep="1" colsep="1">
  
  <tgroup cols="3">
    
    <colspec colname="col_1" colwidth="20*"/>
    
    <colspec colname="col_2" colwidth="40*"/>
    
    <colspec colname="col_3" colwidth="40*"/>
    
    
    <thead>
      
      <row>
        
        <entry align="left" valign="top">Função/Nome</entry>
        
        <entry align="left" valign="top">Contato</entry>
        
        <entry align="left" valign="top">Expectativas</entry>
        
      </row>
      
    </thead>
    
    <tbody>
      
      <row>
        
        <entry align="left" valign="top"><simpara><emphasis>&lt;Função-1&gt;</emphasis></simpara></entry>
        
        <entry align="left" valign="top"><simpara><emphasis>&lt;Contato-1&gt;</emphasis></simpara></entry>
        
        <entry align="left" valign="top"><simpara><emphasis>&lt;Expectativa-1&gt;</emphasis></simpara></entry>
        
      </row>
      
      <row>
        
        <entry align="left" valign="top"><simpara><emphasis>&lt;Função-2&gt;</emphasis></simpara></entry>
        
        <entry align="left" valign="top"><simpara><emphasis>&lt;Contato-2&gt;</emphasis></simpara></entry>
        
        <entry align="left" valign="top"><simpara><emphasis>&lt;Expectativa-2&gt;</emphasis></simpara></entry>
        
      </row>
      
    </tbody>
    
  </tgroup>
</informaltable>

<simpara><?asciidoc-pagebreak?></simpara>

</section>
</chapter>
<chapter id="section-architecture-constraints">
<title>Restrições Arquiteturais</title>
<sidebar role="arc42help">
<formalpara>
<title>Conteúdo</title>
<para>Qualquer requisito que restrinja arquitetos de software em sua liberdade de decisões de design e implementação ou decisão sobre o processo de desenvolvimento. Essas restrições às vezes vão além de sistemas individuais e são válidas para organizações e empresas inteiras.</para>
</formalpara>
<formalpara>
<title>Motivação</title>
<para>Arquitetos devem saber exatamente onde são livres em suas decisões de design e onde devem aderir às restrições.
Restrições devem sempre ser tratadas; elas podem ser negociáveis, no entanto.</para>
</formalpara>
<formalpara>
<title>Forma</title>
<para>Tabelas simples de restrições com explicações.
Se necessário, você pode subdividi-las em
restrições técnicas, restrições organizacionais e políticas e
convenções (por exemplo, diretrizes de programação ou controle de versão, convenções de documentação ou nomenclatura)</para>
</formalpara>
<simpara>Consulte <ulink url="https://docs.arc42.org/section-2/">Architecture Constraints</ulink> na documentação do arc42.</simpara>
</sidebar>

<simpara><?asciidoc-pagebreak?></simpara>

</chapter>
<chapter id="section-context-and-scope">
<title>Contexto e Escopo</title>
<sidebar role="arc42help">
<formalpara>
<title>Conteúdo</title>
<para>Contexto e escopo - como o nome sugere - delimita seu sistema (ou seja, seu escopo) de todos os seus parceiros de comunicação
(sistemas e usuários vizinhos, ou seja, o contexto do seu sistema). Ele especifica, portanto, as interfaces externas.</para>
</formalpara>
<simpara>Se necessário, diferencie o contexto de negócios (entradas e saídas específicas do domínio) do contexto técnico (canais, protocolos, hardware).</simpara>
<formalpara>
<title>Motivação</title>
<para>As interfaces de domínio e as interfaces técnicas para parceiros de comunicação estão entre os aspectos mais críticos do seu sistema. Certifique-se de entendê-las completamente.</para>
</formalpara>
<formalpara>
<title>Forma</title>
<para>Várias opções:</para>
</formalpara>
<itemizedlist>
<listitem>
<simpara>Diagramas de contexto</simpara>
</listitem>
<listitem>
<simpara>Listas de parceiros de comunicação e suas interfaces.</simpara>
</listitem>
</itemizedlist>

<simpara>Consulte <ulink url="https://docs.arc42.org/section-3/">Context and Scope</ulink> na documentação do arc42.</simpara>
</sidebar>

<section id="_contexto_negocial">
<title>Contexto Negocial</title>
<sidebar role="arc42help">
<formalpara>
<title>Conteúdo</title>
<para>Especificação de <emphasis role="strong">todos</emphasis> os parceiros de comunicação (usuários, sistemas de TI, &#8230;) com explicações de entradas e saídas ou interfaces específicas do domínio.
Opcionalmente, você pode adicionar formatos específicos do domínio ou protocolos de comunicação.</para>
</formalpara>
<formalpara>
<title>Motivação</title>
<para>Todas as partes interessadas devem entender quais dados são trocados com o ambiente do sistema.</para>
</formalpara>
<formalpara>
<title>Forma</title>
<para>Todos os tipos de diagramas que mostram o sistema como uma caixa preta e especificam as interfaces de domínio para os parceiros de comunicação.</para>
</formalpara>
<simpara>Como alternativa (ou adicionalmente), você pode usar uma tabela.
O título da tabela é o nome do seu sistema, as três colunas contêm o nome do parceiro de comunicação, as entradas e as saídas.</simpara>
</sidebar>

<simpara><emphasis role="strong">&lt;Diagrama ou Tabela&gt;</emphasis></simpara>
<simpara><emphasis role="strong">&lt;opcionalmente: Explicação das interfaces de domínio externo&gt;</emphasis></simpara>
</section>
<section id="_contexto_t_cnico">
<title>Contexto Técnico</title>
<sidebar role="arc42help">
<formalpara>
<title>Conteúdo</title>
<para>Interfaces técnicas (canais e mídias de transmissão) que vinculam seu sistema ao seu ambiente. Além disso, um mapeamento de entrada/saída específica de domínio para os canais, ou seja, uma explicação de qual E/S usa qual canal.</para>
</formalpara>
<formalpara>
<title>Motivação</title>
<para>Muitas partes interessadas tomam decisões arquiteturais com base nas interfaces técnicas entre o sistema e seu contexto. Especialmente os designers de infraestrutura ou hardware decidem essas interfaces técnicas.</para>
</formalpara>
<formalpara>
<title>Forma</title>
<para>Por exemplo, diagrama de implantação UML descrevendo canais para sistemas vizinhos,
junto com uma tabela de mapeamento mostrando os relacionamentos entre canais e entrada/saída.</para>
</formalpara>
</sidebar>

<simpara><emphasis role="strong">&lt;Diagrama ou Tabela&gt;</emphasis></simpara>
<simpara><emphasis role="strong">&lt;opcionalmente: Explicação das interfaces técnicas&gt;</emphasis></simpara>
<simpara><emphasis role="strong">&lt;Mapeamento de entrada/saída para canais&gt;</emphasis></simpara>
<simpara><?asciidoc-pagebreak?></simpara>

</section>
</chapter>
<chapter id="section-solution-strategy">
<title>Estratégia de Solução</title>
<sidebar role="arc42help">
<formalpara>
<title>Conteúdo</title>
<para>Um breve resumo e explicação das decisões fundamentais e estratégias de solução que moldam a arquitetura do sistema. Inclui</para>
</formalpara>
<itemizedlist>
<listitem>
<simpara>decisões de tecnologia</simpara>
</listitem>
<listitem>
<simpara>decisões sobre a decomposição de nível superior do sistema, por exemplo, uso de um padrão arquitetural ou <emphasis>design pattern</emphasis></simpara>
</listitem>
<listitem>
<simpara>decisões sobre como atingir as principais metas de qualidade</simpara>
</listitem>
<listitem>
<simpara>decisões organizacionais relevantes, por exemplo, selecionar um processo de desenvolvimento ou delegar certas tarefas a terceiros.</simpara>
</listitem>
</itemizedlist>

<formalpara>
<title>Motivação</title>
<para>Essas decisões formam os pilares da sua arquitetura. Elas são a base para muitas outras decisões detalhadas ou regras de implementação.</para>
</formalpara>
<formalpara>
<title>Forma</title>
<para>Mantenha as explicações dessas decisões-chave curtas.</para>
</formalpara>
<simpara>Motive o que foi decidido e por que foi decidido dessa forma,
com base na declaração do problema, metas de qualidade e principais restrições.
Consulte os detalhes nas seções a seguir.</simpara>
<simpara>Consulte <ulink url="https://docs.arc42.org/section-4/">Solution Strategy</ulink> na documentação do arc42.</simpara>
</sidebar>

<simpara><?asciidoc-pagebreak?></simpara>

</chapter>
<chapter id="section-building-block-view">
<title>Visão de Blocos de Construção</title>
<sidebar role="arc42help">
<formalpara>
<title>Conteúdo</title>
<para>A visão de blocos de construção mostra a decomposição estática do sistema em blocos de construção (módulos, componentes, subsistemas, classes, interfaces, pacotes, bibliotecas, frameworks, camadas, partições, níveis, funções, macros, operações, estruturas de dados, &#8230;) bem como suas dependências (relacionamentos, associações, &#8230;)</para>
</formalpara>
<simpara>Esta visão é obrigatória para toda documentação de arquitetura.
Em analogia a uma casa, esta é a <emphasis>planta baixa</emphasis>.</simpara>
<formalpara>
<title>Motivação</title>
<para>Mantenha uma visão geral do seu código-fonte tornando sua estrutura compreensível por meio de
abstração.</para>
</formalpara>
<simpara>Isso permite que você se comunique com suas partes interessadas em um nível abstrato sem revelar detalhes de implementação.</simpara>
<formalpara>
<title>Forma</title>
<para>A visão de blocos de construção é uma coleção hierárquica de caixas pretas e caixas brancas
(veja a figura abaixo) e suas descrições.</para>
</formalpara>
<figure>
  <mediaobject>
    <imageobject>
      <imagedata fileref="images/05_building_blocks-EN.png"/>
    </imageobject>
    <textobject><phrase>Hierarquia de blocos de construção</phrase></textobject>
  </mediaobject>
</figure>

<simpara><emphasis role="strong">Nível 1</emphasis> é a descrição da caixa branca do sistema geral, juntamente com descrições
de caixa preta de todos os blocos de construção contidos.</simpara>
<simpara><emphasis role="strong">Nível 2</emphasis> amplia alguns blocos de construção do nível 1.
Portanto, ele contém a descrição da caixa branca dos blocos de construção selecionados do nível 1, juntamente com descrições de caixa preta de seus blocos de construção internos.</simpara>
<simpara><emphasis role="strong">Nível 3</emphasis> amplia os blocos de construção selecionados do nível 2, e assim por diante.</simpara>
<simpara>Consulte <ulink url="https://docs.arc42.org/section-5/">Building Block View</ulink> na documentação do arc42.</simpara>
</sidebar>

<section id="_vis_o_sist_mica_geral_de_caixa_branca">
<title>Visão Sistêmica Geral de Caixa Branca</title>
<sidebar role="arc42help">
<simpara>Aqui você descreve a decomposição geral do sistema usando o seguinte modelo de caixa branca. Ele contém</simpara>
<itemizedlist>
<listitem>
<simpara>um diagrama de visão geral</simpara>
</listitem>
<listitem>
<simpara>uma motivação para a decomposição</simpara>
</listitem>
<listitem>
<simpara>descrições de caixa preta dos blocos de construção contidos. Para isso, oferecemos alternativas:</simpara>
<itemizedlist>
<listitem>
<simpara>use <emphasis>uma</emphasis> tabela para uma visão geral curta e pragmática de todos os blocos de construção contidos e suas interfaces</simpara>
</listitem>
<listitem>
<simpara>use uma lista de descrições de caixa preta dos blocos de construção de acordo com o modelo de caixa preta (veja abaixo).
Dependendo da sua escolha de ferramenta, esta lista pode ser subcapítulos (em arquivos de texto), subpáginas (em um Wiki) ou elementos aninhados (em uma ferramenta de modelagem).</simpara>
</listitem>
</itemizedlist>

</listitem>
<listitem>
<simpara>(opcional:) interfaces importantes, que não são explicadas nos modelos de caixa preta de um bloco de construção, mas são muito importantes para entender a caixa branca.
Já que há tantas maneiras de especificar interfaces, por que não fornecer um modelo específico para elas?
No pior caso, você tem que especificar e descrever sintaxe, semântica, protocolos, tratamento de erros,
restrições, versões, qualidades, compatibilidades necessárias e muito mais.
Na melhor das hipóteses, você conseguirá usar exemplos ou assinaturas simples.</simpara>
</listitem>
</itemizedlist>

</sidebar>

<simpara><emphasis><emphasis role="strong">&lt;Diagrama de Visão Geral&gt;</emphasis></emphasis></simpara>
<variablelist>
<varlistentry>
<term>Motivação</term>
<listitem>
<simpara><emphasis>&lt;explicação textual&gt;</emphasis></simpara>
</listitem>
</varlistentry>
<varlistentry>
<term>Blocos de Construção Contidos</term>
<listitem>
<simpara><emphasis>&lt;Descrição dos blocos de construção contidos (caixas pretas)&gt;</emphasis></simpara>
</listitem>
</varlistentry>
<varlistentry>
<term>Interfaces Importantes</term>
<listitem>
<simpara><emphasis>&lt;Descrição de interfaces importantes&gt;</emphasis></simpara>
</listitem>
</varlistentry>
</variablelist>

<sidebar role="arc42help">
<simpara>Insira suas explicações de caixas pretas do nível 1:</simpara>
<simpara>Se você usar a forma tabular, você descreverá apenas suas caixas pretas com nome e
responsabilidade de acordo com o seguinte esquema:</simpara>
<informaltable frame="all"
    rowsep="1" colsep="1">
  
  <tgroup cols="2">
    
    <colspec colname="col_1" colwidth="33*"/>
    
    <colspec colname="col_2" colwidth="66*"/>
    
    
    <thead>
      
      <row>
        
        <entry align="left" valign="top"><emphasis role="strong">Nome</emphasis></entry>
        
        <entry align="left" valign="top"><emphasis role="strong">Responsabilidade</emphasis></entry>
        
      </row>
      
    </thead>
    
    <tbody>
      
      <row>
        
        <entry align="left" valign="top"><simpara><emphasis>&lt;caixa preta 1&gt;</emphasis></simpara></entry>
        
        <entry align="left" valign="top"><simpara><emphasis>&lt;Texto&gt;</emphasis></simpara></entry>
        
      </row>
      
      <row>
        
        <entry align="left" valign="top"><simpara><emphasis>&lt;caixa preta 2&gt;</emphasis></simpara></entry>
        
        <entry align="left" valign="top"><simpara><emphasis>&lt;Texto&gt;</emphasis></simpara></entry>
        
      </row>
      
    </tbody>
    
  </tgroup>
</informaltable>

<simpara>Se você usar uma lista de descrições de caixa preta, então você preenche um modelo de caixa preta separado para cada bloco de construção importante.
Seu título é o nome da caixa preta.</simpara>
</sidebar>

<section id="__nome_caixa_preta_1">
<title>&lt;Nome Caixa Preta 1&gt;</title>
<sidebar role="arc42help">
<simpara>Aqui você descreve &lt;caixa preta 1&gt;
de acordo com o seguinte modelo de caixa preta:</simpara>
<itemizedlist>
<listitem>
<simpara>Propósito/Responsabilidade</simpara>
</listitem>
<listitem>
<simpara>Interface(s), quando não são extraídas como parágrafos separados. Essas interfaces podem incluir qualidades e características de desempenho.</simpara>
</listitem>
<listitem>
<simpara>(Opcional) Características de qualidade/desempenho da caixa preta, por exemplo, disponibilidade, comportamento de tempo de execução, &#8230;.</simpara>
</listitem>
<listitem>
<simpara>(Opcional) Local do diretório/arquivo</simpara>
</listitem>
<listitem>
<simpara>(Opcional) Requisitos atendidos (se você precisar de rastreabilidade para requisitos).</simpara>
</listitem>
<listitem>
<simpara>(Opcional) Problemas/questões/riscos abertos</simpara>
</listitem>
</itemizedlist>

</sidebar>

<simpara><emphasis>&lt;Propósito/Responsabilidade&gt;</emphasis></simpara>
<simpara><emphasis>&lt;Interface(s)&gt;</emphasis></simpara>
<simpara><emphasis>&lt;(Opcional) Características de Qualidade/Desempenho&gt;</emphasis></simpara>
<simpara><emphasis>&lt;(Opcional) Local do Diretório/Arquivo&gt;</emphasis></simpara>
<simpara><emphasis>&lt;(Opcional) Requisitos Cumpridos&gt;</emphasis></simpara>
<simpara><emphasis>&lt;(opcional) Problemas/Riscos Abertos&gt;</emphasis></simpara>
</section>
<section id="__nome_caixa_preta_2">
<title>&lt;Nome Caixa Preta 2&gt;</title>
<simpara><emphasis>&lt;modelo de caixa preta&gt;</emphasis></simpara>
</section>
<section id="__nome_caixa_preta_n">
<title>&lt;Nome Caixa Preta n&gt;</title>
<simpara><emphasis>&lt;modelo de caixa preta&gt;</emphasis></simpara>
</section>
<section id="__nome_interface_1">
<title>&lt;Nome Interface 1&gt;</title>
<simpara>&#8230;</simpara>
</section>
<section id="__nome_interface_m">
<title>&lt;Nome Interface m&gt;</title>

</section>
</section>
<section id="_n_vel_2">
<title>Nível 2</title>
<sidebar role="arc42help">
<simpara>Aqui você pode especificar a estrutura interna de (alguns) blocos de construção do nível 1 como caixas brancas.</simpara>
<simpara>Você tem que decidir quais blocos de construção do seu sistema são importantes o suficiente para justificar uma descrição tão detalhada.
Por favor, prefira relevância à completude. Especifique blocos de construção importantes, surpreendentes, arriscados, complexos ou voláteis.
Deixe de fora partes normais, simples, chatas ou padronizadas do seu sistema</simpara>
</sidebar>

<section id="_caixa_branca_emphasis_bloco_de_constru_o_1_emphasis">
<title>Caixa Branca <emphasis>&lt;Bloco de Construção 1&gt;</emphasis></title>
<sidebar role="arc42help">
<simpara>&#8230;descreve a estrutura interna do <emphasis>bloco de construção 1</emphasis>.</simpara>
</sidebar>

<simpara><emphasis>&lt;modelo de caixa branca&gt;</emphasis></simpara>
</section>
<section id="_caixa_branca_emphasis_bloco_de_constru_o_2_emphasis">
<title>Caixa Branca <emphasis>&lt;Bloco de Construção 2&gt;</emphasis></title>
<simpara><emphasis>&lt;modelo de caixa branca&gt;</emphasis></simpara>
<simpara>&#8230;</simpara>
</section>
<section id="_caixa_branca_emphasis_bloco_de_constru_o_m_emphasis">
<title>Caixa Branca <emphasis>&lt;Bloco de Construção m&gt;</emphasis></title>
<simpara><emphasis>&lt;modelo de caixa branca&gt;</emphasis></simpara>
</section>
</section>
<section id="_n_vel_3">
<title>Nível 3</title>
<sidebar role="arc42help">
<simpara>Aqui você pode especificar a estrutura interna de (alguns) blocos de construção do nível 2 como caixas brancas.</simpara>
<simpara>Quando precisar de níveis mais detalhados de sua arquitetura, copie esta
parte do arc42 para níveis adicionais.</simpara>
</sidebar>

<section id="_caixa_branca_bloco_de_constru_o_x_1">
<title>Caixa Branca &lt;_Bloco de Construção x.1_&gt;</title>
<sidebar role="arc42help">
<simpara>Especifica a estrutura interna do <emphasis>bloco de construção x.1</emphasis>.</simpara>
</sidebar>

<simpara><emphasis>&lt;modelo de caixa branca&gt;</emphasis></simpara>
</section>
<section id="_caixa_branca_bloco_de_constru_o_x_2">
<title>Caixa Branca &lt;_Bloco de Construção x.2_&gt;</title>
<simpara><emphasis>&lt;modelo de caixa branca&gt;</emphasis></simpara>
</section>
<section id="_caixa_branca_bloco_de_constru_o_y_1">
<title>Caixa Branca &lt;_Bloco de Construção y.1_&gt;</title>
<simpara><emphasis>&lt;modelo de caixa branca&gt;</emphasis></simpara>
<simpara><?asciidoc-pagebreak?></simpara>

</section>
</section>
</chapter>
<chapter id="section-runtime-view">
<title>Visão de Tempo de Execução</title>
<sidebar role="arc42help">
<formalpara>
<title>Conteúdo</title>
<para>A visão de tempo de execução descreve o comportamento concreto e as interações dos blocos de construção do sistema na forma de cenários das seguintes áreas:</para>
</formalpara>
<itemizedlist>
<listitem>
<simpara>casos de uso ou recursos importantes: como os blocos de construção os executam?</simpara>
</listitem>
<listitem>
<simpara>interações em interfaces externas críticas: como os blocos de construção cooperam com os usuários e sistemas vizinhos?</simpara>
</listitem>
<listitem>
<simpara>operação e administração: lançamento, inicialização, parada</simpara>
</listitem>
<listitem>
<simpara>cenários de erro e exceção</simpara>
</listitem>
</itemizedlist>

<simpara>Observação: O principal critério para a escolha de cenários possíveis (sequências, fluxos de trabalho) é sua <emphasis role="strong">relevância arquitetural</emphasis>. <emphasis role="strong">Não</emphasis> é importante descrever um grande número de cenários. Você deve documentar uma seleção representativa.</simpara>
<formalpara>
<title>Motivação</title>
<para>Você deve entender como (instâncias de) blocos de construção do seu sistema realizam seu trabalho e se comunicam em tempo de execução.
Você capturará principalmente cenários em sua documentação para comunicar sua arquitetura às partes interessadas que estão menos dispostas ou capazes de ler e entender os modelos estáticos (visão de bloco de construção, visão de implantação).</para>
</formalpara>
<formalpara>
<title>Forma</title>
<para>Há muitas notações para descrever cenários, por exemplo,</para>
</formalpara>
<itemizedlist>
<listitem>
<simpara>lista numerada de etapas (em linguagem natural)</simpara>
</listitem>
<listitem>
<simpara>diagramas de atividade ou fluxogramas</simpara>
</listitem>
<listitem>
<simpara>diagramas de sequência</simpara>
</listitem>
<listitem>
<simpara>BPMN ou EPCs (cadeias de processos de eventos)</simpara>
</listitem>
<listitem>
<simpara>máquinas de estado</simpara>
</listitem>
<listitem>
<simpara>&#8230;</simpara>
</listitem>
</itemizedlist>

<simpara>Consulte <ulink url="https://docs.arc42.org/section-6/">Runtime View</ulink> na documentação do arc42.</simpara>
</sidebar>

<section id="__cen_rio_de_tempo_de_execu_o_1">
<title>&lt;Cenário de Tempo de Execução 1&gt;</title>
<itemizedlist>
<listitem>
<simpara><emphasis>&lt;inserir diagrama de tempo de execução ou descrição textual do cenário&gt;</emphasis></simpara>
</listitem>
<listitem>
<simpara><emphasis>&lt;inserir descrição dos aspectos notáveis ​​das interações entre as
instâncias do bloco de construção descritas neste diagrama.&gt;</emphasis></simpara>
</listitem>
</itemizedlist>

</section>
<section id="__cen_rio_de_tempo_de_execu_o_2">
<title>&lt;Cenário de Tempo de Execução 2&gt;</title>

</section>
<section id="_">
<title>&#8230;</title>

</section>
<section id="__cen_rio_de_tempo_de_execu_o_n">
<title>&lt;Cenário de Tempo de Execução n&gt;</title>
<simpara><?asciidoc-pagebreak?></simpara>

</section>
</chapter>
<chapter id="section-deployment-view">
<title>Visão de Implantação</title>
<sidebar role="arc42help">
<formalpara>
<title>Conteúdo</title>
<para>A visão de implantação descreve:</para>
</formalpara>
<orderedlist numeration="arabic">
<listitem>
<simpara>infraestrutura técnica usada para executar seu sistema, com elementos de infraestrutura como localizações geográficas, ambientes, computadores, processadores, canais e topologias de rede, bem como outros elementos de infraestrutura e</simpara>
</listitem>
<listitem>
<simpara>mapeamento de blocos de construção (de software) para esses elementos de infraestrutura.</simpara>
</listitem>
</orderedlist>

<simpara>Frequentemente, os sistemas são executados em ambientes diferentes, por exemplo, ambiente de desenvolvimento, ambiente de teste, ambiente de produção. Nesses casos, você deve documentar todos os ambientes relevantes.</simpara>
<simpara>Documente especialmente uma visão de implantação se seu software for executado como um sistema distribuído com mais de um computador, processador, servidor ou contêiner ou quando você projeta e constrói seus próprios processadores e chips de hardware.</simpara>
<simpara>De uma perspectiva de software, é suficiente capturar apenas os elementos de uma infraestrutura que são necessários para mostrar uma implantação de seus blocos de construção. Arquitetos de hardware podem ir além disso e descrever uma infraestrutura em qualquer nível de detalhe que precisem capturar.</simpara>
<formalpara>
<title>Motivação</title>
<para>O software não roda sem hardware.
Essa infraestrutura subjacente pode e influenciará um sistema e/ou alguns
conceitos transversais. Portanto, é necessário conhecer a infraestrutura.</para>
</formalpara>
<simpara>Talvez um diagrama de implantação de nível mais alto já esteja contido na seção 3.2. como
contexto técnico com sua própria infraestrutura como UMA caixa preta. Nesta seção, pode-se
ampliar esta caixa preta usando diagramas de implantação adicionais:</simpara>
<itemizedlist>
<listitem>
<simpara>UML oferece diagramas de implantação para expressar essa visão. Use-o, provavelmente com diagramas aninhados,
quando sua infraestrutura for mais complexa.</simpara>
</listitem>
<listitem>
<simpara>Quando suas partes interessadas (de hardware) preferirem outros tipos de diagramas em vez de um diagrama de implantação, deixe-os usar qualquer tipo que seja capaz de mostrar nós e canais da infraestrutura.</simpara>
</listitem>
</itemizedlist>

<simpara>Consulte <ulink url="https://docs.arc42.org/section-7/">Deployment View</ulink> na documentação do arc42.</simpara>
</sidebar>

<section id="_n_vel_de_infraestrutura_1">
<title>Nível de Infraestrutura 1</title>
<sidebar role="arc42help">
<simpara>Descreva (geralmente em uma combinação de diagramas, tabelas e texto):</simpara>
<itemizedlist>
<listitem>
<simpara>distribuição de um sistema para vários locais, ambientes, computadores, processadores, .., bem como conexões físicas entre eles</simpara>
</listitem>
<listitem>
<simpara>justificativas ou motivações importantes para esta estrutura de implantação</simpara>
</listitem>
<listitem>
<simpara>recursos de qualidade e/ou desempenho desta infraestrutura</simpara>
</listitem>
<listitem>
<simpara>mapeamento de artefatos de software para elementos desta infraestrutura</simpara>
</listitem>
</itemizedlist>

<simpara>Para vários ambientes ou implantações alternativas, copie e adapte esta seção do arc42 para todos os ambientes relevantes.</simpara>
</sidebar>

<simpara><emphasis><emphasis role="strong">&lt;Diagrama de Visão Geral&gt;</emphasis></emphasis></simpara>
<variablelist>
<varlistentry>
<term>Motivação</term>
<listitem>
<simpara><emphasis>&lt;explicação em forma de texto&gt;</emphasis></simpara>
</listitem>
</varlistentry>
<varlistentry>
<term>Características de Qualidade e/ou Desempenho</term>
<listitem>
<simpara><emphasis>&lt;explicação em forma de texto&gt;</emphasis></simpara>
</listitem>
</varlistentry>
<varlistentry>
<term>Mapeamento de Blocos de Construção para Infraestrutura</term>
<listitem>
<simpara><emphasis>&lt;descrição do mapeamento&gt;</emphasis></simpara>
</listitem>
</varlistentry>
</variablelist>

</section>
<section id="_n_vel_de_infraestrutura_2">
<title>Nível de Infraestrutura 2</title>
<sidebar role="arc42help">
<simpara>Aqui você pode incluir a estrutura interna de (alguns) elementos de infraestrutura do nível 1.</simpara>
<simpara>Copie a estrutura do nível 1 para cada elemento selecionado.</simpara>
</sidebar>

<section id="__emphasis_elemento_de_infraestrutura_1_emphasis">
<title><emphasis>&lt;Elemento de Infraestrutura 1&gt;</emphasis></title>
<simpara><emphasis>&lt;diagrama + explicação&gt;</emphasis></simpara>
</section>
<section id="__emphasis_elemento_de_infraestrutura_2_emphasis">
<title><emphasis>&lt;Elemento de Infraestrutura 2&gt;</emphasis></title>
<simpara><emphasis>&lt;diagrama + explicação&gt;</emphasis></simpara>
<simpara>&#8230;</simpara>
</section>
<section id="__emphasis_elemento_de_infraestrutura_n_emphasis">
<title><emphasis>&lt;Elemento de Infraestrutura n&gt;</emphasis></title>
<simpara><emphasis>&lt;diagrama + explicação&gt;</emphasis></simpara>
<simpara><?asciidoc-pagebreak?></simpara>

</section>
</section>
</chapter>
<chapter id="section-concepts">
<title>Conceitos Transversais</title>
<sidebar role="arc42help">
<formalpara>
<title>Conteúdo</title>
<para>Esta seção descreve globalmente, as principais regulamentações e ideias de soluções que são relevantes em várias partes (= transversais) do seu sistema.
Esses conceitos geralmente estão relacionados a vários blocos de construção.
Eles podem incluir muitos tópicos diferentes, como</para>
</formalpara>
<itemizedlist>
<listitem>
<simpara>modelos, especialmente modelos de domínio</simpara>
</listitem>
<listitem>
<simpara>padrões de arquitetura ou <emphasis>design patterns</emphasis></simpara>
</listitem>
<listitem>
<simpara>regras para usar tecnologia específica</simpara>
</listitem>
<listitem>
<simpara>principais decisões, geralmente técnicas, de natureza abrangente (= transversais)</simpara>
</listitem>
<listitem>
<simpara>regras de implementação</simpara>
</listitem>
</itemizedlist>

<formalpara>
<title>Motivação</title>
<para>Os conceitos formam a base para a <emphasis>integridade conceitual</emphasis> (consistência, homogeneidade) da arquitetura.
Portanto, eles são uma contribuição importante para atingir as qualidades internas do seu sistema.</para>
</formalpara>
<simpara>Alguns desses conceitos não podem ser atribuídos a blocos de construção individuais, por exemplo segurança ou proteção.</simpara>
<formalpara>
<title>Forma</title>
<para>A forma pode ser variada:</para>
</formalpara>
<itemizedlist>
<listitem>
<simpara>documentos conceituais com qualquer tipo de estrutura</simpara>
</listitem>
<listitem>
<simpara>trechos ou cenários de modelos transversais usando notações das visualizações de arquitetura</simpara>
</listitem>
<listitem>
<simpara>amostra de implementações, especialmente para conceitos técnicos</simpara>
</listitem>
<listitem>
<simpara>referência ao uso típico de <emphasis>frameworks</emphasis> padrão (por exemplo, usando Hibernate para mapeamento de objeto/relacional)</simpara>
</listitem>
</itemizedlist>

<formalpara>
<title>Estrutura</title>
<para>Uma estrutura potencial (mas não obrigatória) para esta seção poderia ser:</para>
</formalpara>
<itemizedlist>
<listitem>
<simpara>Conceitos de domínio</simpara>
</listitem>
<listitem>
<simpara>Conceitos de Experiência do Usuário (UX)</simpara>
</listitem>
<listitem>
<simpara>Conceitos de proteção e segurança</simpara>
</listitem>
<listitem>
<simpara>Padrões de arquitetura e <emphasis>design patterns</emphasis></simpara>
</listitem>
<listitem>
<simpara>Estruturas internas</simpara>
</listitem>
<listitem>
<simpara>Conceitos de desenvolvimento</simpara>
</listitem>
<listitem>
<simpara>Conceitos operacionais</simpara>
</listitem>
</itemizedlist>

<simpara>Observação: pode ser difícil atribuir conceitos individuais a um tópico específico
nesta lista.</simpara>
<figure>
  <mediaobject>
    <imageobject>
      <imagedata fileref="images/08-Crosscutting-Concepts-Structure-EN.png"/>
    </imageobject>
    <textobject><phrase>Tópicos possíveis para conceitos transversais</phrase></textobject>
  </mediaobject>
</figure>

<simpara>Veja <ulink url="https://docs.arc42.org/section-8/">Concepts</ulink> na documentação do arc42.</simpara>
</sidebar>

<section id="__emphasis_conceito_1_emphasis">
<title><emphasis>&lt;Conceito 1&gt;</emphasis></title>
<simpara><emphasis>&lt;explicação&gt;</emphasis></simpara>
</section>
<section id="__emphasis_conceito_2_emphasis">
<title><emphasis>&lt;Conceito 2&gt;</emphasis></title>
<simpara><emphasis>&lt;explicação&gt;</emphasis></simpara>
<simpara>&#8230;</simpara>
</section>
<section id="__emphasis_conceito_n_emphasis">
<title><emphasis>&lt;Conceito n&gt;</emphasis></title>
<simpara><emphasis>&lt;explicação&gt;</emphasis></simpara>
<simpara><?asciidoc-pagebreak?></simpara>

</section>
</chapter>
<chapter id="section-design-decisions">
<title>Decisões Arquiteturais</title>
<sidebar role="arc42help">
<formalpara>
<title>Conteúdo</title>
<para>Decisões arquiteturais importantes, caras, de grande escala ou arriscadas, incluindo justificativas.
Com "decisões", queremos dizer selecionar uma alternativa com base em critérios fornecidos.</para>
</formalpara>
<simpara>Use seu julgamento para decidir se uma decisão de arquitetura deve ser documentada
aqui nesta seção central ou se é melhor documentá-la localmente
(por exemplo, dentro do modelo de caixa branca de um bloco de construção).</simpara>
<simpara>Evite redundância.
Consulte a seção 4, onde você já capturou as decisões mais importantes da sua arquitetura.</simpara>
<formalpara>
<title>Motivação</title>
<para>As partes interessadas do seu sistema devem ser capazes de compreender e refazer suas decisões.</para>
</formalpara>
<formalpara>
<title>Forma</title>
<para>Várias opções:</para>
</formalpara>
<itemizedlist>
<listitem>
<simpara>ADR (Architecture Decision Record) (<ulink url="https://cognitect.com/blog/2011/11/15/documenting-architecture-decisions">Documentando Decisões de Arquitetura</ulink>) para cada decisão importante</simpara>
</listitem>
<listitem>
<simpara>Lista ou tabela, ordenada por importância e consequências ou:</simpara>
</listitem>
<listitem>
<simpara>mais detalhada em forma de seções separadas por decisão</simpara>
</listitem>
</itemizedlist>

<simpara>Veja <ulink url="https://docs.arc42.org/section-9/">Architecture Decisions</ulink> na documentação do arc42.
Lá você encontrará links e exemplos sobre ADR.</simpara>
</sidebar>

<simpara><?asciidoc-pagebreak?></simpara>

</chapter>
<chapter id="section-quality-scenarios">
<title>Requisitos de qualidade</title>
<sidebar role="arc42help">
<formalpara>
<title>Conteúdo</title>
<para>Esta seção contém todos os requisitos de qualidade como árvore de qualidade com cenários. Os mais importantes já foram descritos na seção 1.2. (objetivos de qualidade)</para>
</formalpara>
<simpara>Aqui você também pode capturar requisitos de qualidade com menor prioridade,
que não criarão altos riscos quando não forem totalmente alcançados.</simpara>
<formalpara>
<title>Motivação</title>
<para>Como os requisitos de qualidade terão muita influência nas decisões arquiteturais,
você deve saber para cada parte interessada o que é realmente importante para eles,
concreto e mensurável.</para>
</formalpara>
<simpara>Veja <ulink url="https://docs.arc42.org/section-10/">Quality Requirements</ulink> na documentação do arc42.</simpara>
</sidebar>

<section id="__rvore_de_qualidade">
<title>Árvore de qualidade</title>
<sidebar role="arc42help">
<formalpara>
<title>Conteúdo</title>
<para>A árvore de qualidade (conforme definido no ATAM – Architecture Tradeoff Analysis Method) com cenários de qualidade/avaliação como folhas.</para>
</formalpara>
<formalpara>
<title>Motivação</title>
<para>A estrutura de árvore com prioridades fornece uma visão geral para um número às vezes grande de requisitos de qualidade.</para>
</formalpara>
<formalpara>
<title>Forma</title>
<para>A árvore de qualidade é uma visão geral de alto nível das metas e requisitos de qualidade:</para>
</formalpara>
<itemizedlist>
<listitem>
<simpara>refinamento em forma de árvore do termo "qualidade". Use "qualidade" ou "utilidade" como raiz</simpara>
</listitem>
<listitem>
<simpara>um mapa mental com categorias de qualidade como ramos principais</simpara>
</listitem>
</itemizedlist>

<simpara>Em qualquer caso, a árvore deve incluir links para os cenários da seção a seguir.</simpara>
</sidebar>

</section>
<section id="_cen_rios_de_qualidade">
<title>Cenários de Qualidade</title>
<sidebar role="arc42help">
<formalpara>
<title>Conteúdo</title>
<para>Concretização de requisitos de qualidade (às vezes vagos ou implícitos) usando cenários (de qualidade).</para>
</formalpara>
<simpara>Esses cenários descrevem o que deve acontecer quando um estímulo chega ao sistema.</simpara>
<simpara>Para arquitetos, dois tipos de cenários são importantes:</simpara>
<itemizedlist>
<listitem>
<simpara>Cenários de uso (também chamados de cenários de aplicação ou cenários de caso de uso) descrevem a reação do tempo de execução do sistema a um determinado estímulo. Isso também inclui cenários que descrevem a eficiência ou o desempenho do sistema. Exemplo: O sistema reage à solicitação de um usuário em um segundo.</simpara>
</listitem>
<listitem>
<simpara>Cenários de mudança descrevem uma modificação do sistema ou de seu ambiente imediato. Exemplo: Funcionalidade adicional é implementada ou requisitos para um atributo de qualidade mudam.</simpara>
</listitem>
</itemizedlist>

<formalpara>
<title>Motivação</title>
<para>Os cenários tornam os requisitos de qualidade concretos e permitem
medir ou decidir mais facilmente se eles são atendidos.</para>
</formalpara>
<simpara>Especialmente quando você quer avaliar sua arquitetura usando métodos como
ATAM você precisa descrever suas metas de qualidade (da seção 1.2)
mais precisamente até um nível de cenários que podem ser discutidos e avaliados.</simpara>
<formalpara>
<title>Form</title>
<para>Tabular ou texto livre.</para>
</formalpara>
</sidebar>

<simpara><?asciidoc-pagebreak?></simpara>

</section>
</chapter>
<chapter id="section-technical-risks">
<title>Riscos e Débitos Técnicos</title>
<sidebar role="arc42help">
<formalpara>
<title>Conteúdo</title>
<para>Uma lista de riscos técnicos identificados ou débitos técnicos, ordenadas por prioridade</para>
</formalpara>
<formalpara>
<title>Motivação</title>
<para>“Gerenciamento de riscos é gerenciamento de projetos para adultos” (Tim Lister, Atlantic Systems Guild.)</para>
</formalpara>
<simpara>Este deve ser seu lema para detecção e avaliação sistemáticas de riscos e débitos técnicos na arquitetura, que serão necessárias para as partes interessadas da gerência (por exemplo, gerentes de projeto, proprietários de produtos) como parte da análise geral de riscos e planejamento de medição.</simpara>
<formalpara>
<title>Forma</title>
<para>Lista de riscos e/ou débitos técnicos, provavelmente incluindo medidas sugeridas para minimizar, mitigar ou evitar riscos ou reduzir débitos técnicos.</para>
</formalpara>
<simpara>Veja <ulink url="https://docs.arc42.org/section-11/">Risks and Technical Debt</ulink> na documentação do arc42.</simpara>
</sidebar>

<simpara><?asciidoc-pagebreak?></simpara>

</chapter>
<chapter id="section-glossary">
<title>Glossário</title>
<sidebar role="arc42help">
<formalpara>
<title>Conteúdo</title>
<para>Os termos técnicos e de domínio mais importantes que suas partes interessadas usam ao discutir o sistema.</para>
</formalpara>
<simpara>Você também pode ver o glossário como fonte para traduções se trabalhar em equipes multilíngues.</simpara>
<formalpara>
<title>Motivação</title>
<para>Você deve definir claramente seus termos, para que todas as partes interessadas</para>
</formalpara>
<itemizedlist>
<listitem>
<simpara>tenham um entendimento idêntico desses termos</simpara>
</listitem>
<listitem>
<simpara>não usem sinônimos e homônimos</simpara>
</listitem>
</itemizedlist>

<simpara>Uma tabela com colunas &lt;Termo&gt; e &lt;Definição&gt;.</simpara>
<simpara>Possivelmente mais colunas, caso precise de traduções.</simpara>
<simpara>Veja <ulink url="https://docs.arc42.org/section-12/">Glossary</ulink> na documentação do arc42.</simpara>
</sidebar>

<informaltable frame="all"
    rowsep="1" colsep="1">
  
  <tgroup cols="2">
    
    <colspec colname="col_1" colwidth="33*"/>
    
    <colspec colname="col_2" colwidth="66*"/>
    
    
    <thead>
      
      <row>
        
        <entry align="left" valign="top">Termo</entry>
        
        <entry align="left" valign="top">Definição</entry>
        
      </row>
      
    </thead>
    
    <tbody>
      
      <row>
        
        <entry align="left" valign="top"><simpara><emphasis>&lt;Termo-1&gt;</emphasis></simpara></entry>
        
        <entry align="left" valign="top"><simpara><emphasis>&lt;definição-1&gt;</emphasis></simpara></entry>
        
      </row>
      
      <row>
        
        <entry align="left" valign="top"><simpara><emphasis>&lt;Termo-2&gt;</emphasis></simpara></entry>
        
        <entry align="left" valign="top"><simpara><emphasis>&lt;definição-2&gt;</emphasis></simpara></entry>
        
      </row>
      
    </tbody>
    
  </tgroup>
</informaltable>

</chapter>
</book>