<?xml version="1.0" encoding="UTF-8"?>
<!DOCTYPE book PUBLIC "-//OASIS//DTD DocBook XML V4.5//EN" "http://www.oasis-open.org/docbook/xml/4.5/docbookx.dtd">
<?asciidoc-toc?>
<?asciidoc-numbered?>
<book xmlns="http://docbook.org/ns/docbook" lang="en">
<bookinfo>
<title><inlinemediaobject>
  <imageobject>
    <imagedata fileref="images/arc42-logo.png"/>
  </imageobject>
  <textobject><phrase>arc42</phrase></textobject>
</inlinemediaobject> Шаблон</title>
<date>2021-02-22</date>



</bookinfo>
<preface>
<title></title>
<simpara><emphasis role="strong">Об arc42</emphasis></simpara>
<simpara role="lead">arc2, Шаблон для документирования системной
архитектуры и архитектуры решений.</simpara>
<simpara>Создатели: Dr. Gernot Starke, Dr. Peter Hruschka и контрибьюторы</simpara>
<simpara>Версия Шаблона: 7.0 RU (основан на asciidoc), Декабрь 2018</simpara>
<simpara>&#169;
Мы признаём, что в данном документе используются материалы
архитектурного шаблона arc42, <ulink url="http://www.arc42.de">http://www.arc42.de</ulink>.
Создатели: Dr. Peter Hruschka &amp; Dr. Gernot Starke</simpara>
<simpara><?asciidoc-hr?></simpara>

<simpara><?asciidoc-pagebreak?></simpara>

</preface>

<chapter id="section-introduction-and-goals">
<title>Введение и цели</title>
<section id="_">
<title>Обзор требований</title>

</section>
<section id="__2">
<title>Качественные цели архитектуры</title>

</section>
<section id="__3">
<title>Ключевые участники (стейкхолдеры)</title>
<informaltable frame="all"
    rowsep="1" colsep="1">
  
  <tgroup cols="3">
    
    <colspec colname="col_1" colwidth="20*"/>
    
    <colspec colname="col_2" colwidth="40*"/>
    
    <colspec colname="col_3" colwidth="40*"/>
    
    
    <thead>
      
      <row>
        
        <entry align="left" valign="top">Роль/Имя</entry>
        
        <entry align="left" valign="top">Контактные данные</entry>
        
        <entry align="left" valign="top">Ожидания</entry>
        
      </row>
      
    </thead>
    
    <tbody>
      
      <row>
        
        <entry align="left" valign="top"><simpara><emphasis>&lt;Роль-1&gt;</emphasis></simpara></entry>
        
        <entry align="left" valign="top"><simpara><emphasis>&lt;Контактные данные-1</emphasis>&gt;</simpara></entry>
        
        <entry align="left" valign="top"><simpara><emphasis>&lt;Ожидание-1&gt;</emphasis></simpara></entry>
        
      </row>
      
      <row>
        
        <entry align="left" valign="top"><simpara><emphasis>&lt;Роль-2&gt;</emphasis></simpara></entry>
        
        <entry align="left" valign="top"><simpara><emphasis>&lt;Контактные данные-2&gt;</emphasis></simpara></entry>
        
        <entry align="left" valign="top"><simpara><emphasis>&lt;Ожидание-2&gt;</emphasis></simpara></entry>
        
      </row>
      
    </tbody>
    
  </tgroup>
</informaltable>

<simpara><?asciidoc-pagebreak?></simpara>

</section>
</chapter>
<chapter id="section-architecture-constraints">
<title>Архитектурные ограничения</title>
<simpara><?asciidoc-pagebreak?></simpara>

</chapter>
<chapter id="section-system-scope-and-context">
<title>Границы и окружение системы</title>
<section id="__4">
<title>Бизнес контекст</title>
<simpara><emphasis role="strong">&lt;Диаграмма или таблица&gt;</emphasis></simpara>
<simpara><emphasis role="strong">&lt;Опционально: Описание внешних доменных интерфейсов&gt;</emphasis></simpara>
</section>
<section id="__5">
<title>Технический контекст</title>
<simpara><emphasis role="strong">&lt;Диаграмма или таблица&gt;</emphasis></simpara>
<simpara><emphasis role="strong">&lt;Опционально: Подробное объяснение технических интерфейсов&gt;</emphasis></simpara>
<simpara><emphasis role="strong">&lt;Отображение входных и выходных данных на каналы передачи данных&gt;</emphasis></simpara>
<simpara><?asciidoc-pagebreak?></simpara>

</section>
</chapter>
<chapter id="section-solution-strategy">
<title>Стратегия решения</title>
<simpara><?asciidoc-pagebreak?></simpara>

</chapter>
<chapter id="section-building-block-view">
<title>Компонентное представление</title>
<section id="__6">
<title>Верхнеуровневая компонентная схема системы</title>
<sidebar>
<simpara>В этом разделе вы описывается верхнеуровневую декомпозицию системы на компоненты. Описание включает в себя</simpara>
<itemizedlist>
<listitem>
<simpara>обзорную диаграмму</simpara>
</listitem>
<listitem>
<simpara>мотивацию декомпозиции</simpara>
</listitem>
<listitem>
<simpara>краткое описание компонентов, содержащихся на диаграмме. Варианты реализации:</simpara>
<itemizedlist>
<listitem>
<simpara>использовать <emphasis>одну</emphasis> таблицу, в которой кратко и прагматично описать все компоненты в виде черных ящиков и их интерфейсы</simpara>
</listitem>
<listitem>
<simpara>изложить описание компонентов в виде списка, соответствующего шаблону описания компонентов (см. ниже).
В зависимости от выбранного инструментария, этот список может быть подглавами (для текстовых файлов), отдельными вложенными страницами (Wiki) или просто вложенными элементами (в терминах инструмента моделирования).</simpara>
</listitem>
</itemizedlist>

</listitem>
<listitem>
<simpara>(опционально): описание основных интерфейсов, которые не указаны в шаблоне описания компонента, но крайне важны для понимания общей компонентной схемы.
Так как существует огромное количество возможных способов описания интерфейсов, мы не приводим для них какого-то определённого шаблона.
В худшем случае вам придётся описать синтаксис, семантику, протоколы, обработку ошибок, ограничения, версии, атрибуты качества, требования совместимости и многое многое другое.
В лучшем же случае можно ограничиться примерами или простыми описаниями сигнатур.</simpara>
</listitem>
</itemizedlist>

</sidebar>

<simpara><emphasis><emphasis role="strong">&lt;Обзорная диаграмма&gt;</emphasis></emphasis></simpara>
<simpara>Мотивация декомпозиции:
<emphasis>&lt;Текстовое описание&gt;</emphasis></simpara>
<variablelist>
<varlistentry>
<term>Компоненты</term>
<listitem>
<simpara><emphasis>&lt;Описание содержащихся на схеме "черных ящиков"&gt;</emphasis></simpara>
</listitem>
</varlistentry>
<varlistentry>
<term>Основные интерфейсы</term>
<listitem>
<simpara><emphasis>&lt;писание основных интерфейсов&gt;</emphasis></simpara>
</listitem>
</varlistentry>
</variablelist>

<section id="__1">
<title>&lt;Черный ящик 1&gt;</title>
<simpara><emphasis>&lt;Назначение/область ответственности&gt;</emphasis></simpara>
<simpara><emphasis>&lt;Интерфейс(ы)&gt;</emphasis></simpara>
<simpara><emphasis>&lt;(Опционально) Характеристики качества/производительности&gt;</emphasis></simpara>
<simpara><emphasis>&lt;(Опционально) Каталог/пакет/репозиторий/местоположение файла компонента&gt;</emphasis></simpara>
<simpara><emphasis>&lt;(Опционально) Закрытые требования&gt;</emphasis></simpara>
<simpara><emphasis>&lt;(Опционально) Открытые вопросы/проблемы/риски&gt;</emphasis></simpara>
</section>
<section id="__2_2">
<title>&lt;Черный ящик 2&gt;</title>
<simpara><emphasis>&lt;Шаблон описания черного ящика&gt;</emphasis></simpara>
</section>
<section id="__n">
<title>&lt;Черный ящик n&gt;</title>
<simpara><emphasis>&lt;Шаблон описания черного ящика&gt;</emphasis></simpara>
</section>
<section id="__1_2">
<title>&lt;Название интерфейса 1&gt;</title>
<simpara>&#8230;</simpara>
</section>
<section id="__m">
<title>&lt;Название интерфейса m&gt;</title>

</section>
</section>
<section id="__2_3">
<title>Уровень 2</title>
<section id="__1_3">
<title>Детализация компонента 1</title>

</section>
<section id="__2_4">
<title>Детализация компонента 2</title>
<sidebar>
<simpara>&#8230;детализированное описание внутренней структуры <emphasis>компонента 2</emphasis></simpara>
</sidebar>

<simpara>&#8230;</simpara>
</section>
<section id="__m_2">
<title>Детализация компонента m</title>
<sidebar>
<simpara>&#8230;детализированное описание внутренней структуры <emphasis>компонента m</emphasis></simpara>
</sidebar>

</section>
</section>
<section id="__3_2">
<title>Уровень 3</title>
<section id="__x_1">
<title>Детализация элемента &lt;_компонент x.1_&gt;</title>
<simpara><emphasis>&lt;Шаблон описания компонента&gt;</emphasis></simpara>
</section>
<section id="__x_2">
<title>Детализация элемента &lt;_компонент x.2_&gt;</title>
<simpara><emphasis>&lt;Шаблон описания компонента&gt;</emphasis></simpara>
</section>
<section id="__x_2_2">
<title>Детализация элемента &lt;_компонент x.2_&gt;</title>
<simpara><emphasis>&lt;Шаблон описания компонента&gt;</emphasis></simpara>
<simpara><?asciidoc-pagebreak?></simpara>

</section>
</section>
</chapter>
<chapter id="section-runtime-view">
<title>Динамическое представление</title>
<section id="__1_4">
<title>Сценарий 1</title>
<itemizedlist>
<listitem>
<simpara><emphasis>&lt;вставьте диаграмму или текстовое описание сценария&gt;</emphasis></simpara>
</listitem>
<listitem>
<simpara><emphasis>&lt;вставье описание важных аспектов взаимодействия экзепляров компонент, представленных на этой схеме&gt;</emphasis></simpara>
</listitem>
</itemizedlist>

</section>
<section id="__2_5">
<title>Сценарий 2</title>

</section>
<section id="__7">
<title>&#8230;</title>

</section>
<section id="__n_2">
<title>Сценарий n</title>
<simpara><?asciidoc-pagebreak?></simpara>

</section>
</chapter>
<chapter id="section-deployment-view">
<title>Схема развёртывания</title>
<section id="__1_5">
<title>Инфраструктурный уровень 1</title>
<simpara><emphasis><emphasis role="strong">&lt;Обзорная диаграмма&gt;</emphasis></emphasis></simpara>
<variablelist>
<varlistentry>
<term>Мотивация</term>
<listitem>
<simpara><emphasis>&lt;Разъяснения в текстовой форме&gt;</emphasis></simpara>
</listitem>
</varlistentry>
<varlistentry>
<term>Характеристики качества и/или производительности</term>
<listitem>
<simpara><emphasis>&lt;Разъяснения в текстовой форме&gt;</emphasis></simpara>
</listitem>
</varlistentry>
<varlistentry>
<term>Отображение компонентов системы на инфраструктуру</term>
<listitem>
<simpara><emphasis>&lt;Описание отображения&gt;</emphasis></simpara>
</listitem>
</varlistentry>
</variablelist>

</section>
<section id="__2_6">
<title>Инфраструктурный уровень 2</title>
<section id="__emphasis_1_emphasis">
<title><emphasis>&lt;Инфраструктурный элемент 1&gt;</emphasis></title>
<simpara><emphasis>&lt;Диаграмма и описание&gt;</emphasis></simpara>
</section>
<section id="__emphasis_2_emphasis">
<title><emphasis>&lt;Инфраструктурный элемент 2&gt;</emphasis></title>
<simpara><emphasis>&lt;Диаграмма и описание&gt;</emphasis></simpara>
<simpara>&#8230;</simpara>
</section>
<section id="__emphasis_n_emphasis">
<title><emphasis>&lt;Инфраструктурный элемент n&gt;</emphasis></title>
<simpara><emphasis>&lt;Диаграмма и описание&gt;</emphasis></simpara>
<simpara><?asciidoc-pagebreak?></simpara>

</section>
</section>
</chapter>
<chapter id="section-concepts">
<title>Перекрёстные концепции</title>
<section id="__emphasis_1_emphasis_2">
<title><emphasis>&lt;Концепция 1&gt;</emphasis></title>
<simpara><emphasis>&lt;Пояснения&gt;</emphasis></simpara>
</section>
<section id="__emphasis_2_emphasis_2">
<title><emphasis>&lt;Концепция 2&gt;</emphasis></title>
<simpara><emphasis>&lt;Пояснения&gt;</emphasis></simpara>
<simpara>&#8230;</simpara>
</section>
<section id="__emphasis_n_emphasis_2">
<title><emphasis>&lt;Концепция n&gt;</emphasis></title>
<simpara><emphasis>&lt;Пояснения&gt;</emphasis></simpara>
<simpara><?asciidoc-pagebreak?></simpara>

</section>
</chapter>
<chapter id="section-design-decisions">
<title>Архитектурные и дизайн решения</title>
<simpara><?asciidoc-pagebreak?></simpara>

</chapter>
<chapter id="section-quality-scenarios">
<title>Требования к атрибутам качества</title>
<section id="__8">
<title>Дерево атрибутов качества</title>

</section>
<section id="__9">
<title>Сценарии проверки атрибутов качества</title>
<simpara><?asciidoc-pagebreak?></simpara>

</section>
</chapter>
<chapter id="section-technical-risks">
<title>Риски и технический долг</title>
<simpara><?asciidoc-pagebreak?></simpara>

</chapter>
<chapter id="section-glossary">
<title>Словарь</title>
<informaltable frame="all"
    rowsep="1" colsep="1">
  
  <tgroup cols="2">
    
    <colspec colname="col_1" colwidth="33*"/>
    
    <colspec colname="col_2" colwidth="66*"/>
    
    
    <thead>
      
      <row>
        
        <entry align="left" valign="top">Термин</entry>
        
        <entry align="left" valign="top">Определение</entry>
        
      </row>
      
    </thead>
    
    <tbody>
      
      <row>
        
        <entry align="left" valign="top"><simpara><emphasis>&lt;Термин-1&gt;</emphasis></simpara></entry>
        
        <entry align="left" valign="top"><simpara><emphasis>&lt;Определение-1&gt;</emphasis></simpara></entry>
        
      </row>
      
      <row>
        
        <entry align="left" valign="top"><simpara><emphasis>&lt;Термин-2&gt;</emphasis></simpara></entry>
        
        <entry align="left" valign="top"><simpara><emphasis>&lt;Определение-2&gt;</emphasis></simpara></entry>
        
      </row>
      
    </tbody>
    
  </tgroup>
</informaltable>

</chapter>
</book>