<?xml version="1.0" encoding="UTF-8"?>
<?asciidoc-toc?>
<?asciidoc-numbered?>
<book xmlns="http://docbook.org/ns/docbook" xmlns:xl="http://www.w3.org/1999/xlink" version="5.0" xml:lang="en">
<info>
<title><inlinemediaobject>
<imageobject>
<imagedata fileref="images/arc42-logo.png"/>
</imageobject>
<textobject><phrase>arc42</phrase></textobject>
</inlinemediaobject> Шаблон</title>
<date>Январь 2023</date>
<revhistory>
<revision>
<revnumber>8.2-RU</revnumber>
<date>Январь 2023</date>
<revremark>(основана на версии AsciiDoc)</revremark>
</revision>
</revhistory>
</info>
<preface>
<title></title>
<simpara><emphasis role="strong">Об arc42</emphasis></simpara>
<simpara role="lead">arc42, шаблон для документации программного обеспечения и системной архитектуры.</simpara>
<simpara>Версия шаблона 8.2-RU. (основана на версии AsciiDoc), Январь 2023</simpara>
<simpara>Создано и поддерживается &#169; доктором Петером Хрушкой, доктором Гернотом Старке и другими участниками.
Смотри <link xl:href="https://arc42.org">https://arc42.org</link>.</simpara>
<simpara><?asciidoc-hr?></simpara>
<simpara><?asciidoc-pagebreak?></simpara>
</preface>
<chapter xml:id="section-introduction-and-goals">
<title>Введение и цели</title>
<section xml:id="_обзор_требований">
<title>Обзор требований</title>

</section>
<section xml:id="_цели_по_качеству">
<title>Цели по качеству</title>

</section>
<section xml:id="_заинтересованные_стороны">
<title>Заинтересованные стороны</title>
<informaltable frame="all" rowsep="1" colsep="1">
<tgroup cols="3">
<colspec colname="col_1" colwidth="20*"/>
<colspec colname="col_2" colwidth="40*"/>
<colspec colname="col_3" colwidth="40*"/>
<thead>
<row>
<entry align="left" valign="top">Роль/Имя</entry>
<entry align="left" valign="top">Контактные данные</entry>
<entry align="left" valign="top">Ожидания</entry>
</row>
</thead>
<tbody>
<row>
<entry align="left" valign="top"><simpara><emphasis>&lt;Роль-1&gt;</emphasis></simpara></entry>
<entry align="left" valign="top"><simpara><emphasis>&lt;Контактные-данные-1&gt;</emphasis></simpara></entry>
<entry align="left" valign="top"><simpara><emphasis>&lt;Ожидания-1&gt;</emphasis></simpara></entry>
</row>
<row>
<entry align="left" valign="top"><simpara><emphasis>&lt;Роль-2&gt;</emphasis></simpara></entry>
<entry align="left" valign="top"><simpara><emphasis>&lt;Контактные-данные-2&gt;</emphasis></simpara></entry>
<entry align="left" valign="top"><simpara><emphasis>&lt;Ожидания-2&gt;</emphasis></simpara></entry>
</row>
</tbody>
</tgroup>
</informaltable>
<simpara><?asciidoc-pagebreak?></simpara>
</section>
</chapter>
<chapter xml:id="section-architecture-constraints">
<title>Архитектурные ограничения</title>
<simpara><?asciidoc-pagebreak?></simpara>
</chapter>
<chapter xml:id="section-context-and-scope">
<title>Контекст и рамки</title>
<section xml:id="_бизнес_контекст">
<title>Бизнес контекст</title>
<simpara><emphasis role="strong">&lt;Диаграмма или таблица&gt;</emphasis></simpara>
<simpara><emphasis role="strong">&lt;необязательно: объяснение внешних доменных интерфейсов&gt;</emphasis></simpara>
</section>
<section xml:id="_технический_контекст">
<title>Технический контекст</title>
<simpara><emphasis role="strong">&lt;Диаграмма или таблица&gt;</emphasis></simpara>
<simpara><emphasis role="strong">&lt;необязательно: Пояснения к техническим интерфейсам&gt;</emphasis></simpara>
<simpara><emphasis role="strong">&lt;Сопоставление ввода/вывода с каналами&gt;</emphasis></simpara>
<simpara><?asciidoc-pagebreak?></simpara>
</section>
</chapter>
<chapter xml:id="section-solution-strategy">
<title>Стратегия решения</title>
<simpara><?asciidoc-pagebreak?></simpara>
</chapter>
<chapter xml:id="section-building-block-view">
<title>Представление строительных блоков</title>
<section xml:id="_система_в_общем_белый_ящик">
<title>Система в общем («белый ящик»)</title>
<simpara><emphasis><emphasis role="strong">&lt;Обзорная диаграмма&gt;</emphasis></emphasis></simpara>
<variablelist>
<varlistentry>
<term>Мотивация</term>
<listitem>
<simpara><emphasis>&lt;текстовое объяснение&gt;</emphasis></simpara>
</listitem>
</varlistentry>
<varlistentry>
<term>Содержащиеся строительные блоки</term>
<listitem>
<simpara><emphasis>&lt;Описание строительных блоков (черные ящики)&gt;</emphasis></simpara>
</listitem>
</varlistentry>
<varlistentry>
<term>Важные интерфейсы</term>
<listitem>
<simpara><emphasis>&lt;Описание важных интерфейсов&gt;</emphasis></simpara>
</listitem>
</varlistentry>
</variablelist>
<section xml:id="_название_черного_ящика_1">
<title>&lt;Название черного ящика 1&gt;</title>
<simpara><emphasis>&lt;Цель/обязанности&gt;</emphasis></simpara>
<simpara><emphasis>&lt;Интерфейс(ы)&gt;</emphasis></simpara>
<simpara><emphasis>&lt;(Необязательно) Характеристики качества/производительности&gt;</emphasis></simpara>
<simpara><emphasis>&lt;(Необязательно) Папка/Расположение файла&gt;</emphasis></simpara>
<simpara><emphasis>&lt;(Необязательно) Выполненные требования&gt;</emphasis></simpara>
<simpara><emphasis>&lt;(необязательно) Открытые проблемы/проблемы/риски&gt;</emphasis></simpara>
</section>
<section xml:id="_название_черного_ящика_2">
<title>&lt;Название черного ящика 2&gt;</title>
<simpara><emphasis>&lt;шаблон черного ящика&gt;</emphasis></simpara>
</section>
<section xml:id="_название_черного_ящика_n">
<title>&lt;Название черного ящика n&gt;</title>
<simpara><emphasis>&lt;шаблон черного ящика&gt;</emphasis></simpara>
</section>
<section xml:id="_название_интерфейса_1">
<title>&lt;Название интерфейса 1&gt;</title>
<simpara>&#8230;&#8203;</simpara>
</section>
<section xml:id="_название_интерфейса_m">
<title>&lt;Название интерфейса m&gt;</title>

</section>
</section>
<section xml:id="_уровень_2">
<title>Уровень 2</title>
<section xml:id="_белый_ящик_строительный_блок_1">
<title>Белый ящик <emphasis>&lt;строительный блок 1&gt;</emphasis></title>
<simpara><emphasis>&lt;шаблон белого ящика&gt;</emphasis></simpara>
</section>
<section xml:id="_белый_ящик_строительный_блок_2">
<title>Белый ящик <emphasis>&lt;строительный блок 2&gt;</emphasis></title>
<simpara><emphasis>&lt;шаблон белого ящика&gt;</emphasis></simpara>
<simpara>&#8230;&#8203;</simpara>
</section>
<section xml:id="_белый_ящик_строительный_блок_m">
<title>Белый ящик <emphasis>&lt;строительный блок m&gt;</emphasis></title>
<simpara><emphasis>&lt;шаблон белого ящика&gt;</emphasis></simpara>
</section>
</section>
<section xml:id="_уровень_3">
<title>Уровень 3</title>
<section xml:id="_белый_ящик_строительный_блок_x_1">
<title>Белый ящик &lt;_строительный блок x.1_&gt;</title>
<simpara><emphasis>&lt;шаблон белого ящика&gt;</emphasis></simpara>
</section>
<section xml:id="_белый_ящик_строительный_блок_x_2">
<title>Белый ящик &lt;_строительный блок x.2_&gt;</title>
<simpara><emphasis>&lt;шаблон белого ящика&gt;</emphasis></simpara>
</section>
<section xml:id="_белый_ящик_строительный_блок_y_1">
<title>Белый ящик &lt;_строительный блок y.1_&gt;</title>
<simpara><emphasis>&lt;шаблон белого ящика&gt;</emphasis></simpara>
<simpara><?asciidoc-pagebreak?></simpara>
</section>
</section>
</chapter>
<chapter xml:id="section-runtime-view">
<title>Представление времени выполнения</title>
<section xml:id="_сценарий_времени_выполнения_1">
<title>&lt;Сценарий времени выполнения 1&gt;</title>
<itemizedlist>
<listitem>
<simpara><emphasis>&lt;вставьте диаграмму выполнения или текстовое описание сценария&gt;</emphasis></simpara>
</listitem>
<listitem>
<simpara><emphasis>&lt;вставьте описание важных аспектов взаимодействия между экземплярами стандартных блоков, изображенных на этой диаграмме.&gt;</emphasis></simpara>
</listitem>
</itemizedlist>
</section>
<section xml:id="_сценарий_времени_выполнения_2">
<title>&lt;Сценарий времени выполнения 2&gt;</title>

</section>
<section xml:id="">
<title>&#8230;&#8203;</title>

</section>
<section xml:id="_сценарий_времени_выполнения_n">
<title>&lt;Сценарий времени выполнения n&gt;</title>
<simpara><?asciidoc-pagebreak?></simpara>
</section>
</chapter>
<chapter xml:id="section-deployment-view">
<title>Представления развертывания</title>
<section xml:id="_инфраструктурный_уровень_1">
<title>Инфраструктурный уровень 1</title>
<simpara><emphasis><emphasis role="strong">&lt;Обзорная диаграмма&gt;</emphasis></emphasis></simpara>
<variablelist>
<varlistentry>
<term>Мотивация</term>
<listitem>
<simpara><emphasis>&lt;объяснение в текстовом виде&gt;</emphasis></simpara>
</listitem>
</varlistentry>
<varlistentry>
<term>Характеристики качества и/или производительности</term>
<listitem>
<simpara><emphasis>&lt;объяснение в текстовом виде&gt;</emphasis></simpara>
</listitem>
</varlistentry>
<varlistentry>
<term>Сопоставление строительных блоков с инфраструктурой</term>
<listitem>
<simpara><emphasis>&lt;описание сопоставления&gt;</emphasis></simpara>
</listitem>
</varlistentry>
</variablelist>
</section>
<section xml:id="_инфраструктурный_уровень_2">
<title>Инфраструктурный уровень 2</title>
<section xml:id="_инфраструктурный_элемент_1">
<title><emphasis>&lt;Инфраструктурный элемент 1&gt;</emphasis></title>
<simpara><emphasis>&lt;диаграмма + объяснение&gt;</emphasis></simpara>
</section>
<section xml:id="_инфраструктурный_элемент_2">
<title><emphasis>&lt;Инфраструктурный элемент 2&gt;</emphasis></title>
<simpara><emphasis>&lt;диаграмма + объяснение&gt;</emphasis></simpara>
<simpara>&#8230;&#8203;</simpara>
</section>
<section xml:id="_инфраструктурный_элемент_n">
<title><emphasis>&lt;Инфраструктурный элемент n&gt;</emphasis></title>
<simpara><emphasis>&lt;диаграмма + объяснение&gt;</emphasis></simpara>
<simpara><?asciidoc-pagebreak?></simpara>
</section>
</section>
</chapter>
<chapter xml:id="section-concepts">
<title>Сквозные концепции</title>
<section xml:id="_концепция_1">
<title><emphasis>&lt;Концепция 1&gt;</emphasis></title>
<simpara><emphasis>&lt;объяснение&gt;</emphasis></simpara>
</section>
<section xml:id="_концепция_2">
<title><emphasis>&lt;Концепция 2&gt;</emphasis></title>
<simpara><emphasis>&lt;объяснение&gt;</emphasis></simpara>
<simpara>&#8230;&#8203;</simpara>
</section>
<section xml:id="_концепция_n">
<title><emphasis>&lt;Концепция n&gt;</emphasis></title>
<simpara><emphasis>&lt;объяснение&gt;</emphasis></simpara>
<simpara><?asciidoc-pagebreak?></simpara>
</section>
</chapter>
<chapter xml:id="section-design-decisions">
<title>Архитектурные решения</title>
<simpara><?asciidoc-pagebreak?></simpara>
</chapter>
<chapter xml:id="section-quality-scenarios">
<title>Требования к качеству</title>
<section xml:id="_дерево_качества">
<title>Дерево качества</title>

</section>
<section xml:id="_сценарии_качества">
<title>Сценарии качества</title>
<simpara><?asciidoc-pagebreak?></simpara>
</section>
</chapter>
<chapter xml:id="section-technical-risks">
<title>Риски и технический долг</title>
<simpara><?asciidoc-pagebreak?></simpara>
</chapter>
<chapter xml:id="section-glossary">
<title>Глоссарий</title>
<informaltable frame="all" rowsep="1" colsep="1">
<tgroup cols="2">
<colspec colname="col_1" colwidth="33.3333*"/>
<colspec colname="col_2" colwidth="66.6667*"/>
<thead>
<row>
<entry align="left" valign="top">Термин</entry>
<entry align="left" valign="top">Определение</entry>
</row>
</thead>
<tbody>
<row>
<entry align="left" valign="top"><simpara><emphasis>&lt;Термин-1&gt;</emphasis></simpara></entry>
<entry align="left" valign="top"><simpara><emphasis>&lt;определение-1&gt;</emphasis></simpara></entry>
</row>
<row>
<entry align="left" valign="top"><simpara><emphasis>&lt;Термин-2&gt;</emphasis></simpara></entry>
<entry align="left" valign="top"><simpara><emphasis>&lt;определение-2&gt;</emphasis></simpara></entry>
</row>
</tbody>
</tgroup>
</informaltable>
</chapter>
</book>